Rc files read:
  /etc/LatexMk
  latexmkrc
Latexmk: This is Latexmk, John Collins, 31 Jan. 2024. Version 4.83.
No existing .aux file, so I'll make a simple one, and require run of *latex.
Force everything to be remade.
Latexmk: applying rule 'pdflatex'...
Rule 'pdflatex':  Reasons for rerun
Category 'other':
  Rerun of 'pdflatex' forced or previously required:
    Reason or flag: 'go_mode'

------------
Run number 1 of rule 'pdflatex'
------------
------------
Running 'pdflatex -interaction=nonstopmode -file-line-error -synctex=1  -recorder --jobname="ch15rev" -output-directory="build-ch15rev"  "./ch15rev.tex"'
------------
This is pdfTeX, Version 3.141592653-2.6-1.40.25 (TeX Live 2023/Debian) (preloaded format=pdflatex)
 restricted \write18 enabled.
entering extended mode
(./ch15rev.tex
LaTeX2e <2023-11-01> patch level 1
L3 programming layer <2024-01-22>
(./main.tex (/usr/share/texlive/texmf-dist/tex/latex/base/book.cls
Document Class: book 2023/05/17 v1.4n Standard LaTeX document class
(/usr/share/texlive/texmf-dist/tex/latex/base/bk11.clo)) (./searchbook.sty
(/usr/share/texlive/texmf-dist/tex/latex/base/fontenc.sty)
(/usr/share/texlive/texmf-dist/tex/latex/base/inputenc.sty)
(/usr/share/texmf/tex/latex/lm/lmodern.sty)
(/usr/share/texlive/texmf-dist/tex/latex/base/textcomp.sty)
(/usr/share/texlive/texmf-dist/tex/latex/geometry/geometry.sty
(/usr/share/texlive/texmf-dist/tex/latex/graphics/keyval.sty)
(/usr/share/texlive/texmf-dist/tex/generic/iftex/ifvtex.sty
(/usr/share/texlive/texmf-dist/tex/generic/iftex/iftex.sty)))
(/usr/share/texlive/texmf-dist/tex/latex/microtype/microtype.sty
(/usr/share/texlive/texmf-dist/tex/latex/etoolbox/etoolbox.sty)
(/usr/share/texlive/texmf-dist/tex/latex/microtype/microtype-pdftex.def)
(/usr/share/texlive/texmf-dist/tex/latex/microtype/microtype.cfg))
(/usr/share/texlive/texmf-dist/tex/latex/emptypage/emptypage.sty)
(/usr/share/texlive/texmf-dist/tex/latex/tools/xspace.sty)
(/usr/share/texlive/texmf-dist/tex/latex/needspace/needspace.sty)
(/usr/share/texlive/texmf-dist/tex/latex/amsmath/amsmath.sty
For additional information on amsmath, use the `?' option.
(/usr/share/texlive/texmf-dist/tex/latex/amsmath/amstext.sty
(/usr/share/texlive/texmf-dist/tex/latex/amsmath/amsgen.sty))
(/usr/share/texlive/texmf-dist/tex/latex/amsmath/amsbsy.sty)
(/usr/share/texlive/texmf-dist/tex/latex/amsmath/amsopn.sty))
(/usr/share/texlive/texmf-dist/tex/latex/amsfonts/amssymb.sty
(/usr/share/texlive/texmf-dist/tex/latex/amsfonts/amsfonts.sty))
(/usr/share/texlive/texmf-dist/tex/latex/amscls/amsthm.sty)
(/usr/share/texlive/texmf-dist/tex/latex/mathtools/mathtools.sty
(/usr/share/texlive/texmf-dist/tex/latex/tools/calc.sty)
(/usr/share/texlive/texmf-dist/tex/latex/mathtools/mhsetup.sty))
(/usr/share/texlive/texmf-dist/tex/latex/tools/bm.sty)
(/usr/share/texlive/texmf-dist/tex/latex/xcolor/xcolor.sty
(/usr/share/texlive/texmf-dist/tex/latex/graphics-cfg/color.cfg)
(/usr/share/texlive/texmf-dist/tex/latex/graphics-def/pdftex.def)
(/usr/share/texlive/texmf-dist/tex/latex/graphics/mathcolor.ltx))
(/usr/share/texlive/texmf-dist/tex/latex/graphics/dvipsnam.def)
(/usr/share/texlive/texmf-dist/tex/latex/xcolor/svgnam.def)
(/usr/share/texlive/texmf-dist/tex/latex/colortbl/colortbl.sty
(/usr/share/texlive/texmf-dist/tex/latex/tools/array.sty))
(/usr/share/texlive/texmf-dist/tex/latex/graphics/graphicx.sty
(/usr/share/texlive/texmf-dist/tex/latex/graphics/graphics.sty
(/usr/share/texlive/texmf-dist/tex/latex/graphics/trig.sty)
(/usr/share/texlive/texmf-dist/tex/latex/graphics-cfg/graphics.cfg)))
(/usr/share/texlive/texmf-dist/tex/latex/pgf/frontendlayer/tikz.sty
(/usr/share/texlive/texmf-dist/tex/latex/pgf/basiclayer/pgf.sty
(/usr/share/texlive/texmf-dist/tex/latex/pgf/utilities/pgfrcs.sty
(/usr/share/texlive/texmf-dist/tex/generic/pgf/utilities/pgfutil-common.tex)
(/usr/share/texlive/texmf-dist/tex/generic/pgf/utilities/pgfutil-latex.def)
(/usr/share/texlive/texmf-dist/tex/generic/pgf/utilities/pgfrcs.code.tex
(/usr/share/texlive/texmf-dist/tex/generic/pgf/pgf.revision.tex)))
(/usr/share/texlive/texmf-dist/tex/latex/pgf/basiclayer/pgfcore.sty
(/usr/share/texlive/texmf-dist/tex/latex/pgf/systemlayer/pgfsys.sty
(/usr/share/texlive/texmf-dist/tex/generic/pgf/systemlayer/pgfsys.code.tex
(/usr/share/texlive/texmf-dist/tex/generic/pgf/utilities/pgfkeys.code.tex
(/usr/share/texlive/texmf-dist/tex/generic/pgf/utilities/pgfkeyslibraryfiltered
.code.tex)) (/usr/share/texlive/texmf-dist/tex/generic/pgf/systemlayer/pgf.cfg)
(/usr/share/texlive/texmf-dist/tex/generic/pgf/systemlayer/pgfsys-pdftex.def
(/usr/share/texlive/texmf-dist/tex/generic/pgf/systemlayer/pgfsys-common-pdf.de
f)))
(/usr/share/texlive/texmf-dist/tex/generic/pgf/systemlayer/pgfsyssoftpath.code.
tex)
(/usr/share/texlive/texmf-dist/tex/generic/pgf/systemlayer/pgfsysprotocol.code.
tex))
(/usr/share/texlive/texmf-dist/tex/generic/pgf/basiclayer/pgfcore.code.tex
(/usr/share/texlive/texmf-dist/tex/generic/pgf/math/pgfmath.code.tex
(/usr/share/texlive/texmf-dist/tex/generic/pgf/math/pgfmathutil.code.tex)
(/usr/share/texlive/texmf-dist/tex/generic/pgf/math/pgfmathparser.code.tex)
(/usr/share/texlive/texmf-dist/tex/generic/pgf/math/pgfmathfunctions.code.tex)
(/usr/share/texlive/texmf-dist/tex/generic/pgf/math/pgfmathfunctions.basic.code
.tex)
(/usr/share/texlive/texmf-dist/tex/generic/pgf/math/pgfmathfunctions.trigonomet
ric.code.tex)
(/usr/share/texlive/texmf-dist/tex/generic/pgf/math/pgfmathfunctions.random.cod
e.tex)
(/usr/share/texlive/texmf-dist/tex/generic/pgf/math/pgfmathfunctions.comparison
.code.tex)
(/usr/share/texlive/texmf-dist/tex/generic/pgf/math/pgfmathfunctions.base.code.
tex)
(/usr/share/texlive/texmf-dist/tex/generic/pgf/math/pgfmathfunctions.round.code
.tex)
(/usr/share/texlive/texmf-dist/tex/generic/pgf/math/pgfmathfunctions.misc.code.
tex)
(/usr/share/texlive/texmf-dist/tex/generic/pgf/math/pgfmathfunctions.integerari
thmetics.code.tex)
(/usr/share/texlive/texmf-dist/tex/generic/pgf/math/pgfmathcalc.code.tex)
(/usr/share/texlive/texmf-dist/tex/generic/pgf/math/pgfmathfloat.code.tex))
(/usr/share/texlive/texmf-dist/tex/generic/pgf/math/pgfint.code.tex)
(/usr/share/texlive/texmf-dist/tex/generic/pgf/basiclayer/pgfcorepoints.code.te
x)
(/usr/share/texlive/texmf-dist/tex/generic/pgf/basiclayer/pgfcorepathconstruct.
code.tex)
(/usr/share/texlive/texmf-dist/tex/generic/pgf/basiclayer/pgfcorepathusage.code
.tex)
(/usr/share/texlive/texmf-dist/tex/generic/pgf/basiclayer/pgfcorescopes.code.te
x)
(/usr/share/texlive/texmf-dist/tex/generic/pgf/basiclayer/pgfcoregraphicstate.c
ode.tex)
(/usr/share/texlive/texmf-dist/tex/generic/pgf/basiclayer/pgfcoretransformation
s.code.tex)
(/usr/share/texlive/texmf-dist/tex/generic/pgf/basiclayer/pgfcorequick.code.tex
)
(/usr/share/texlive/texmf-dist/tex/generic/pgf/basiclayer/pgfcoreobjects.code.t
ex)
(/usr/share/texlive/texmf-dist/tex/generic/pgf/basiclayer/pgfcorepathprocessing
.code.tex)
(/usr/share/texlive/texmf-dist/tex/generic/pgf/basiclayer/pgfcorearrows.code.te
x)
(/usr/share/texlive/texmf-dist/tex/generic/pgf/basiclayer/pgfcoreshade.code.tex
)
(/usr/share/texlive/texmf-dist/tex/generic/pgf/basiclayer/pgfcoreimage.code.tex
)
(/usr/share/texlive/texmf-dist/tex/generic/pgf/basiclayer/pgfcoreexternal.code.
tex)
(/usr/share/texlive/texmf-dist/tex/generic/pgf/basiclayer/pgfcorelayers.code.te
x)
(/usr/share/texlive/texmf-dist/tex/generic/pgf/basiclayer/pgfcoretransparency.c
ode.tex)
(/usr/share/texlive/texmf-dist/tex/generic/pgf/basiclayer/pgfcorepatterns.code.
tex)
(/usr/share/texlive/texmf-dist/tex/generic/pgf/basiclayer/pgfcorerdf.code.tex))
)
(/usr/share/texlive/texmf-dist/tex/generic/pgf/modules/pgfmoduleshapes.code.tex
) (/usr/share/texlive/texmf-dist/tex/generic/pgf/modules/pgfmoduleplot.code.tex
)
(/usr/share/texlive/texmf-dist/tex/latex/pgf/compatibility/pgfcomp-version-0-65
.sty)
(/usr/share/texlive/texmf-dist/tex/latex/pgf/compatibility/pgfcomp-version-1-18
.sty)) (/usr/share/texlive/texmf-dist/tex/latex/pgf/utilities/pgffor.sty
(/usr/share/texlive/texmf-dist/tex/latex/pgf/utilities/pgfkeys.sty
(/usr/share/texlive/texmf-dist/tex/generic/pgf/utilities/pgfkeys.code.tex))
(/usr/share/texlive/texmf-dist/tex/latex/pgf/math/pgfmath.sty
(/usr/share/texlive/texmf-dist/tex/generic/pgf/math/pgfmath.code.tex))
(/usr/share/texlive/texmf-dist/tex/generic/pgf/utilities/pgffor.code.tex))
(/usr/share/texlive/texmf-dist/tex/generic/pgf/frontendlayer/tikz/tikz.code.tex

(/usr/share/texlive/texmf-dist/tex/generic/pgf/libraries/pgflibraryplothandlers
.code.tex)
(/usr/share/texlive/texmf-dist/tex/generic/pgf/modules/pgfmodulematrix.code.tex
)
(/usr/share/texlive/texmf-dist/tex/generic/pgf/frontendlayer/tikz/libraries/tik
zlibrarytopaths.code.tex)))
(/usr/share/texlive/texmf-dist/tex/generic/pgf/libraries/pgflibraryarrows.meta.
code.tex)
(/usr/share/texlive/texmf-dist/tex/generic/pgf/frontendlayer/tikz/libraries/tik
zlibrarypositioning.code.tex)
(/usr/share/texlive/texmf-dist/tex/generic/pgf/frontendlayer/tikz/libraries/tik
zlibrarycalc.code.tex)
(/usr/share/texlive/texmf-dist/tex/generic/pgf/frontendlayer/tikz/libraries/tik
zlibraryshapes.geometric.code.tex
(/usr/share/texlive/texmf-dist/tex/generic/pgf/libraries/shapes/pgflibraryshape
s.geometric.code.tex))
(/usr/share/texlive/texmf-dist/tex/generic/pgf/frontendlayer/tikz/libraries/tik
zlibraryshapes.misc.code.tex
(/usr/share/texlive/texmf-dist/tex/generic/pgf/libraries/shapes/pgflibraryshape
s.misc.code.tex))
(/usr/share/texlive/texmf-dist/tex/generic/pgf/frontendlayer/tikz/libraries/tik
zlibraryshapes.arrows.code.tex
(/usr/share/texlive/texmf-dist/tex/generic/pgf/libraries/shapes/pgflibraryshape
s.arrows.code.tex))
(/usr/share/texlive/texmf-dist/tex/generic/pgf/frontendlayer/tikz/libraries/tik
zlibrarypatterns.code.tex
(/usr/share/texlive/texmf-dist/tex/generic/pgf/libraries/pgflibrarypatterns.cod
e.tex))
(/usr/share/texlive/texmf-dist/tex/generic/pgf/frontendlayer/tikz/libraries/tik
zlibrarydecorations.pathreplacing.code.tex
(/usr/share/texlive/texmf-dist/tex/generic/pgf/frontendlayer/tikz/libraries/tik
zlibrarydecorations.code.tex
(/usr/share/texlive/texmf-dist/tex/generic/pgf/modules/pgfmoduledecorations.cod
e.tex))
(/usr/share/texlive/texmf-dist/tex/generic/pgf/libraries/decorations/pgflibrary
decorations.pathreplacing.code.tex))
(/usr/share/texlive/texmf-dist/tex/generic/pgf/frontendlayer/tikz/libraries/tik
zlibrarydecorations.markings.code.tex
(/usr/share/texlive/texmf-dist/tex/generic/pgf/libraries/decorations/pgflibrary
decorations.markings.code.tex))
(/usr/share/texlive/texmf-dist/tex/generic/pgf/frontendlayer/tikz/libraries/tik
zlibrarydecorations.pathmorphing.code.tex
(/usr/share/texlive/texmf-dist/tex/generic/pgf/libraries/decorations/pgflibrary
decorations.pathmorphing.code.tex))
(/usr/share/texlive/texmf-dist/tex/generic/pgf/frontendlayer/tikz/libraries/tik
zlibrarymatrix.code.tex)
(/usr/share/texlive/texmf-dist/tex/generic/pgf/frontendlayer/tikz/libraries/tik
zlibrarybackgrounds.code.tex)
(/usr/share/texlive/texmf-dist/tex/generic/pgf/frontendlayer/tikz/libraries/tik
zlibraryfit.code.tex)
(/usr/share/texlive/texmf-dist/tex/generic/pgf/frontendlayer/tikz/libraries/tik
zlibrarychains.code.tex)
(/usr/share/texlive/texmf-dist/tex/generic/pgf/frontendlayer/tikz/libraries/tik
zlibraryintersections.code.tex
(/usr/share/texlive/texmf-dist/tex/generic/pgf/libraries/pgflibraryintersection
s.code.tex
(/usr/share/texlive/texmf-dist/tex/generic/pgf/libraries/pgflibraryfpu.code.tex
)))
(/usr/share/texlive/texmf-dist/tex/generic/pgf/frontendlayer/tikz/libraries/tik
zlibraryangles.code.tex)
(/usr/share/texlive/texmf-dist/tex/generic/pgf/frontendlayer/tikz/libraries/tik
zlibraryquotes.code.tex)
(/usr/share/texlive/texmf-dist/tex/generic/pgf/frontendlayer/tikz/libraries/tik
zlibrary3d.code.tex)
(/usr/share/texlive/texmf-dist/tex/generic/pgf/frontendlayer/tikz/libraries/tik
zlibrarytrees.code.tex)
(/usr/share/texlive/texmf-dist/tex/generic/pgf/frontendlayer/tikz/libraries/tik
zlibraryshadows.code.tex
(/usr/share/texlive/texmf-dist/tex/generic/pgf/frontendlayer/tikz/libraries/tik
zlibraryfadings.code.tex
(/usr/share/texlive/texmf-dist/tex/generic/pgf/libraries/pgflibraryfadings.code
.tex)))
(/usr/share/texlive/texmf-dist/tex/generic/pgf/frontendlayer/tikz/libraries/tik
zlibraryshapes.multipart.code.tex
(/usr/share/texlive/texmf-dist/tex/generic/pgf/libraries/shapes/pgflibraryshape
s.multipart.code.tex))
(/usr/share/texlive/texmf-dist/tex/latex/pgfplots/pgfplots.sty
(/usr/share/texlive/texmf-dist/tex/generic/pgfplots/pgfplots.revision.tex)
(/usr/share/texlive/texmf-dist/tex/generic/pgfplots/pgfplots.code.tex
(/usr/share/texlive/texmf-dist/tex/generic/pgfplots/pgfplotscore.code.tex
(/usr/share/texlive/texmf-dist/tex/generic/pgfplots/sys/pgfplotssysgeneric.code
.tex))
(/usr/share/texlive/texmf-dist/tex/generic/pgfplots/libs/pgfplotslibrary.code.t
ex)
(/usr/share/texlive/texmf-dist/tex/generic/pgfplots/oldpgfcompatib/pgfplotsoldp
gfsupp_loader.code.tex
Package pgfplots: loading complementary utilities for your pgf version...

(/usr/share/texlive/texmf-dist/tex/generic/pgfplots/oldpgfcompatib/pgfplotsoldp
gfsupp_pgfutil-common-lists.tex))
(/usr/share/texlive/texmf-dist/tex/generic/pgfplots/util/pgfplotsutil.code.tex
(/usr/share/texlive/texmf-dist/tex/generic/pgfplots/liststructure/pgfplotslists
tructure.code.tex)
(/usr/share/texlive/texmf-dist/tex/generic/pgfplots/liststructure/pgfplotslists
tructureext.code.tex)
(/usr/share/texlive/texmf-dist/tex/generic/pgfplots/liststructure/pgfplotsarray
.code.tex)
(/usr/share/texlive/texmf-dist/tex/generic/pgfplots/liststructure/pgfplotsmatri
x.code.tex)
(/usr/share/texlive/texmf-dist/tex/generic/pgfplots/numtable/pgfplotstableshare
d.code.tex)
(/usr/share/texlive/texmf-dist/tex/generic/pgfplots/liststructure/pgfplotsdeque
.code.tex)
(/usr/share/texlive/texmf-dist/tex/generic/pgfplots/util/pgfplotsbinary.code.te
x
(/usr/share/texlive/texmf-dist/tex/generic/pgfplots/util/pgfplotsbinary.data.co
de.tex))
(/usr/share/texlive/texmf-dist/tex/generic/pgfplots/util/pgfplotsutil.verb.code
.tex)
(/usr/share/texlive/texmf-dist/tex/generic/pgfplots/libs/pgflibrarypgfplots.sur
fshading.code.tex
(/usr/share/texlive/texmf-dist/tex/generic/pgfplots/sys/pgflibrarypgfplots.surf
shading.pgfsys-pdftex.def)))
(/usr/share/texlive/texmf-dist/tex/generic/pgfplots/util/pgfplotscolormap.code.
tex
(/usr/share/texlive/texmf-dist/tex/generic/pgfplots/util/pgfplotscolor.code.tex
))
(/usr/share/texlive/texmf-dist/tex/generic/pgfplots/pgfplotsstackedplots.code.t
ex)
(/usr/share/texlive/texmf-dist/tex/generic/pgfplots/pgfplotsplothandlers.code.t
ex
(/usr/share/texlive/texmf-dist/tex/generic/pgfplots/pgfplotsmeshplothandler.cod
e.tex
(/usr/share/texlive/texmf-dist/tex/generic/pgfplots/pgfplotsmeshplotimage.code.
tex)))
(/usr/share/texlive/texmf-dist/tex/generic/pgfplots/pgfplots.scaling.code.tex)
(/usr/share/texlive/texmf-dist/tex/generic/pgfplots/pgfplotscoordprocessing.cod
e.tex)
(/usr/share/texlive/texmf-dist/tex/generic/pgfplots/pgfplots.errorbars.code.tex
) (/usr/share/texlive/texmf-dist/tex/generic/pgfplots/pgfplots.markers.code.tex
) (/usr/share/texlive/texmf-dist/tex/generic/pgfplots/pgfplotsticks.code.tex)
(/usr/share/texlive/texmf-dist/tex/generic/pgfplots/pgfplots.paths.code.tex)
(/usr/share/texlive/texmf-dist/tex/generic/pgfplots/libs/tikzlibrarypgfplots.co
ntourlua.code.tex))
(/usr/share/texlive/texmf-dist/tex/generic/pgf/frontendlayer/tikz/libraries/tik
zlibraryplotmarks.code.tex
(/usr/share/texlive/texmf-dist/tex/generic/pgf/libraries/pgflibraryplotmarks.co
de.tex)))
(/usr/share/texlive/texmf-dist/tex/generic/pgfplots/libs/tikzlibrarypgfplots.fi
llbetween.code.tex
(/usr/share/texlive/texmf-dist/tex/generic/pgfplots/pgfcontrib/tikzlibraryfillb
etween.code.tex
(/usr/share/texlive/texmf-dist/tex/generic/pgfplots/pgfcontrib/tikzlibrarydecor
ations.softclip.code.tex
(/usr/share/texlive/texmf-dist/tex/generic/pgfplots/pgfcontrib/pgflibraryfillbe
tween.code.tex)))
(/usr/share/texlive/texmf-dist/tex/generic/pgfplots/libs/tikzlibrarypgfplots.de
corations.softclip.code.tex))
(/usr/share/texlive/texmf-dist/tex/generic/pgfplots/libs/tikzlibrarypgfplots.gr
oupplots.code.tex)
(/usr/share/texlive/texmf-dist/tex/generic/pgfplots/libs/tikzlibrarypgfplots.st
atistics.code.tex) (/usr/share/texlive/texmf-dist/tex/latex/float/float.sty)
(/usr/share/texlive/texmf-dist/tex/latex/placeins/placeins.sty)
(/usr/share/texlive/texmf-dist/tex/latex/caption/caption.sty
(/usr/share/texlive/texmf-dist/tex/latex/caption/caption3.sty))
(/usr/share/texlive/texmf-dist/tex/latex/caption/subcaption.sty)
(/usr/share/texlive/texmf-dist/tex/latex/booktabs/booktabs.sty)
(/usr/share/texlive/texmf-dist/tex/latex/tools/tabularx.sty)
(/usr/share/texlive/texmf-dist/tex/latex/multirow/multirow.sty)
(/usr/share/texlive/texmf-dist/tex/latex/tools/longtable.sty)
(/usr/share/texlive/texmf-dist/tex/latex/makecell/makecell.sty)
(/usr/share/texlive/texmf-dist/tex/latex/enumitem/enumitem.sty)
(/usr/share/texlive/texmf-dist/tex/latex/algorithm2e/algorithm2e.sty
(/usr/share/texlive/texmf-dist/tex/latex/base/ifthen.sty)
(/usr/share/texlive/texmf-dist/tex/latex/ifoddpage/ifoddpage.sty)
(/usr/share/texlive/texmf-dist/tex/latex/relsize/relsize.sty))
(/usr/share/texlive/texmf-dist/tex/latex/listings/listings.sty
(/usr/share/texlive/texmf-dist/tex/latex/listings/lstmisc.sty)
(/usr/share/texlive/texmf-dist/tex/latex/listings/listings.cfg))
(/usr/share/texlive/texmf-dist/tex/latex/listings/lstlang1.sty)
(/usr/share/texlive/texmf-dist/tex/latex/titlesec/titlesec.sty)
(/usr/share/texlive/texmf-dist/tex/latex/fancyhdr/fancyhdr.sty)
(/usr/share/texlive/texmf-dist/tex/latex/biblatex/biblatex.sty
(/usr/share/texlive/texmf-dist/tex/generic/pdftexcmds/pdftexcmds.sty
(/usr/share/texlive/texmf-dist/tex/generic/infwarerr/infwarerr.sty)
(/usr/share/texlive/texmf-dist/tex/generic/ltxcmds/ltxcmds.sty))
(/usr/share/texlive/texmf-dist/tex/latex/kvoptions/kvoptions.sty
(/usr/share/texlive/texmf-dist/tex/latex/kvsetkeys/kvsetkeys.sty))
(/usr/share/texlive/texmf-dist/tex/latex/logreq/logreq.sty
(/usr/share/texlive/texmf-dist/tex/latex/logreq/logreq.def))
(/usr/share/texlive/texmf-dist/tex/latex/url/url.sty)
(/usr/share/texlive/texmf-dist/tex/latex/biblatex/blx-dm.def)
(/usr/share/texlive/texmf-dist/tex/latex/biblatex/blx-compat.def)
(/usr/share/texlive/texmf-dist/tex/latex/biblatex/biblatex.def)
(/usr/share/texlive/texmf-dist/tex/latex/biblatex/bbx/numeric-comp.bbx
(/usr/share/texlive/texmf-dist/tex/latex/biblatex/bbx/numeric.bbx
(/usr/share/texlive/texmf-dist/tex/latex/biblatex/bbx/standard.bbx)))
(/usr/share/texlive/texmf-dist/tex/latex/biblatex/cbx/numeric-comp.cbx)
(/usr/share/texlive/texmf-dist/tex/latex/biblatex/biblatex.cfg)
(/usr/share/texlive/texmf-dist/tex/latex/l3kernel/expl3.sty
(/usr/share/texlive/texmf-dist/tex/latex/l3backend/l3backend-pdftex.def))
(/usr/share/texlive/texmf-dist/tex/latex/biblatex/blx-case-expl3.sty
(/usr/share/texlive/texmf-dist/tex/latex/l3packages/xparse/xparse.sty)))
(/usr/share/texlive/texmf-dist/tex/latex/imakeidx/imakeidx.sty
(/usr/share/texlive/texmf-dist/tex/latex/xkeyval/xkeyval.sty
(/usr/share/texlive/texmf-dist/tex/generic/xkeyval/xkeyval.tex
(/usr/share/texlive/texmf-dist/tex/generic/xkeyval/xkvutils.tex)))
(/usr/share/texlive/texmf-dist/tex/generic/iftex/ifxetex.sty)
(/usr/share/texlive/texmf-dist/tex/generic/iftex/ifluatex.sty)
(/usr/share/texlive/texmf-dist/tex/latex/tools/multicol.sty))
(/usr/share/texlive/texmf-dist/tex/latex/tcolorbox/tcolorbox.sty
(/usr/share/texlive/texmf-dist/tex/latex/tools/verbatim.sty)
(/usr/share/texlive/texmf-dist/tex/latex/environ/environ.sty
(/usr/share/texlive/texmf-dist/tex/latex/trimspaces/trimspaces.sty))
(/usr/share/texlive/texmf-dist/tex/latex/tcolorbox/tcbraster.code.tex
Library (tcolorbox): 'tcbraster.code.tex' version '6.2.0'
) (/usr/share/texlive/texmf-dist/tex/latex/tcolorbox/tcbskins.code.tex
Library (tcolorbox): 'tcbskins.code.tex' version '6.2.0'
(/usr/share/texlive/texmf-dist/tex/latex/tikzfill/tikzfill.image.sty
(/usr/share/texlive/texmf-dist/tex/latex/tikzfill/tikzfill-common.sty)
(/usr/share/texlive/texmf-dist/tex/latex/tikzfill/tikzlibraryfill.image.code.te
x)) (/usr/share/texlive/texmf-dist/tex/latex/tcolorbox/tcbskinsjigsaw.code.tex
Library (tcolorbox): 'tcbskinsjigsaw.code.tex' version '6.2.0'
)) (/usr/share/texlive/texmf-dist/tex/latex/tcolorbox/tcbbreakable.code.tex
Library (tcolorbox): 'tcbbreakable.code.tex' version '6.2.0'
(/usr/share/texlive/texmf-dist/tex/latex/pdfcol/pdfcol.sty))
(/usr/share/texlive/texmf-dist/tex/latex/tcolorbox/tcbhooks.code.tex
Library (tcolorbox): 'tcbhooks.code.tex' version '6.2.0'
) (/usr/share/texlive/texmf-dist/tex/latex/tcolorbox/tcbtheorems.code.tex
Library (tcolorbox): 'tcbtheorems.code.tex' version '6.2.0'
) (/usr/share/texlive/texmf-dist/tex/latex/tcolorbox/tcbfitting.code.tex
Library (tcolorbox): 'tcbfitting.code.tex' version '6.2.0'
) (/usr/share/texlive/texmf-dist/tex/latex/tcolorbox/tcblistingsutf8.code.tex
Library (tcolorbox): 'tcblistingsutf8.code.tex' version '6.2.0'
(/usr/share/texlive/texmf-dist/tex/latex/tcolorbox/tcblistings.code.tex
Library (tcolorbox): 'tcblistings.code.tex' version '6.2.0'
(/usr/share/texlive/texmf-dist/tex/latex/tcolorbox/tcblistingscore.code.tex
Library (tcolorbox): 'tcblistingscore.code.tex' version '6.2.0'
(/usr/share/texlive/texmf-dist/tex/latex/tcolorbox/tcbprocessing.code.tex
Library (tcolorbox): 'tcbprocessing.code.tex' version '6.2.0'
))) (/usr/share/texlive/texmf-dist/tex/latex/listingsutf8/listingsutf8.sty
(/usr/share/texlive/texmf-dist/tex/generic/stringenc/stringenc.sty
(/usr/share/texlive/texmf-dist/tex/generic/pdfescape/pdfescape.sty))))
(/usr/share/texlive/texmf-dist/tex/latex/tcolorbox/tcbexternal.code.tex
Library (tcolorbox): 'tcbexternal.code.tex' version '6.2.0'
) (/usr/share/texlive/texmf-dist/tex/latex/tcolorbox/tcbmagazine.code.tex
Library (tcolorbox): 'tcbmagazine.code.tex' version '6.2.0'
) (/usr/share/texlive/texmf-dist/tex/latex/tcolorbox/tcbvignette.code.tex
Library (tcolorbox): 'tcbvignette.code.tex' version '6.2.0'
) (/usr/share/texlive/texmf-dist/tex/latex/tcolorbox/tcbposter.code.tex
Library (tcolorbox): 'tcbposter.code.tex' version '6.2.0'
)) (/usr/share/texlive/texmf-dist/tex/latex/oberdiek/aliascnt.sty)
(/usr/share/texlive/texmf-dist/tex/latex/psnfss/pifont.sty
(/usr/share/texlive/texmf-dist/tex/latex/psnfss/upzd.fd)
(/usr/share/texlive/texmf-dist/tex/latex/psnfss/upsy.fd))
(/usr/share/texlive/texmf-dist/tex/latex/hyperref/hyperref.sty
(/usr/share/texlive/texmf-dist/tex/generic/kvdefinekeys/kvdefinekeys.sty)
(/usr/share/texlive/texmf-dist/tex/latex/hycolor/hycolor.sty)
(/usr/share/texlive/texmf-dist/tex/latex/auxhook/auxhook.sty)
(/usr/share/texlive/texmf-dist/tex/latex/hyperref/nameref.sty
(/usr/share/texlive/texmf-dist/tex/latex/refcount/refcount.sty)
(/usr/share/texlive/texmf-dist/tex/generic/gettitlestring/gettitlestring.sty))
(/usr/share/texlive/texmf-dist/tex/latex/hyperref/pd1enc.def)
(/usr/share/texlive/texmf-dist/tex/generic/intcalc/intcalc.sty)
(/usr/share/texlive/texmf-dist/tex/latex/hyperref/puenc.def)
(/usr/share/texlive/texmf-dist/tex/generic/bitset/bitset.sty
(/usr/share/texlive/texmf-dist/tex/generic/bigintcalc/bigintcalc.sty))
(/usr/share/texlive/texmf-dist/tex/latex/base/atbegshi-ltx.sty))
(/usr/share/texlive/texmf-dist/tex/latex/hyperref/hpdftex.def
(/usr/share/texlive/texmf-dist/tex/latex/base/atveryend-ltx.sty)
(/usr/share/texlive/texmf-dist/tex/latex/rerunfilecheck/rerunfilecheck.sty
(/usr/share/texlive/texmf-dist/tex/generic/uniquecounter/uniquecounter.sty)))
(/usr/share/texlive/texmf-dist/tex/latex/bookmark/bookmark.sty
(/usr/share/texlive/texmf-dist/tex/latex/bookmark/bkm-pdftex.def))
(/usr/share/texlive/texmf-dist/tex/latex/cleveref/cleveref.sty))
Writing index file ch15rev.idx
(/usr/share/texmf/tex/latex/lm/t1lmr.fd) (build-ch15rev/ch15rev.aux)
*geometry* driver: auto-detecting
*geometry* detected driver: pdftex
(/usr/share/texlive/texmf-dist/tex/latex/microtype/mt-cmr.cfg)
(/usr/share/texlive/texmf-dist/tex/context/base/mkii/supp-pdf.mkii
[Loading MPS to PDF converter (version 2006.09.02).]
) (/usr/share/texlive/texmf-dist/tex/latex/epstopdf-pkg/epstopdf-base.sty
(/usr/share/texlive/texmf-dist/tex/latex/latexconfig/epstopdf-sys.cfg))
Package pgfplots notification 'compat/show suggested version=true': document ha
s been generated with the most recent feature set (\pgfplotsset{compat=1.18}).

(/usr/share/texlive/texmf-dist/tex/latex/caption/ltcaption.sty)
(/usr/share/texlive/texmf-dist/tex/latex/biblatex/lbx/english.lbx)
No file ch15rev.bbl.
(./frontmatter/titlepage.tex (/usr/share/texmf/tex/latex/lm/t1lmss.fd) [1{/var/
lib/texmf/fonts/map/pdftex/updmap/pdftex.map}{/usr/share/texmf/fonts/enc/dvips/
lm/lm-ec.enc}]) (./frontmatter/copyright.tex
(/usr/share/texmf/tex/latex/lm/ot1lmr.fd)
(/usr/share/texmf/tex/latex/lm/omllmm.fd)
(/usr/share/texmf/tex/latex/lm/omslmsy.fd)
(/usr/share/texmf/tex/latex/lm/omxlmex.fd)
(/usr/share/texlive/texmf-dist/tex/latex/amsfonts/umsa.fd)
(/usr/share/texlive/texmf-dist/tex/latex/microtype/mt-msa.cfg)
(/usr/share/texlive/texmf-dist/tex/latex/amsfonts/umsb.fd)
(/usr/share/texlive/texmf-dist/tex/latex/microtype/mt-msb.cfg)
pdfTeX warning (ext4): destination with the same identifier (name{page.i}) has 
been already used, duplicate ignored
<to be read again> 
                   \relax 
l.24 \clearpage
                [1])
No file ch15rev.toc.
[2]
No file ch15rev.loa.
(./frontmatter/preface.tex [3]

LaTeX Warning: Reference `ch:appA' on page i undefined on input line 28.


LaTeX Warning: Reference `ch:appB' on page i undefined on input line 37.

(/usr/share/texmf/tex/latex/lm/ts1lmr.fd) [4{/usr/share/texmf/fonts/enc/dvips/l
m/lm-ts1.enc}]

LaTeX Warning: Reference `ch:ch01' on page i undefined on input line 64.


LaTeX Warning: Reference `ch:ch02' on page i undefined on input line 65.


LaTeX Warning: Reference `ch:ch03' on page i undefined on input line 68.


LaTeX Warning: Reference `ch:ch04' on page i undefined on input line 70.


LaTeX Warning: Reference `ch:ch05' on page i undefined on input line 71.


LaTeX Warning: Reference `ch:ch06' on page i undefined on input line 71.


LaTeX Warning: Reference `ch:ch07' on page i undefined on input line 73.


LaTeX Warning: Reference `ch:ch08' on page i undefined on input line 73.


LaTeX Warning: Reference `ch:ch09' on page i undefined on input line 74.


LaTeX Warning: Reference `ch:ch10' on page i undefined on input line 75.


LaTeX Warning: Reference `ch:ch11' on page i undefined on input line 76.


LaTeX Warning: Reference `ch:ch12' on page i undefined on input line 78.


LaTeX Warning: Reference `ch:ch13' on page i undefined on input line 78.


LaTeX Warning: Reference `ch:ch14' on page i undefined on input line 79.


LaTeX Warning: Reference `ch:ch15' on page i undefined on input line 80.


LaTeX Warning: Reference `ch:ch16' on page i undefined on input line 81.


LaTeX Warning: Reference `ch:ch17' on page i undefined on input line 82.


LaTeX Warning: Reference `ch:ch18' on page i undefined on input line 83.


LaTeX Warning: Reference `ch:ch19' on page i undefined on input line 84.


LaTeX Warning: Reference `ch:ch20' on page i undefined on input line 86.


LaTeX Warning: Reference `ch:ch21' on page i undefined on input line 88.


LaTeX Warning: Reference `ch:ch22' on page i undefined on input line 88.


LaTeX Warning: Reference `ch:ch23' on page i undefined on input line 89.


LaTeX Warning: Reference `ch:ch24' on page i undefined on input line 91.


LaTeX Warning: Reference `ch:ch25' on page i undefined on input line 91.


LaTeX Warning: Reference `ch:ch04' on page i undefined on input line 98.


LaTeX Warning: Reference `ch:ch05' on page i undefined on input line 98.


LaTeX Warning: Reference `ch:ch09' on page i undefined on input line 99.


LaTeX Warning: Reference `ch:ch07' on page i undefined on input line 99.


LaTeX Warning: Reference `ch:ch13' on page i undefined on input line 99.


LaTeX Warning: Reference `ch:ch12' on page i undefined on input line 99.


LaTeX Warning: Reference `ch:ch14' on page i undefined on input line 100.


LaTeX Warning: Reference `ch:ch17' on page i undefined on input line 100.


LaTeX Warning: Reference `ch:ch16' on page i undefined on input line 100.


LaTeX Warning: Reference `ch:ch21' on page i undefined on input line 101.


LaTeX Warning: Reference `ch:ch20' on page i undefined on input line 101.


LaTeX Warning: Reference `ch:ch24' on page i undefined on input line 102.


LaTeX Warning: Reference `ch:appC' on page i undefined on input line 118.

[5] (/usr/share/texmf/tex/latex/lm/t1lmtt.fd)) (./frontmatter/notation.tex
[6{/usr/share/texmf/fonts/enc/dvips/lm/lm-rm.enc}]
(/usr/share/texmf/tex/latex/lm/ot1lmss.fd)

LaTeX Warning: Reference `ch:ch02' on page i undefined on input line 60.


LaTeX Warning: Reference `ch:ch02' on page i undefined on input line 60.


LaTeX Warning: Reference `ch:ch02' on page i undefined on input line 60.


LaTeX Warning: Reference `ch:ch02' on page i undefined on input line 60.


LaTeX Warning: Reference `ch:ch02' on page i undefined on input line 60.


LaTeX Warning: Reference `ch:ch02' on page i undefined on input line 60.


LaTeX Warning: Reference `ch:ch02' on page i undefined on input line 60.


LaTeX Warning: Reference `ch:ch02' on page i undefined on input line 60.


LaTeX Warning: Reference `ch:ch02' on page i undefined on input line 60.


LaTeX Warning: Reference `ch:ch02' on page i undefined on input line 60.


LaTeX Warning: Reference `ch:ch18' on page i undefined on input line 60.


LaTeX Warning: Reference `ch:ch02' on page i undefined on input line 86.


LaTeX Warning: Reference `ch:ch02' on page i undefined on input line 86.


LaTeX Warning: Reference `ch:ch02' on page i undefined on input line 86.


LaTeX Warning: Reference `ch:ch03' on page i undefined on input line 86.


LaTeX Warning: Reference `ch:ch04' on page i undefined on input line 86.


LaTeX Warning: Reference `ch:ch02' on page i undefined on input line 86.


LaTeX Warning: Reference `ch:ch02' on page i undefined on input line 86.


LaTeX Warning: Reference `ch:ch03' on page i undefined on input line 86.


LaTeX Warning: Reference `ch:ch02' on page i undefined on input line 86.


LaTeX Warning: Reference `ch:ch02' on page i undefined on input line 86.


LaTeX Warning: Reference `ch:ch04' on page i undefined on input line 86.


LaTeX Warning: Reference `ch:ch04' on page i undefined on input line 86.


LaTeX Warning: Reference `ch:ch04' on page i undefined on input line 86.


LaTeX Warning: Reference `ch:ch03' on page i undefined on input line 86.


LaTeX Warning: Reference `ch:ch10' on page i undefined on input line 86.


LaTeX Warning: Reference `ch:ch04' on page i undefined on input line 86.


LaTeX Warning: Reference `ch:ch06' on page i undefined on input line 86.


LaTeX Warning: Reference `ch:ch05' on page i undefined on input line 86.


LaTeX Warning: Reference `ch:ch05' on page i undefined on input line 86.

[7{/usr/share/texmf/fonts/enc/dvips/lm/lm-mathit.enc}{/usr/share/texmf/fonts/en
c/dvips/lm/lm-mathsy.enc}]

LaTeX Warning: Reference `ch:ch07' on page i undefined on input line 109.


LaTeX Warning: Reference `ch:ch07' on page i undefined on input line 109.


LaTeX Warning: Reference `ch:ch07' on page i undefined on input line 109.


LaTeX Warning: Reference `ch:ch07' on page i undefined on input line 109.


LaTeX Warning: Reference `ch:ch07' on page i undefined on input line 109.


LaTeX Warning: Reference `ch:ch07' on page i undefined on input line 109.


LaTeX Warning: Reference `ch:ch07' on page i undefined on input line 109.


LaTeX Warning: Reference `ch:ch07' on page i undefined on input line 109.


LaTeX Warning: Reference `ch:ch09' on page i undefined on input line 109.


LaTeX Warning: Reference `ch:ch09' on page i undefined on input line 109.


LaTeX Warning: Reference `ch:ch08' on page i undefined on input line 109.


LaTeX Warning: Reference `ch:ch10' on page i undefined on input line 109.


LaTeX Warning: Reference `ch:ch11' on page i undefined on input line 109.


LaTeX Warning: Reference `ch:ch02' on page i undefined on input line 140.


LaTeX Warning: Reference `ch:ch02' on page i undefined on input line 140.


LaTeX Warning: Reference `ch:ch02' on page i undefined on input line 140.


LaTeX Warning: Reference `ch:ch02' on page i undefined on input line 140.


LaTeX Warning: Reference `ch:ch02' on page i undefined on input line 140.


LaTeX Warning: Reference `ch:ch02' on page i undefined on input line 140.


LaTeX Warning: Reference `ch:ch02' on page i undefined on input line 140.


LaTeX Warning: Reference `ch:ch02' on page i undefined on input line 140.


LaTeX Warning: Reference `ch:ch02' on page i undefined on input line 140.


LaTeX Warning: Reference `ch:ch02' on page i undefined on input line 140.


LaTeX Warning: Reference `ch:ch02' on page i undefined on input line 140.


LaTeX Warning: Reference `ch:ch01' on page i undefined on input line 140.


LaTeX Warning: Reference `ch:ch12' on page i undefined on input line 140.


LaTeX Warning: Reference `ch:ch12' on page i undefined on input line 140.


LaTeX Warning: Reference `ch:ch13' on page i undefined on input line 140.


LaTeX Warning: Reference `ch:ch13' on page i undefined on input line 140.


LaTeX Warning: Reference `ch:ch13' on page i undefined on input line 140.


LaTeX Warning: Reference `ch:ch13' on page i undefined on input line 140.


LaTeX Warning: Reference `ch:ch14' on page i undefined on input line 140.


LaTeX Warning: Reference `ch:ch15' on page i undefined on input line 140.


LaTeX Warning: Reference `ch:ch16' on page i undefined on input line 140.


LaTeX Warning: Reference `ch:ch16' on page i undefined on input line 140.

[8]

LaTeX Warning: Reference `ch:ch02' on page i undefined on input line 167.


LaTeX Warning: Reference `ch:ch02' on page i undefined on input line 167.


LaTeX Warning: Reference `ch:ch02' on page i undefined on input line 167.


LaTeX Warning: Reference `ch:ch02' on page i undefined on input line 167.


LaTeX Warning: Reference `ch:ch02' on page i undefined on input line 167.


LaTeX Warning: Reference `ch:ch18' on page i undefined on input line 167.


LaTeX Warning: Reference `ch:ch18' on page i undefined on input line 167.


LaTeX Warning: Reference `ch:ch18' on page i undefined on input line 167.


LaTeX Warning: Reference `ch:ch18' on page i undefined on input line 167.


LaTeX Warning: Reference `ch:ch18' on page i undefined on input line 167.


LaTeX Warning: Reference `ch:ch19' on page i undefined on input line 167.


LaTeX Warning: Reference `ch:ch19' on page i undefined on input line 167.


LaTeX Warning: Reference `ch:ch18' on page i undefined on input line 167.


LaTeX Warning: Reference `ch:ch19' on page i undefined on input line 167.


LaTeX Warning: Reference `ch:ch20' on page i undefined on input line 167.


LaTeX Warning: Reference `ch:ch20' on page i undefined on input line 167.


LaTeX Warning: Reference `ch:ch20' on page i undefined on input line 167.


LaTeX Warning: Reference `ch:ch21' on page i undefined on input line 174.


LaTeX Warning: Reference `ch:ch02' on page i undefined on input line 178.


LaTeX Warning: Reference `ch:ch21' on page i undefined on input line 178.

[9]

LaTeX Warning: Reference `ch:ch21' on page i undefined on input line 204.


LaTeX Warning: Reference `ch:ch21' on page i undefined on input line 204.


LaTeX Warning: Reference `ch:ch21' on page i undefined on input line 204.


LaTeX Warning: Reference `ch:ch21' on page i undefined on input line 204.


LaTeX Warning: Reference `ch:ch21' on page i undefined on input line 204.


LaTeX Warning: Reference `ch:ch21' on page i undefined on input line 204.


LaTeX Warning: Reference `ch:ch21' on page i undefined on input line 204.


LaTeX Warning: Reference `ch:ch21' on page i undefined on input line 204.


LaTeX Warning: Reference `ch:ch21' on page i undefined on input line 204.


LaTeX Warning: Reference `ch:ch21' on page i undefined on input line 204.


LaTeX Warning: Reference `ch:ch21' on page i undefined on input line 204.


LaTeX Warning: Reference `ch:ch21' on page i undefined on input line 204.


LaTeX Warning: Reference `ch:ch22' on page i undefined on input line 204.


LaTeX Warning: Reference `ch:ch22' on page i undefined on input line 204.


LaTeX Warning: Reference `ch:ch22' on page i undefined on input line 204.


LaTeX Warning: Reference `ch:ch23' on page i undefined on input line 225.


LaTeX Warning: Reference `ch:ch23' on page i undefined on input line 225.


LaTeX Warning: Reference `ch:ch23' on page i undefined on input line 225.


LaTeX Warning: Reference `ch:ch23' on page i undefined on input line 225.


LaTeX Warning: Reference `ch:ch23' on page i undefined on input line 225.


LaTeX Warning: Reference `ch:ch23' on page i undefined on input line 225.


LaTeX Warning: Reference `ch:ch23' on page i undefined on input line 225.


LaTeX Warning: Reference `ch:ch23' on page i undefined on input line 225.


LaTeX Warning: Reference `ch:ch23' on page i undefined on input line 225.


LaTeX Warning: Reference `ch:ch23' on page i undefined on input line 225.


LaTeX Warning: Reference `ch:ch23' on page i undefined on input line 225.

) [10] [1] [2] [3] [4] (./chapters/ch15-potential-fields.tex
Chapter 1.

LaTeX Warning: Reference `ch:ch09' on page 1 undefined on input line 24.


LaTeX Warning: Citation 'khatib1986realtime' on page 5 undefined on input line 
30.


LaTeX Warning: Citation 'koren1991potential' on page 5 undefined on input line 
37.


LaTeX Warning: Reference `ch:appA' on page 1 undefined on input line 42.


LaTeX Warning: Reference `ch:ch14' on page 1 undefined on input line 45.


LaTeX Warning: Reference `exr:ch15-coding' on page 1 undefined on input line 46
.


LaTeX Warning: Reference `ch:ch24' on page 1 undefined on input line 47.


LaTeX Warning: Reference `sec:ch15-drone' on page 1 undefined on input line 49.



LaTeX Warning: Reference `sec:ch15-problem' on page 1 undefined on input line 5
1.


LaTeX Warning: Reference `sec:ch15-intuition' on page 1 undefined on input line
 51.


LaTeX Warning: Reference `sec:ch15-example' on page 1 undefined on input line 5
3.


LaTeX Warning: Reference `sec:ch15-algorithm' on page 1 undefined on input line
 53.


LaTeX Warning: Reference `sec:ch15-properties' on page 1 undefined on input lin
e 54.


LaTeX Warning: Reference `sec:ch15-failures' on page 1 undefined on input line 
55.


LaTeX Warning: Reference `sec:ch15-swarm' on page 1 undefined on input line 57.



LaTeX Warning: Reference `sec:ch15-remedies' on page 1 undefined on input line 
57.


LaTeX Warning: Reference `sec:ch15-drone' on page 1 undefined on input line 59.



LaTeX Warning: Reference `sec:ch15-implementation' on page 1 undefined on input
 line 59.

[5]

LaTeX Warning: Reference `fig:ch15-idea' on page 1 undefined on input line 66.


LaTeX Warning: Reference `fig:ch15-idea' on page 1 undefined on input line 76.

(./figures/ch15/idea.tex)

LaTeX Warning: Reference `ch:ch02' on page 1 undefined on input line 118.

[6]

LaTeX Warning: Reference `ch:ch02' on page 1 undefined on input line 138.


LaTeX Warning: Reference `exr:ch15-conic' on page 1 undefined on input line 183
.


LaTeX Warning: Citation 'choset2005principles' on page 7 undefined on input lin
e 184.


LaTeX Warning: Reference `sec:ch15-algorithm' on page 1 undefined on input line
 186.

[7{/usr/share/texmf/fonts/enc/dvips/lm/lm-mathex.enc}]

LaTeX Warning: Reference `fig:ch15-surface' on page 1 undefined on input line 2
55.


LaTeX Warning: Reference `sec:ch15-localmin' on page 1 undefined on input line 
261.

(./figures/ch15/surface.tex)

LaTeX Warning: Reference `alg:ch15-force' on page 1 undefined on input line 281
.


LaTeX Warning: Reference `alg:ch15-descend' on page 1 undefined on input line 2
82.


LaTeX Warning: Reference `alg:ch15-force' on page 1 undefined on input line 282
.


LaTeX Warning: Reference `eq:ch15-total' on page 1 undefined on input line 283.



LaTeX Warning: Reference `eq:ch15-frep' on page 1 undefined on input line 283.


LaTeX Warning: Reference `eq:ch15-hybrid' on page 1 undefined on input line 283
.


LaTeX Warning: Reference `alg:ch15-force:gnron' on page 8 undefined on input li
ne 284.


LaTeX Warning: Citation 'ge2000new' on page 8 undefined on input line 285.


LaTeX Warning: Reference `sec:ch15-failures' on page 1 undefined on input line 
286.


LaTeX Warning: Reference `sec:ch15-gnron' on page 1 undefined on input line 307
.


LaTeX Warning: Reference `alg:ch15-force:att' on page 8 undefined on input line
 328.


LaTeX Warning: Reference `alg:ch15-force' on page 1 undefined on input line 328
.


LaTeX Warning: Reference `alg:ch15-force:dist' on page 8 undefined on input lin
e 330.


LaTeX Warning: Reference `alg:ch15-force:sum' on page 8 undefined on input line
 335.


LaTeX Warning: Reference `sec:ch15-failures' on page 1 undefined on input line 
336.


LaTeX Warning: Reference `alg:ch15-descend' on page 1 undefined on input line 3
37.


LaTeX Warning: Reference `alg:ch15-descend:step' on page 8 undefined on input l
ine 338.


LaTeX Warning: Reference `alg:ch15-descend:goal' on page 8 undefined on input l
ine 340.


LaTeX Warning: Reference `exr:ch15-conic' on page 1 undefined on input line 342
.


LaTeX Warning: Reference `alg:ch15-descend:hit' on page 8 undefined on input li
ne 342.


LaTeX Warning: Reference `thm:ch15-descent' on page 1 undefined on input line 3
43.


LaTeX Warning: Reference `sec:ch15-oscillation' on page 1 undefined on input li
ne 344.


LaTeX Warning: Reference `alg:ch15-descend:stuck' on page 8 undefined on input 
line 346.

[8]

LaTeX Warning: Reference `alg:ch15-descend:clip' on page 9 undefined on input l
ine 351.


LaTeX Warning: Reference `sec:ch15-oscillation' on page 1 undefined on input li
ne 360.


LaTeX Warning: Reference `fig:ch15-surface' on page 1 undefined on input line 3
74.


LaTeX Warning: Reference `fig:ch15-field' on page 1 undefined on input line 378
.


LaTeX Warning: Reference `alg:ch15-descend' on page 1 undefined on input line 3
81.

[9]

LaTeX Warning: Reference `sec:ch15-localmin' on page 1 undefined on input line 
398.


LaTeX Warning: Reference `tab:ch15-forces' on page 1 undefined on input line 40
6.


LaTeX Warning: Reference `ex:ch15-disc' on page 1 undefined on input line 414.


LaTeX Warning: Reference `fig:ch15-field' on page 1 undefined on input line 414
.


LaTeX Warning: Reference `ex:ch15-disc' on page 1 undefined on input line 414.


LaTeX Warning: Reference `fig:ch15-field' on page 1 undefined on input line 414
.

(./figures/ch15/field.tex)

LaTeX Warning: Reference `ex:ch15-disc' on page 1 undefined on input line 436.


LaTeX Warning: Reference `tab:ch15-forces' on page 1 undefined on input line 43
6.


LaTeX Warning: Reference `ex:ch15-disc' on page 1 undefined on input line 436.


LaTeX Warning: Reference `tab:ch15-forces' on page 1 undefined on input line 43
6.


LaTeX Warning: Reference `fig:ch15-field' on page 1 undefined on input line 440
.

[10]

LaTeX Warning: Reference `tab:ch15-trace' on page 1 undefined on input line 453
.


LaTeX Warning: Reference `alg:ch15-descend' on page 1 undefined on input line 4
72.


LaTeX Warning: Reference `ex:ch15-disc' on page 1 undefined on input line 472.


LaTeX Warning: Reference `alg:ch15-descend' on page 1 undefined on input line 4
72.


LaTeX Warning: Reference `ex:ch15-disc' on page 1 undefined on input line 472.


LaTeX Warning: Reference `sec:ch15-failures' on page 1 undefined on input line 
494.


LaTeX Warning: Reference `alg:ch15-force' on page 1 undefined on input line 497
.

[11]

LaTeX Warning: Reference `eq:ch15-total' on page 1 undefined on input line 507.



LaTeX Warning: Reference `eq:ch15-frep' on page 1 undefined on input line 516.


LaTeX Warning: Reference `eq:ch15-urep' on page 1 undefined on input line 516.


LaTeX Warning: Reference `sec:ch15-oscillation' on page 1 undefined on input li
ne 524.


LaTeX Warning: Reference `eq:ch15-uatt' on page 1 undefined on input line 538.


LaTeX Warning: Reference `eq:ch15-hybrid' on page 1 undefined on input line 539
.


LaTeX Warning: Reference `ch:appB' on page 1 undefined on input line 559.

[12]

LaTeX Warning: Reference `eq:ch15-total' on page 1 undefined on input line 574.



LaTeX Warning: Reference `thm:ch15-descent' on page 1 undefined on input line 5
77.


LaTeX Warning: Reference `eq:ch15-uatt' on page 1 undefined on input line 584.


LaTeX Warning: Reference `eq:ch15-frep' on page 1 undefined on input line 585.


LaTeX Warning: Reference `sec:ch15-gnron' on page 1 undefined on input line 588
.


LaTeX Warning: Citation 'koditschek1990navigation' on page 13 undefined on inpu
t line 594.


LaTeX Warning: Reference `sec:ch15-basin' on page 1 undefined on input line 603
.


LaTeX Warning: Reference `sec:ch15-remedies' on page 1 undefined on input line 
604.


LaTeX Warning: Citation 'koren1991potential' on page 13 undefined on input line
 611.


LaTeX Warning: Reference `ex:ch15-disc' on page 1 undefined on input line 622.


LaTeX Warning: Reference `fig:ch15-localmin' on page 1 undefined on input line 
635.


LaTeX Warning: Reference `fig:ch15-localmin' on page 1 undefined on input line 
636.

[13] (./figures/ch15/localmin.tex)

LaTeX Warning: Reference `sec:ch15-remedies' on page 1 undefined on input line 
652.


LaTeX Warning: Reference `sec:ch15-remedies' on page 1 undefined on input line 
652.


LaTeX Warning: Reference `rem:ch15-saddles' on page 1 undefined on input line 6
62.


LaTeX Warning: Reference `sec:ch15-basin' on page 1 undefined on input line 666
.


LaTeX Warning: Reference `fig:ch15-gnron' on page 1 undefined on input line 676
.


LaTeX Warning: Reference `thm:ch15-goal' on page 1 undefined on input line 677.



LaTeX Warning: Citation 'ge2000new' on page 14 undefined on input line 683.

(./figures/ch15/gnron.tex)

LaTeX Warning: Reference `alg:ch15-force:gnron' on page 14 undefined on input l
ine 709.


LaTeX Warning: Reference `alg:ch15-force' on page 1 undefined on input line 709
.


LaTeX Warning: Reference `thm:ch15-goal' on page 1 undefined on input line 720.



LaTeX Warning: Reference `exr:ch15-gnron' on page 1 undefined on input line 726
.


LaTeX Warning: Reference `fig:ch15-gnron' on page 1 undefined on input line 728
.

[14]

LaTeX Warning: Reference `ch:ch04' on page 1 undefined on input line 736.


LaTeX Warning: Reference `thm:ch15-goal' on page 1 undefined on input line 739.



LaTeX Warning: Reference `eq:ch15-gnron-f' on page 1 undefined on input line 74
2.


LaTeX Warning: Reference `fig:ch15-oscillation' on page 1 undefined on input li
ne 751.

(./figures/ch15/oscillation.tex)

LaTeX Warning: Reference `alg:ch15-descend:step' on page 15 undefined on input 
line 778.


LaTeX Warning: Reference `alg:ch15-descend' on page 1 undefined on input line 7
78.

[15]

LaTeX Warning: Reference `ch:appB' on page 1 undefined on input line 795.


LaTeX Warning: Reference `eq:ch15-urep' on page 1 undefined on input line 802.


LaTeX Warning: Reference `thm:ch15-stability' on page 1 undefined on input line
 811.


LaTeX Warning: Reference `eq:ch15-stiffness' on page 1 undefined on input line 
826.


LaTeX Warning: Reference `sec:ch15-nopassage' on page 1 undefined on input line
 826.


LaTeX Warning: Reference `eq:ch15-stiffness' on page 1 undefined on input line 
826.


LaTeX Warning: Reference `sec:ch15-nopassage' on page 1 undefined on input line
 826.


LaTeX Warning: Reference `tab:ch15-corridor' on page 1 undefined on input line 
846.


LaTeX Warning: Reference `eq:ch15-gapforce' on page 1 undefined on input line 8
65.


LaTeX Warning: Reference `fig:ch15-nopassage' on page 1 undefined on input line
 870.

[16]

LaTeX Warning: Reference `fig:ch15-nopassage' on page 1 undefined on input line
 878.


LaTeX Warning: Reference `tab:ch15-corridor' on page 1 undefined on input line 
883.


LaTeX Warning: Reference `exr:ch15-nopassage' on page 1 undefined on input line
 886.

(./figures/ch15/nopassage.tex)

LaTeX Warning: Reference `eq:ch15-gapforce' on page 1 undefined on input line 8
98.


LaTeX Warning: Reference `eq:ch15-gapforce' on page 1 undefined on input line 8
98.


LaTeX Warning: Citation 'koren1991potential' on page 17 undefined on input line
 905.


LaTeX Warning: Citation 'borenstein1991vfh' on page 17 undefined on input line 
910.


LaTeX Warning: Reference `eq:ch15-gapforce' on page 1 undefined on input line 9
15.


LaTeX Warning: Reference `eq:ch15-axis' on page 1 undefined on input line 915.


LaTeX Warning: Reference `rem:ch15-saddles' on page 1 undefined on input line 9
16.


LaTeX Warning: Reference `thm:ch15-descent' on page 1 undefined on input line 9
21.


LaTeX Warning: Reference `eq:ch15-stiffness' on page 1 undefined on input line 
923.

[17]

LaTeX Warning: Reference `sec:ch15-drone' on page 1 undefined on input line 928
.


LaTeX Warning: Citation 'rimon1992exact' on page 18 undefined on input line 936
.


LaTeX Warning: Citation 'koditschek1990navigation' on page 18 undefined on inpu
t line 936.


LaTeX Warning: Reference `thm:ch15-descent' on page 1 undefined on input line 9
41.


LaTeX Warning: Reference `rem:ch15-saddles' on page 1 undefined on input line 9
41.


Overfull \hbox (27.13452pt too wide) in paragraph at lines 936--946
[] []\T1/lmr/bx/n/10.95 (-20) Nav-i-ga-tion func-tions.[] \T1/lmr/m/n/10.95 (-2
0) Ri-mon and Koditschek [[], []]

LaTeX Warning: Reference `eq:ch15-total' on page 1 undefined on input line 958.



LaTeX Warning: Citation 'barraquand1991distributed' on page 18 undefined on inp
ut line 964.


LaTeX Warning: Reference `sec:ch15-basin' on page 1 undefined on input line 975
.


Overfull \hbox (55.95273pt too wide) in paragraph at lines 964--976
[] []\T1/lmr/bx/n/10.95 (-20) Ran-dom walks and sim-u-lated an-neal-ing.[] \T1/
lmr/m/n/10.95 (-20) Bar-raquand and Latombe [[]]
[18]

LaTeX Warning: Citation 'connolly1990laplace' on page 19 undefined on input lin
e 978.


LaTeX Warning: Citation 'choset2005principles' on page 19 undefined on input li
ne 986.


LaTeX Warning: Reference `ch:ch03' on page 1 undefined on input line 987.


LaTeX Warning: Reference `ch:ch04' on page 1 undefined on input line 992.


LaTeX Warning: Reference `ch:ch05' on page 1 undefined on input line 993.


LaTeX Warning: Reference `ch:ch09' on page 1 undefined on input line 994.


LaTeX Warning: Reference `fig:ch15-localmin' on page 1 undefined on input line 
998.


LaTeX Warning: Reference `sec:ch15-localmin' on page 1 undefined on input line 
999.


LaTeX Warning: Reference `alg:ch15-descend' on page 1 undefined on input line 1
003.


LaTeX Warning: Reference `alg:ch15-descend:stuck' on page 19 undefined on input
 line 1009.


LaTeX Warning: Reference `ch:ch24' on page 1 undefined on input line 1010.


LaTeX Warning: Reference `alg:ch15-descend' on page 1 undefined on input line 1
021.


LaTeX Warning: Reference `fig:ch15-basin' on page 1 undefined on input line 102
2.


LaTeX Warning: Reference `sec:ch15-localmin' on page 1 undefined on input line 
1025.

(./figures/ch15/basin.tex)

LaTeX Warning: Reference `fig:ch15-basin' on page 1 undefined on input line 105
1.


LaTeX Warning: Reference `alg:ch15-descend' on page 1 undefined on input line 1
066.


LaTeX Warning: Reference `ch:ch25' on page 1 undefined on input line 1068.

[19]

LaTeX Warning: Reference `alg:ch15-force' on page 1 undefined on input line 107
4.


LaTeX Warning: Reference `fig:ch15-swarm' on page 1 undefined on input line 109
5.


LaTeX Warning: Reference `ch:ch13' on page 1 undefined on input line 1099.

(./figures/ch15/swarm.tex)

LaTeX Warning: Citation 'reynolds1987flocks' on page 20 undefined on input line
 1117.


LaTeX Warning: Reference `fig:ch15-swarm' on page 1 undefined on input line 111
9.


LaTeX Warning: Reference `eq:ch15-interagent' on page 1 undefined on input line
 1124.

[20]

LaTeX Warning: Reference `eq:ch15-alignment' on page 1 undefined on input line 
1137.


LaTeX Warning: Reference `ch:ch23' on page 1 undefined on input line 1138.


LaTeX Warning: Citation 'olfatisaber2006flocking' on page 21 undefined on input
 line 1140.


LaTeX Warning: Reference `ch:ch23' on page 1 undefined on input line 1147.


LaTeX Warning: Reference `ch:ch23' on page 1 undefined on input line 1148.


LaTeX Warning: Reference `lst:ch15-forces' on page 1 undefined on input line 11
60.


LaTeX Warning: Reference `eq:ch15-gnron-f' on page 1 undefined on input line 11
61.


LaTeX Warning: Reference `eq:ch15-frep' on page 1 undefined on input line 1161.



LaTeX Warning: Reference `eq:ch15-gnron-f' on page 1 undefined on input line 11
65.


LaTeX Warning: Reference `eq:ch15-gnron-f' on page 1 undefined on input line 11
65.

[21]

LaTeX Warning: Reference `thm:ch15-stability' on page 1 undefined on input line
 1190.


LaTeX Warning: Reference `eq:ch15-stiffness' on page 1 undefined on input line 
1192.


LaTeX Warning: Reference `fig:ch15-oscillation' on page 1 undefined on input li
ne 1195.


LaTeX Warning: Reference `alg:ch15-descend:clip' on page 22 undefined on input 
line 1200.


LaTeX Warning: Reference `lst:ch15-forces' on page 1 undefined on input line 12
05.


LaTeX Warning: Reference `alg:ch15-force:dist' on page 22 undefined on input li
ne 1211.


LaTeX Warning: Reference `alg:ch15-force' on page 1 undefined on input line 121
1.


LaTeX Warning: Reference `ch:ch02' on page 1 undefined on input line 1214.


LaTeX Warning: Reference `ch:ch16' on page 1 undefined on input line 1216.


LaTeX Warning: Reference `sec:ch15-nopassage' on page 1 undefined on input line
 1219.


LaTeX Warning: Reference `alg:ch15-descend' on page 1 undefined on input line 1
222.


LaTeX Warning: Reference `sec:ch15-remedies' on page 1 undefined on input line 
1224.


LaTeX Warning: Reference `fig:ch15-oscillation' on page 1 undefined on input li
ne 1237.


LaTeX Warning: Reference `alg:ch15-descend:clip' on page 22 undefined on input 
line 1238.


LaTeX Warning: Reference `thm:ch15-stability' on page 1 undefined on input line
 1240.


LaTeX Warning: Reference `ch:ch14' on page 1 undefined on input line 1243.


LaTeX Warning: Reference `ch:ch21' on page 1 undefined on input line 1244.

[22]

LaTeX Warning: Reference `ch:ch24' on page 1 undefined on input line 1254.


LaTeX Warning: Reference `ch:ch12' on page 1 undefined on input line 1257.


LaTeX Warning: Reference `ch:ch13' on page 1 undefined on input line 1257.


LaTeX Warning: Reference `ch:ch14' on page 1 undefined on input line 1260.


LaTeX Warning: Reference `sec:ch15-failures' on page 1 undefined on input line 
1261.


LaTeX Warning: Reference `eq:ch15-interagent' on page 1 undefined on input line
 1265.


LaTeX Warning: Reference `ch:ch10' on page 1 undefined on input line 1267.


LaTeX Warning: Reference `ch:ch09' on page 1 undefined on input line 1267.


LaTeX Warning: Reference `sec:ch15-swarm' on page 1 undefined on input line 126
8.


LaTeX Warning: Reference `ch:ch23' on page 1 undefined on input line 1269.


LaTeX Warning: Reference `ch:ch21' on page 1 undefined on input line 1270.


LaTeX Warning: Reference `sec:ch15-remedies' on page 1 undefined on input line 
1271.


LaTeX Warning: Reference `ch:ch24' on page 1 undefined on input line 1272.


LaTeX Warning: Reference `ch:ch04' on page 1 undefined on input line 1273.


LaTeX Warning: Reference `ch:ch05' on page 1 undefined on input line 1273.


LaTeX Warning: Reference `ch:appA' on page 1 undefined on input line 1274.


LaTeX Warning: Reference `ch:ch14' on page 1 undefined on input line 1274.


LaTeX Warning: Reference `exr:ch15-coding' on page 1 undefined on input line 12
75.


LaTeX Warning: Reference `eq:ch15-frep' on page 1 undefined on input line 1282.



LaTeX Warning: Reference `eq:ch15-uatt' on page 1 undefined on input line 1282.


[23]

LaTeX Warning: Citation 'khatib1986realtime' on page 24 undefined on input line
 1291.


LaTeX Warning: Citation 'koren1991potential' on page 24 undefined on input line
 1292.


LaTeX Warning: Reference `sec:ch15-koren' on page 1 undefined on input line 129
3.


LaTeX Warning: Citation 'borenstein1991vfh' on page 24 undefined on input line 
1294.


LaTeX Warning: Citation 'ge2000new' on page 24 undefined on input line 1295.


LaTeX Warning: Citation 'koditschek1990navigation' on page 24 undefined on inpu
t line 1296.


LaTeX Warning: Citation 'rimon1992exact' on page 24 undefined on input line 129
7.


LaTeX Warning: Reference `eq:ch15-navfun' on page 1 undefined on input line 129
8.


LaTeX Warning: Citation 'connolly1990laplace' on page 24 undefined on input lin
e 1299.


LaTeX Warning: Citation 'barraquand1991distributed' on page 24 undefined on inp
ut line 1300.


LaTeX Warning: Citation 'reynolds1987flocks' on page 24 undefined on input line
 1301.


LaTeX Warning: Citation 'olfatisaber2006flocking' on page 24 undefined on input
 line 1302.


LaTeX Warning: Citation 'choset2005principles' on page 24 undefined on input li
ne 1303.


LaTeX Warning: Citation 'lavalle2006planning' on page 24 undefined on input lin
e 1304.


Overfull \hbox (17.85565pt too wide) in paragraph at lines 1291--1305
\T1/lmr/m/n/10.95 (-20) Saber [[]] its control-theoretic form; Choset et al. [[
]]

LaTeX Warning: Reference `eq:ch15-frep' on page 1 undefined on input line 1312.



LaTeX Warning: Reference `eq:ch15-urep' on page 1 undefined on input line 1313.



LaTeX Warning: Reference `ch:ch02' on page 1 undefined on input line 1315.


LaTeX Warning: Reference `eq:ch15-gnron-f' on page 1 undefined on input line 13
16.


LaTeX Warning: Reference `eq:ch15-gnron-u' on page 1 undefined on input line 13
16.


LaTeX Warning: Reference `eq:ch15-hybrid' on page 1 undefined on input line 132
2.


LaTeX Warning: Reference `ex:ch15-disc' on page 1 undefined on input line 1333.



LaTeX Warning: Reference `eq:ch15-axis' on page 1 undefined on input line 1334.



LaTeX Warning: Reference `exr:ch15-derivation' on page 1 undefined on input lin
e 1350.


LaTeX Warning: Reference `sec:ch15-localmin' on page 1 undefined on input line 
1352.


LaTeX Warning: Reference `alg:ch15-descend' on page 1 undefined on input line 1
360.


LaTeX Warning: Reference `thm:ch15-stability' on page 1 undefined on input line
 1363.


LaTeX Warning: Reference `eq:ch15-stiffness' on page 1 undefined on input line 
1364.


LaTeX Warning: Reference `tab:ch15-corridor' on page 1 undefined on input line 
1365.

[24]

LaTeX Warning: Reference `eq:ch15-gapforce' on page 1 undefined on input line 1
371.


LaTeX Warning: Reference `sec:ch15-nopassage' on page 1 undefined on input line
 1372.


LaTeX Warning: Reference `ex:ch15-disc' on page 1 undefined on input line 1375.



LaTeX Warning: Reference `thm:ch15-continuity' on page 1 undefined on input lin
e 1386.


LaTeX Warning: Reference `eq:ch15-stiffness' on page 1 undefined on input line 
1387.


LaTeX Warning: Reference `alg:ch15-descend:stuck' on page 25 undefined on input
 line 1388.


LaTeX Warning: Reference `alg:ch15-descend' on page 1 undefined on input line 1
391.


LaTeX Warning: Reference `eq:ch15-alignment' on page 1 undefined on input line 
1398.


LaTeX Warning: Reference `ch:ch23' on page 1 undefined on input line 1405.


LaTeX Warning: Reference `ch:appA' on page 1 undefined on input line 1410.


LaTeX Warning: Reference `alg:ch15-descend' on page 1 undefined on input line 1
413.


LaTeX Warning: Reference `alg:ch15-force' on page 1 undefined on input line 141
3.


LaTeX Warning: Reference `sec:ch15-failures' on page 1 undefined on input line 
1416.


LaTeX Warning: Reference `sec:ch15-basin' on page 1 undefined on input line 142
1.


LaTeX Warning: Reference `ch:ch04' on page 1 undefined on input line 1423.

) [25] [26] [27] [28] [29] [30]Input index file ch15rev.idx not found.
Usage: makeindex [-ilqrcgLT] [-s sty] [-o ind] [-t log] [-p num] [idx0 idx1 ...]
system returned with code 256


LaTeX Warning: Empty bibliography on input line 113.

No file ch15rev.ind.
(build-ch15rev/ch15rev.aux
No file chapters/ch01-introduction.aux.
No file chapters/ch02-toolbox.aux.
No file chapters/ch03-dijkstra.aux.
No file chapters/ch04-astar.aux.
No file chapters/ch05-lpastar-dstarlite.aux.
No file chapters/ch06-arastar.aux.
No file chapters/ch07-mapf-problem.aux.
No file chapters/ch08-prioritized-planning.aux.
No file chapters/ch09-cbs.aux.
No file chapters/ch10-ecbs.aux.
No file chapters/ch11-mstar-push-and-swap.aux.
No file chapters/ch12-velocity-obstacles.aux.
No file chapters/ch13-rvo-orca.aux.
No file chapters/ch14-dwa.aux.
(build-ch15rev/chapters/ch15-potential-fields.aux)
No file chapters/ch16-rrt.aux.
No file chapters/ch17-rrt-star.aux.
No file chapters/ch18-kalman-filter.aux.
No file chapters/ch19-nonlinear-filters.aux.
No file chapters/ch20-trajectory-prediction.aux.
No file chapters/ch21-mpc.aux.
No file chapters/ch22-milp.aux.
No file chapters/ch23-consensus-formation.aux.
No file chapters/ch24-hybrid-architecture.aux.
No file chapters/ch25-experiments.aux.
No file appendices/appA-study-plan.aux.
No file appendices/appB-math-refresher.aux.
No file appendices/appC-solutions.aux.
No file appendices/glossary.aux.
)

LaTeX Warning: There were undefined references.


LaTeX Warning: Label(s) may have changed. Rerun to get cross-references right.


Package biblatex Warning: Please (re)run Biber on the file:
(biblatex)                ch15rev
(biblatex)                and rerun LaTeX afterwards.

 ) )
(see the transcript file for additional information)</usr/share/texmf/fonts/typ
e1/public/lm/lmbx10.pfb></usr/share/texmf/fonts/type1/public/lm/lmbx12.pfb></us
r/share/texmf/fonts/type1/public/lm/lmbx8.pfb></usr/share/texmf/fonts/type1/pub
lic/lm/lmbx9.pfb></usr/share/texmf/fonts/type1/public/lm/lmcsc10.pfb></usr/shar
e/texmf/fonts/type1/public/lm/lmex10.pfb></usr/share/texmf/fonts/type1/public/l
m/lmmi10.pfb></usr/share/texmf/fonts/type1/public/lm/lmmi6.pfb></usr/share/texm
f/fonts/type1/public/lm/lmmi7.pfb></usr/share/texmf/fonts/type1/public/lm/lmmi8
.pfb></usr/share/texmf/fonts/type1/public/lm/lmmi9.pfb></usr/share/texmf/fonts/
type1/public/lm/lmr10.pfb></usr/share/texmf/fonts/type1/public/lm/lmr6.pfb></us
r/share/texmf/fonts/type1/public/lm/lmr7.pfb></usr/share/texmf/fonts/type1/publ
ic/lm/lmr8.pfb></usr/share/texmf/fonts/type1/public/lm/lmr9.pfb></usr/share/tex
mf/fonts/type1/public/lm/lmri10.pfb></usr/share/texmf/fonts/type1/public/lm/lms
s10.pfb></usr/share/texmf/fonts/type1/public/lm/lmss12.pfb></usr/share/texmf/fo
nts/type1/public/lm/lmss8.pfb></usr/share/texmf/fonts/type1/public/lm/lmssbx10.
pfb></usr/share/texmf/fonts/type1/public/lm/lmsy10.pfb></usr/share/texmf/fonts/
type1/public/lm/lmsy7.pfb></usr/share/texmf/fonts/type1/public/lm/lmsy8.pfb></u
sr/share/texmf/fonts/type1/public/lm/lmsy9.pfb></usr/share/texmf/fonts/type1/pu
blic/lm/lmtk10.pfb></usr/share/texmf/fonts/type1/public/lm/lmtt10.pfb></usr/sha
re/texmf/fonts/type1/public/lm/lmtti10.pfb></usr/share/texlive/texmf-dist/fonts
/type1/public/amsfonts/symbols/msbm10.pfb></usr/share/texlive/texmf-dist/fonts/
type1/urw/zapfding/uzdr.pfb>
Output written on build-ch15rev/ch15rev.pdf (41 pages, 837205 bytes).
SyncTeX written on build-ch15rev/ch15rev.synctex.gz.
Transcript written on build-ch15rev/ch15rev.log.
Latexmk: Missing bbl file 'build-ch15rev/ch15rev.bbl' in following:
 No file ch15rev.bbl.
Latexmk: Missing input file 'ch15rev.toc' (or dependence on it) from following:
  No file ch15rev.toc.
Latexmk: Missing input file 'ch15rev.loa' (or dependence on it) from following:
  No file ch15rev.loa.
Latexmk: Missing input file 'ch15rev.ind' (or dependence on it) from following:
  No file ch15rev.ind.
Latexmk: Missing input file 'chapters/ch01-introduction.aux' (or dependence on it) from following:
  No file chapters/ch01-introduction.aux.
Latexmk: Missing input file 'chapters/ch02-toolbox.aux' (or dependence on it) from following:
  No file chapters/ch02-toolbox.aux.
Latexmk: Missing input file 'chapters/ch03-dijkstra.aux' (or dependence on it) from following:
  No file chapters/ch03-dijkstra.aux.
Latexmk: Missing input file 'chapters/ch04-astar.aux' (or dependence on it) from following:
  No file chapters/ch04-astar.aux.
Latexmk: Missing input file 'chapters/ch05-lpastar-dstarlite.aux' (or dependence on it) from following:
  No file chapters/ch05-lpastar-dstarlite.aux.
Latexmk: Missing input file 'chapters/ch06-arastar.aux' (or dependence on it) from following:
  No file chapters/ch06-arastar.aux.
Latexmk: Missing input file 'chapters/ch07-mapf-problem.aux' (or dependence on it) from following:
  No file chapters/ch07-mapf-problem.aux.
Latexmk: Missing input file 'chapters/ch08-prioritized-planning.aux' (or dependence on it) from following:
  No file chapters/ch08-prioritized-planning.aux.
Latexmk: Missing input file 'chapters/ch09-cbs.aux' (or dependence on it) from following:
  No file chapters/ch09-cbs.aux.
Latexmk: Missing input file 'chapters/ch10-ecbs.aux' (or dependence on it) from following:
  No file chapters/ch10-ecbs.aux.
Latexmk: Missing input file 'chapters/ch11-mstar-push-and-swap.aux' (or dependence on it) from following:
  No file chapters/ch11-mstar-push-and-swap.aux.
Latexmk: Missing input file 'chapters/ch12-velocity-obstacles.aux' (or dependence on it) from following:
  No file chapters/ch12-velocity-obstacles.aux.
Latexmk: Missing input file 'chapters/ch13-rvo-orca.aux' (or dependence on it) from following:
  No file chapters/ch13-rvo-orca.aux.
Latexmk: Missing input file 'chapters/ch14-dwa.aux' (or dependence on it) from following:
  No file chapters/ch14-dwa.aux.
Latexmk: Missing input file 'chapters/ch16-rrt.aux' (or dependence on it) from following:
  No file chapters/ch16-rrt.aux.
Latexmk: Missing input file 'chapters/ch17-rrt-star.aux' (or dependence on it) from following:
  No file chapters/ch17-rrt-star.aux.
Latexmk: Missing input file 'chapters/ch18-kalman-filter.aux' (or dependence on it) from following:
  No file chapters/ch18-kalman-filter.aux.
Latexmk: Missing input file 'chapters/ch19-nonlinear-filters.aux' (or dependence on it) from following:
  No file chapters/ch19-nonlinear-filters.aux.
Latexmk: Missing input file 'chapters/ch20-trajectory-prediction.aux' (or dependence on it) from following:
  No file chapters/ch20-trajectory-prediction.aux.
Latexmk: Missing input file 'chapters/ch21-mpc.aux' (or dependence on it) from following:
  No file chapters/ch21-mpc.aux.
Latexmk: Missing input file 'chapters/ch22-milp.aux' (or dependence on it) from following:
  No file chapters/ch22-milp.aux.
Latexmk: Missing input file 'chapters/ch23-consensus-formation.aux' (or dependence on it) from following:
  No file chapters/ch23-consensus-formation.aux.
Latexmk: Missing input file 'chapters/ch24-hybrid-architecture.aux' (or dependence on it) from following:
  No file chapters/ch24-hybrid-architecture.aux.
Latexmk: Missing input file 'chapters/ch25-experiments.aux' (or dependence on it) from following:
  No file chapters/ch25-experiments.aux.
Latexmk: Missing input file 'appendices/appA-study-plan.aux' (or dependence on it) from following:
  No file appendices/appA-study-plan.aux.
Latexmk: Missing input file 'appendices/appB-math-refresher.aux' (or dependence on it) from following:
  No file appendices/appB-math-refresher.aux.
Latexmk: Missing input file 'appendices/appC-solutions.aux' (or dependence on it) from following:
  No file appendices/appC-solutions.aux.
Latexmk: Missing input file 'appendices/glossary.aux' (or dependence on it) from following:
  No file appendices/glossary.aux.
Latexmk: Getting log file 'build-ch15rev/ch15rev.log'
Latexmk: Examining 'build-ch15rev/ch15rev.fls'
Latexmk: Examining 'build-ch15rev/ch15rev.log'
Latexmk: Index file 'build-ch15rev/ch15rev.idx' was written
Latexmk: References changed.
Latexmk: Log file says output to 'build-ch15rev/ch15rev.pdf'
Latexmk: Bibliography file(s) from .bcf file:
  bib/ch01-extra.bib
  bib/ch02-extra.bib
  bib/ch03-extra.bib
  bib/ch04-extra.bib
  bib/ch05-extra.bib
  bib/ch06-extra.bib
  bib/ch07-extra.bib
  bib/ch08-extra.bib
  bib/ch09-extra.bib
  bib/ch10-extra.bib
  bib/ch11-extra.bib
  bib/ch12-extra.bib
  bib/ch13-extra.bib
  bib/ch14-extra.bib
  bib/ch15-extra.bib
  bib/ch16-extra.bib
  bib/ch17-extra.bib
  bib/ch18-extra.bib
  bib/ch19-extra.bib
  bib/ch20-extra.bib
  bib/ch21-extra.bib
  bib/ch22-extra.bib
  bib/ch23-extra.bib
  bib/ch24-extra.bib
  bib/ch25-extra.bib
  references.bib
Latexmk: applying rule 'makeindex build-ch15rev/ch15rev.idx'...
Rule 'makeindex build-ch15rev/ch15rev.idx':  Reasons for rerun
Category 'other':
  Rerun of 'makeindex build-ch15rev/ch15rev.idx' forced or previously required:
    Reason or flag: 'Initial set up of rule'

------------
Run number 1 of rule 'makeindex build-ch15rev/ch15rev.idx'
------------
Latexmk: Change directory to 'build-ch15rev/'.
------------
Running 'makeindex  -o "ch15rev.ind" "ch15rev.idx"'
------------
This is makeindex, version 2.17 [TeX Live 2023] (kpathsea + Thai support).
Scanning input file ch15rev.idx....done (30 entries accepted, 0 rejected).
Sorting entries....done (154 comparisons).
Generating output file ch15rev.ind....done (72 lines written, 0 warnings).
Output written in ch15rev.ind.
Transcript written in ch15rev.ilg.
Latexmk: Change directory back to '/home/user/searchbook/Overleaf'
Latexmk: applying rule 'biber build-ch15rev/ch15rev'...
Rule 'biber build-ch15rev/ch15rev':  Reasons for rerun
Category 'other':
  Rerun of 'biber build-ch15rev/ch15rev' forced or previously required:
    Reason or flag: 'Initial set up of rule'

------------
Run number 1 of rule 'biber build-ch15rev/ch15rev'
------------
------------
Running 'biber  "build-ch15rev/ch15rev.bcf"'
------------
INFO - This is Biber 2.19
INFO - Logfile is 'build-ch15rev/ch15rev.blg'
INFO - Reading 'build-ch15rev/ch15rev.bcf'
INFO - Found 12 citekeys in bib section 0
INFO - Processing section 0
INFO - Looking for bibtex file 'references.bib' for section 0
INFO - LaTeX decoding ...
INFO - Found BibTeX data source 'references.bib'
INFO - Looking for bibtex file 'bib/ch01-extra.bib' for section 0
INFO - Looking for bibtex file 'bib/ch02-extra.bib' for section 0
INFO - LaTeX decoding ...
INFO - Found BibTeX data source 'bib/ch02-extra.bib'
INFO - Looking for bibtex file 'bib/ch03-extra.bib' for section 0
INFO - LaTeX decoding ...
INFO - Found BibTeX data source 'bib/ch03-extra.bib'
INFO - Looking for bibtex file 'bib/ch04-extra.bib' for section 0
INFO - LaTeX decoding ...
INFO - Found BibTeX data source 'bib/ch04-extra.bib'
INFO - Looking for bibtex file 'bib/ch05-extra.bib' for section 0
INFO - LaTeX decoding ...
INFO - Found BibTeX data source 'bib/ch05-extra.bib'
INFO - Looking for bibtex file 'bib/ch06-extra.bib' for section 0
INFO - LaTeX decoding ...
INFO - Found BibTeX data source 'bib/ch06-extra.bib'
INFO - Looking for bibtex file 'bib/ch07-extra.bib' for section 0
INFO - LaTeX decoding ...
INFO - Found BibTeX data source 'bib/ch07-extra.bib'
INFO - Looking for bibtex file 'bib/ch08-extra.bib' for section 0
INFO - LaTeX decoding ...
INFO - Found BibTeX data source 'bib/ch08-extra.bib'
INFO - Looking for bibtex file 'bib/ch09-extra.bib' for section 0
INFO - LaTeX decoding ...
INFO - Found BibTeX data source 'bib/ch09-extra.bib'
INFO - Looking for bibtex file 'bib/ch10-extra.bib' for section 0
INFO - LaTeX decoding ...
INFO - Found BibTeX data source 'bib/ch10-extra.bib'
INFO - Looking for bibtex file 'bib/ch11-extra.bib' for section 0
INFO - LaTeX decoding ...
INFO - Found BibTeX data source 'bib/ch11-extra.bib'
INFO - Looking for bibtex file 'bib/ch12-extra.bib' for section 0
INFO - LaTeX decoding ...
INFO - Found BibTeX data source 'bib/ch12-extra.bib'
INFO - Looking for bibtex file 'bib/ch13-extra.bib' for section 0
INFO - LaTeX decoding ...
INFO - Found BibTeX data source 'bib/ch13-extra.bib'
INFO - Looking for bibtex file 'bib/ch14-extra.bib' for section 0
INFO - LaTeX decoding ...
INFO - Found BibTeX data source 'bib/ch14-extra.bib'
INFO - Looking for bibtex file 'bib/ch15-extra.bib' for section 0
INFO - LaTeX decoding ...
INFO - Found BibTeX data source 'bib/ch15-extra.bib'
INFO - Overriding locale 'en-US' defaults 'variable = shifted' with 'variable = non-ignorable'
INFO - Overriding locale 'en-US' defaults 'normalization = NFD' with 'normalization = prenormalized'
INFO - Sorting list 'nyt/global//global/global' of type 'entry' with template 'nyt' and locale 'en-US'
INFO - No sort tailoring available for locale 'en-US'
INFO - Writing 'build-ch15rev/ch15rev.bbl' with encoding 'UTF-8'
INFO - Output to build-ch15rev/ch15rev.bbl
WARN - Data source 'bib/ch01-extra.bib' contains no BibTeX entries/macros, ignoring
INFO - WARNINGS: 1
Biber warning: [499] Biber.pm:131> WARN - Data source 'bib/ch01-extra.bib' contains no BibTeX entries/macros, ignoring
Latexmk: Found biber source file(s) [bib/ch01-extra.bib, bib/ch02-extra.bib, bib/ch03-extra.bib, bib/ch04-extra.bib, bib/ch05-extra.bib, bib/ch06-extra.bib, bib/ch07-extra.bib, bib/ch08-extra.bib, bib/ch09-extra.bib, bib/ch10-extra.bib, bib/ch11-extra.bib, bib/ch12-extra.bib, bib/ch13-extra.bib, bib/ch14-extra.bib, bib/ch15-extra.bib, build-ch15rev/ch15rev.bcf, references.bib]
Latexmk: applying rule 'pdflatex'...
Rule 'pdflatex':  Reasons for rerun
Changed files or newly in use/created:
  build-ch15rev/ch15rev.aux
  build-ch15rev/ch15rev.bbl
  build-ch15rev/ch15rev.ind
  build-ch15rev/ch15rev.loa
  build-ch15rev/ch15rev.toc
  build-ch15rev/chapters/ch15-potential-fields.aux

------------
Run number 2 of rule 'pdflatex'
------------
------------
Running 'pdflatex -interaction=nonstopmode -file-line-error -synctex=1  -recorder --jobname="ch15rev" -output-directory="build-ch15rev"  "./ch15rev.tex"'
------------
This is pdfTeX, Version 3.141592653-2.6-1.40.25 (TeX Live 2023/Debian) (preloaded format=pdflatex)
 restricted \write18 enabled.
entering extended mode
(./ch15rev.tex
LaTeX2e <2023-11-01> patch level 1
L3 programming layer <2024-01-22>
(./main.tex (/usr/share/texlive/texmf-dist/tex/latex/base/book.cls
Document Class: book 2023/05/17 v1.4n Standard LaTeX document class
(/usr/share/texlive/texmf-dist/tex/latex/base/bk11.clo)) (./searchbook.sty
(/usr/share/texlive/texmf-dist/tex/latex/base/fontenc.sty)
(/usr/share/texlive/texmf-dist/tex/latex/base/inputenc.sty)
(/usr/share/texmf/tex/latex/lm/lmodern.sty)
(/usr/share/texlive/texmf-dist/tex/latex/base/textcomp.sty)
(/usr/share/texlive/texmf-dist/tex/latex/geometry/geometry.sty
(/usr/share/texlive/texmf-dist/tex/latex/graphics/keyval.sty)
(/usr/share/texlive/texmf-dist/tex/generic/iftex/ifvtex.sty
(/usr/share/texlive/texmf-dist/tex/generic/iftex/iftex.sty)))
(/usr/share/texlive/texmf-dist/tex/latex/microtype/microtype.sty
(/usr/share/texlive/texmf-dist/tex/latex/etoolbox/etoolbox.sty)
(/usr/share/texlive/texmf-dist/tex/latex/microtype/microtype-pdftex.def)
(/usr/share/texlive/texmf-dist/tex/latex/microtype/microtype.cfg))
(/usr/share/texlive/texmf-dist/tex/latex/emptypage/emptypage.sty)
(/usr/share/texlive/texmf-dist/tex/latex/tools/xspace.sty)
(/usr/share/texlive/texmf-dist/tex/latex/needspace/needspace.sty)
(/usr/share/texlive/texmf-dist/tex/latex/amsmath/amsmath.sty
For additional information on amsmath, use the `?' option.
(/usr/share/texlive/texmf-dist/tex/latex/amsmath/amstext.sty
(/usr/share/texlive/texmf-dist/tex/latex/amsmath/amsgen.sty))
(/usr/share/texlive/texmf-dist/tex/latex/amsmath/amsbsy.sty)
(/usr/share/texlive/texmf-dist/tex/latex/amsmath/amsopn.sty))
(/usr/share/texlive/texmf-dist/tex/latex/amsfonts/amssymb.sty
(/usr/share/texlive/texmf-dist/tex/latex/amsfonts/amsfonts.sty))
(/usr/share/texlive/texmf-dist/tex/latex/amscls/amsthm.sty)
(/usr/share/texlive/texmf-dist/tex/latex/mathtools/mathtools.sty
(/usr/share/texlive/texmf-dist/tex/latex/tools/calc.sty)
(/usr/share/texlive/texmf-dist/tex/latex/mathtools/mhsetup.sty))
(/usr/share/texlive/texmf-dist/tex/latex/tools/bm.sty)
(/usr/share/texlive/texmf-dist/tex/latex/xcolor/xcolor.sty
(/usr/share/texlive/texmf-dist/tex/latex/graphics-cfg/color.cfg)
(/usr/share/texlive/texmf-dist/tex/latex/graphics-def/pdftex.def)
(/usr/share/texlive/texmf-dist/tex/latex/graphics/mathcolor.ltx))
(/usr/share/texlive/texmf-dist/tex/latex/graphics/dvipsnam.def)
(/usr/share/texlive/texmf-dist/tex/latex/xcolor/svgnam.def)
(/usr/share/texlive/texmf-dist/tex/latex/colortbl/colortbl.sty
(/usr/share/texlive/texmf-dist/tex/latex/tools/array.sty))
(/usr/share/texlive/texmf-dist/tex/latex/graphics/graphicx.sty
(/usr/share/texlive/texmf-dist/tex/latex/graphics/graphics.sty
(/usr/share/texlive/texmf-dist/tex/latex/graphics/trig.sty)
(/usr/share/texlive/texmf-dist/tex/latex/graphics-cfg/graphics.cfg)))
(/usr/share/texlive/texmf-dist/tex/latex/pgf/frontendlayer/tikz.sty
(/usr/share/texlive/texmf-dist/tex/latex/pgf/basiclayer/pgf.sty
(/usr/share/texlive/texmf-dist/tex/latex/pgf/utilities/pgfrcs.sty
(/usr/share/texlive/texmf-dist/tex/generic/pgf/utilities/pgfutil-common.tex)
(/usr/share/texlive/texmf-dist/tex/generic/pgf/utilities/pgfutil-latex.def)
(/usr/share/texlive/texmf-dist/tex/generic/pgf/utilities/pgfrcs.code.tex
(/usr/share/texlive/texmf-dist/tex/generic/pgf/pgf.revision.tex)))
(/usr/share/texlive/texmf-dist/tex/latex/pgf/basiclayer/pgfcore.sty
(/usr/share/texlive/texmf-dist/tex/latex/pgf/systemlayer/pgfsys.sty
(/usr/share/texlive/texmf-dist/tex/generic/pgf/systemlayer/pgfsys.code.tex
(/usr/share/texlive/texmf-dist/tex/generic/pgf/utilities/pgfkeys.code.tex
(/usr/share/texlive/texmf-dist/tex/generic/pgf/utilities/pgfkeyslibraryfiltered
.code.tex)) (/usr/share/texlive/texmf-dist/tex/generic/pgf/systemlayer/pgf.cfg)
(/usr/share/texlive/texmf-dist/tex/generic/pgf/systemlayer/pgfsys-pdftex.def
(/usr/share/texlive/texmf-dist/tex/generic/pgf/systemlayer/pgfsys-common-pdf.de
f)))
(/usr/share/texlive/texmf-dist/tex/generic/pgf/systemlayer/pgfsyssoftpath.code.
tex)
(/usr/share/texlive/texmf-dist/tex/generic/pgf/systemlayer/pgfsysprotocol.code.
tex))
(/usr/share/texlive/texmf-dist/tex/generic/pgf/basiclayer/pgfcore.code.tex
(/usr/share/texlive/texmf-dist/tex/generic/pgf/math/pgfmath.code.tex
(/usr/share/texlive/texmf-dist/tex/generic/pgf/math/pgfmathutil.code.tex)
(/usr/share/texlive/texmf-dist/tex/generic/pgf/math/pgfmathparser.code.tex)
(/usr/share/texlive/texmf-dist/tex/generic/pgf/math/pgfmathfunctions.code.tex)
(/usr/share/texlive/texmf-dist/tex/generic/pgf/math/pgfmathfunctions.basic.code
.tex)
(/usr/share/texlive/texmf-dist/tex/generic/pgf/math/pgfmathfunctions.trigonomet
ric.code.tex)
(/usr/share/texlive/texmf-dist/tex/generic/pgf/math/pgfmathfunctions.random.cod
e.tex)
(/usr/share/texlive/texmf-dist/tex/generic/pgf/math/pgfmathfunctions.comparison
.code.tex)
(/usr/share/texlive/texmf-dist/tex/generic/pgf/math/pgfmathfunctions.base.code.
tex)
(/usr/share/texlive/texmf-dist/tex/generic/pgf/math/pgfmathfunctions.round.code
.tex)
(/usr/share/texlive/texmf-dist/tex/generic/pgf/math/pgfmathfunctions.misc.code.
tex)
(/usr/share/texlive/texmf-dist/tex/generic/pgf/math/pgfmathfunctions.integerari
thmetics.code.tex)
(/usr/share/texlive/texmf-dist/tex/generic/pgf/math/pgfmathcalc.code.tex)
(/usr/share/texlive/texmf-dist/tex/generic/pgf/math/pgfmathfloat.code.tex))
(/usr/share/texlive/texmf-dist/tex/generic/pgf/math/pgfint.code.tex)
(/usr/share/texlive/texmf-dist/tex/generic/pgf/basiclayer/pgfcorepoints.code.te
x)
(/usr/share/texlive/texmf-dist/tex/generic/pgf/basiclayer/pgfcorepathconstruct.
code.tex)
(/usr/share/texlive/texmf-dist/tex/generic/pgf/basiclayer/pgfcorepathusage.code
.tex)
(/usr/share/texlive/texmf-dist/tex/generic/pgf/basiclayer/pgfcorescopes.code.te
x)
(/usr/share/texlive/texmf-dist/tex/generic/pgf/basiclayer/pgfcoregraphicstate.c
ode.tex)
(/usr/share/texlive/texmf-dist/tex/generic/pgf/basiclayer/pgfcoretransformation
s.code.tex)
(/usr/share/texlive/texmf-dist/tex/generic/pgf/basiclayer/pgfcorequick.code.tex
)
(/usr/share/texlive/texmf-dist/tex/generic/pgf/basiclayer/pgfcoreobjects.code.t
ex)
(/usr/share/texlive/texmf-dist/tex/generic/pgf/basiclayer/pgfcorepathprocessing
.code.tex)
(/usr/share/texlive/texmf-dist/tex/generic/pgf/basiclayer/pgfcorearrows.code.te
x)
(/usr/share/texlive/texmf-dist/tex/generic/pgf/basiclayer/pgfcoreshade.code.tex
)
(/usr/share/texlive/texmf-dist/tex/generic/pgf/basiclayer/pgfcoreimage.code.tex
)
(/usr/share/texlive/texmf-dist/tex/generic/pgf/basiclayer/pgfcoreexternal.code.
tex)
(/usr/share/texlive/texmf-dist/tex/generic/pgf/basiclayer/pgfcorelayers.code.te
x)
(/usr/share/texlive/texmf-dist/tex/generic/pgf/basiclayer/pgfcoretransparency.c
ode.tex)
(/usr/share/texlive/texmf-dist/tex/generic/pgf/basiclayer/pgfcorepatterns.code.
tex)
(/usr/share/texlive/texmf-dist/tex/generic/pgf/basiclayer/pgfcorerdf.code.tex))
)
(/usr/share/texlive/texmf-dist/tex/generic/pgf/modules/pgfmoduleshapes.code.tex
) (/usr/share/texlive/texmf-dist/tex/generic/pgf/modules/pgfmoduleplot.code.tex
)
(/usr/share/texlive/texmf-dist/tex/latex/pgf/compatibility/pgfcomp-version-0-65
.sty)
(/usr/share/texlive/texmf-dist/tex/latex/pgf/compatibility/pgfcomp-version-1-18
.sty)) (/usr/share/texlive/texmf-dist/tex/latex/pgf/utilities/pgffor.sty
(/usr/share/texlive/texmf-dist/tex/latex/pgf/utilities/pgfkeys.sty
(/usr/share/texlive/texmf-dist/tex/generic/pgf/utilities/pgfkeys.code.tex))
(/usr/share/texlive/texmf-dist/tex/latex/pgf/math/pgfmath.sty
(/usr/share/texlive/texmf-dist/tex/generic/pgf/math/pgfmath.code.tex))
(/usr/share/texlive/texmf-dist/tex/generic/pgf/utilities/pgffor.code.tex))
(/usr/share/texlive/texmf-dist/tex/generic/pgf/frontendlayer/tikz/tikz.code.tex

(/usr/share/texlive/texmf-dist/tex/generic/pgf/libraries/pgflibraryplothandlers
.code.tex)
(/usr/share/texlive/texmf-dist/tex/generic/pgf/modules/pgfmodulematrix.code.tex
)
(/usr/share/texlive/texmf-dist/tex/generic/pgf/frontendlayer/tikz/libraries/tik
zlibrarytopaths.code.tex)))
(/usr/share/texlive/texmf-dist/tex/generic/pgf/libraries/pgflibraryarrows.meta.
code.tex)
(/usr/share/texlive/texmf-dist/tex/generic/pgf/frontendlayer/tikz/libraries/tik
zlibrarypositioning.code.tex)
(/usr/share/texlive/texmf-dist/tex/generic/pgf/frontendlayer/tikz/libraries/tik
zlibrarycalc.code.tex)
(/usr/share/texlive/texmf-dist/tex/generic/pgf/frontendlayer/tikz/libraries/tik
zlibraryshapes.geometric.code.tex
(/usr/share/texlive/texmf-dist/tex/generic/pgf/libraries/shapes/pgflibraryshape
s.geometric.code.tex))
(/usr/share/texlive/texmf-dist/tex/generic/pgf/frontendlayer/tikz/libraries/tik
zlibraryshapes.misc.code.tex
(/usr/share/texlive/texmf-dist/tex/generic/pgf/libraries/shapes/pgflibraryshape
s.misc.code.tex))
(/usr/share/texlive/texmf-dist/tex/generic/pgf/frontendlayer/tikz/libraries/tik
zlibraryshapes.arrows.code.tex
(/usr/share/texlive/texmf-dist/tex/generic/pgf/libraries/shapes/pgflibraryshape
s.arrows.code.tex))
(/usr/share/texlive/texmf-dist/tex/generic/pgf/frontendlayer/tikz/libraries/tik
zlibrarypatterns.code.tex
(/usr/share/texlive/texmf-dist/tex/generic/pgf/libraries/pgflibrarypatterns.cod
e.tex))
(/usr/share/texlive/texmf-dist/tex/generic/pgf/frontendlayer/tikz/libraries/tik
zlibrarydecorations.pathreplacing.code.tex
(/usr/share/texlive/texmf-dist/tex/generic/pgf/frontendlayer/tikz/libraries/tik
zlibrarydecorations.code.tex
(/usr/share/texlive/texmf-dist/tex/generic/pgf/modules/pgfmoduledecorations.cod
e.tex))
(/usr/share/texlive/texmf-dist/tex/generic/pgf/libraries/decorations/pgflibrary
decorations.pathreplacing.code.tex))
(/usr/share/texlive/texmf-dist/tex/generic/pgf/frontendlayer/tikz/libraries/tik
zlibrarydecorations.markings.code.tex
(/usr/share/texlive/texmf-dist/tex/generic/pgf/libraries/decorations/pgflibrary
decorations.markings.code.tex))
(/usr/share/texlive/texmf-dist/tex/generic/pgf/frontendlayer/tikz/libraries/tik
zlibrarydecorations.pathmorphing.code.tex
(/usr/share/texlive/texmf-dist/tex/generic/pgf/libraries/decorations/pgflibrary
decorations.pathmorphing.code.tex))
(/usr/share/texlive/texmf-dist/tex/generic/pgf/frontendlayer/tikz/libraries/tik
zlibrarymatrix.code.tex)
(/usr/share/texlive/texmf-dist/tex/generic/pgf/frontendlayer/tikz/libraries/tik
zlibrarybackgrounds.code.tex)
(/usr/share/texlive/texmf-dist/tex/generic/pgf/frontendlayer/tikz/libraries/tik
zlibraryfit.code.tex)
(/usr/share/texlive/texmf-dist/tex/generic/pgf/frontendlayer/tikz/libraries/tik
zlibrarychains.code.tex)
(/usr/share/texlive/texmf-dist/tex/generic/pgf/frontendlayer/tikz/libraries/tik
zlibraryintersections.code.tex
(/usr/share/texlive/texmf-dist/tex/generic/pgf/libraries/pgflibraryintersection
s.code.tex
(/usr/share/texlive/texmf-dist/tex/generic/pgf/libraries/pgflibraryfpu.code.tex
)))
(/usr/share/texlive/texmf-dist/tex/generic/pgf/frontendlayer/tikz/libraries/tik
zlibraryangles.code.tex)
(/usr/share/texlive/texmf-dist/tex/generic/pgf/frontendlayer/tikz/libraries/tik
zlibraryquotes.code.tex)
(/usr/share/texlive/texmf-dist/tex/generic/pgf/frontendlayer/tikz/libraries/tik
zlibrary3d.code.tex)
(/usr/share/texlive/texmf-dist/tex/generic/pgf/frontendlayer/tikz/libraries/tik
zlibrarytrees.code.tex)
(/usr/share/texlive/texmf-dist/tex/generic/pgf/frontendlayer/tikz/libraries/tik
zlibraryshadows.code.tex
(/usr/share/texlive/texmf-dist/tex/generic/pgf/frontendlayer/tikz/libraries/tik
zlibraryfadings.code.tex
(/usr/share/texlive/texmf-dist/tex/generic/pgf/libraries/pgflibraryfadings.code
.tex)))
(/usr/share/texlive/texmf-dist/tex/generic/pgf/frontendlayer/tikz/libraries/tik
zlibraryshapes.multipart.code.tex
(/usr/share/texlive/texmf-dist/tex/generic/pgf/libraries/shapes/pgflibraryshape
s.multipart.code.tex))
(/usr/share/texlive/texmf-dist/tex/latex/pgfplots/pgfplots.sty
(/usr/share/texlive/texmf-dist/tex/generic/pgfplots/pgfplots.revision.tex)
(/usr/share/texlive/texmf-dist/tex/generic/pgfplots/pgfplots.code.tex
(/usr/share/texlive/texmf-dist/tex/generic/pgfplots/pgfplotscore.code.tex
(/usr/share/texlive/texmf-dist/tex/generic/pgfplots/sys/pgfplotssysgeneric.code
.tex))
(/usr/share/texlive/texmf-dist/tex/generic/pgfplots/libs/pgfplotslibrary.code.t
ex)
(/usr/share/texlive/texmf-dist/tex/generic/pgfplots/oldpgfcompatib/pgfplotsoldp
gfsupp_loader.code.tex
Package pgfplots: loading complementary utilities for your pgf version...

(/usr/share/texlive/texmf-dist/tex/generic/pgfplots/oldpgfcompatib/pgfplotsoldp
gfsupp_pgfutil-common-lists.tex))
(/usr/share/texlive/texmf-dist/tex/generic/pgfplots/util/pgfplotsutil.code.tex
(/usr/share/texlive/texmf-dist/tex/generic/pgfplots/liststructure/pgfplotslists
tructure.code.tex)
(/usr/share/texlive/texmf-dist/tex/generic/pgfplots/liststructure/pgfplotslists
tructureext.code.tex)
(/usr/share/texlive/texmf-dist/tex/generic/pgfplots/liststructure/pgfplotsarray
.code.tex)
(/usr/share/texlive/texmf-dist/tex/generic/pgfplots/liststructure/pgfplotsmatri
x.code.tex)
(/usr/share/texlive/texmf-dist/tex/generic/pgfplots/numtable/pgfplotstableshare
d.code.tex)
(/usr/share/texlive/texmf-dist/tex/generic/pgfplots/liststructure/pgfplotsdeque
.code.tex)
(/usr/share/texlive/texmf-dist/tex/generic/pgfplots/util/pgfplotsbinary.code.te
x
(/usr/share/texlive/texmf-dist/tex/generic/pgfplots/util/pgfplotsbinary.data.co
de.tex))
(/usr/share/texlive/texmf-dist/tex/generic/pgfplots/util/pgfplotsutil.verb.code
.tex)
(/usr/share/texlive/texmf-dist/tex/generic/pgfplots/libs/pgflibrarypgfplots.sur
fshading.code.tex
(/usr/share/texlive/texmf-dist/tex/generic/pgfplots/sys/pgflibrarypgfplots.surf
shading.pgfsys-pdftex.def)))
(/usr/share/texlive/texmf-dist/tex/generic/pgfplots/util/pgfplotscolormap.code.
tex
(/usr/share/texlive/texmf-dist/tex/generic/pgfplots/util/pgfplotscolor.code.tex
))
(/usr/share/texlive/texmf-dist/tex/generic/pgfplots/pgfplotsstackedplots.code.t
ex)
(/usr/share/texlive/texmf-dist/tex/generic/pgfplots/pgfplotsplothandlers.code.t
ex
(/usr/share/texlive/texmf-dist/tex/generic/pgfplots/pgfplotsmeshplothandler.cod
e.tex
(/usr/share/texlive/texmf-dist/tex/generic/pgfplots/pgfplotsmeshplotimage.code.
tex)))
(/usr/share/texlive/texmf-dist/tex/generic/pgfplots/pgfplots.scaling.code.tex)
(/usr/share/texlive/texmf-dist/tex/generic/pgfplots/pgfplotscoordprocessing.cod
e.tex)
(/usr/share/texlive/texmf-dist/tex/generic/pgfplots/pgfplots.errorbars.code.tex
) (/usr/share/texlive/texmf-dist/tex/generic/pgfplots/pgfplots.markers.code.tex
) (/usr/share/texlive/texmf-dist/tex/generic/pgfplots/pgfplotsticks.code.tex)
(/usr/share/texlive/texmf-dist/tex/generic/pgfplots/pgfplots.paths.code.tex)
(/usr/share/texlive/texmf-dist/tex/generic/pgfplots/libs/tikzlibrarypgfplots.co
ntourlua.code.tex))
(/usr/share/texlive/texmf-dist/tex/generic/pgf/frontendlayer/tikz/libraries/tik
zlibraryplotmarks.code.tex
(/usr/share/texlive/texmf-dist/tex/generic/pgf/libraries/pgflibraryplotmarks.co
de.tex)))
(/usr/share/texlive/texmf-dist/tex/generic/pgfplots/libs/tikzlibrarypgfplots.fi
llbetween.code.tex
(/usr/share/texlive/texmf-dist/tex/generic/pgfplots/pgfcontrib/tikzlibraryfillb
etween.code.tex
(/usr/share/texlive/texmf-dist/tex/generic/pgfplots/pgfcontrib/tikzlibrarydecor
ations.softclip.code.tex
(/usr/share/texlive/texmf-dist/tex/generic/pgfplots/pgfcontrib/pgflibraryfillbe
tween.code.tex)))
(/usr/share/texlive/texmf-dist/tex/generic/pgfplots/libs/tikzlibrarypgfplots.de
corations.softclip.code.tex))
(/usr/share/texlive/texmf-dist/tex/generic/pgfplots/libs/tikzlibrarypgfplots.gr
oupplots.code.tex)
(/usr/share/texlive/texmf-dist/tex/generic/pgfplots/libs/tikzlibrarypgfplots.st
atistics.code.tex) (/usr/share/texlive/texmf-dist/tex/latex/float/float.sty)
(/usr/share/texlive/texmf-dist/tex/latex/placeins/placeins.sty)
(/usr/share/texlive/texmf-dist/tex/latex/caption/caption.sty
(/usr/share/texlive/texmf-dist/tex/latex/caption/caption3.sty))
(/usr/share/texlive/texmf-dist/tex/latex/caption/subcaption.sty)
(/usr/share/texlive/texmf-dist/tex/latex/booktabs/booktabs.sty)
(/usr/share/texlive/texmf-dist/tex/latex/tools/tabularx.sty)
(/usr/share/texlive/texmf-dist/tex/latex/multirow/multirow.sty)
(/usr/share/texlive/texmf-dist/tex/latex/tools/longtable.sty)
(/usr/share/texlive/texmf-dist/tex/latex/makecell/makecell.sty)
(/usr/share/texlive/texmf-dist/tex/latex/enumitem/enumitem.sty)
(/usr/share/texlive/texmf-dist/tex/latex/algorithm2e/algorithm2e.sty
(/usr/share/texlive/texmf-dist/tex/latex/base/ifthen.sty)
(/usr/share/texlive/texmf-dist/tex/latex/ifoddpage/ifoddpage.sty)
(/usr/share/texlive/texmf-dist/tex/latex/relsize/relsize.sty))
(/usr/share/texlive/texmf-dist/tex/latex/listings/listings.sty
(/usr/share/texlive/texmf-dist/tex/latex/listings/lstmisc.sty)
(/usr/share/texlive/texmf-dist/tex/latex/listings/listings.cfg))
(/usr/share/texlive/texmf-dist/tex/latex/listings/lstlang1.sty)
(/usr/share/texlive/texmf-dist/tex/latex/titlesec/titlesec.sty)
(/usr/share/texlive/texmf-dist/tex/latex/fancyhdr/fancyhdr.sty)
(/usr/share/texlive/texmf-dist/tex/latex/biblatex/biblatex.sty
(/usr/share/texlive/texmf-dist/tex/generic/pdftexcmds/pdftexcmds.sty
(/usr/share/texlive/texmf-dist/tex/generic/infwarerr/infwarerr.sty)
(/usr/share/texlive/texmf-dist/tex/generic/ltxcmds/ltxcmds.sty))
(/usr/share/texlive/texmf-dist/tex/latex/kvoptions/kvoptions.sty
(/usr/share/texlive/texmf-dist/tex/latex/kvsetkeys/kvsetkeys.sty))
(/usr/share/texlive/texmf-dist/tex/latex/logreq/logreq.sty
(/usr/share/texlive/texmf-dist/tex/latex/logreq/logreq.def))
(/usr/share/texlive/texmf-dist/tex/latex/url/url.sty)
(/usr/share/texlive/texmf-dist/tex/latex/biblatex/blx-dm.def)
(/usr/share/texlive/texmf-dist/tex/latex/biblatex/blx-compat.def)
(/usr/share/texlive/texmf-dist/tex/latex/biblatex/biblatex.def)
(/usr/share/texlive/texmf-dist/tex/latex/biblatex/bbx/numeric-comp.bbx
(/usr/share/texlive/texmf-dist/tex/latex/biblatex/bbx/numeric.bbx
(/usr/share/texlive/texmf-dist/tex/latex/biblatex/bbx/standard.bbx)))
(/usr/share/texlive/texmf-dist/tex/latex/biblatex/cbx/numeric-comp.cbx)
(/usr/share/texlive/texmf-dist/tex/latex/biblatex/biblatex.cfg)
(/usr/share/texlive/texmf-dist/tex/latex/l3kernel/expl3.sty
(/usr/share/texlive/texmf-dist/tex/latex/l3backend/l3backend-pdftex.def))
(/usr/share/texlive/texmf-dist/tex/latex/biblatex/blx-case-expl3.sty
(/usr/share/texlive/texmf-dist/tex/latex/l3packages/xparse/xparse.sty)))
(/usr/share/texlive/texmf-dist/tex/latex/imakeidx/imakeidx.sty
(/usr/share/texlive/texmf-dist/tex/latex/xkeyval/xkeyval.sty
(/usr/share/texlive/texmf-dist/tex/generic/xkeyval/xkeyval.tex
(/usr/share/texlive/texmf-dist/tex/generic/xkeyval/xkvutils.tex)))
(/usr/share/texlive/texmf-dist/tex/generic/iftex/ifxetex.sty)
(/usr/share/texlive/texmf-dist/tex/generic/iftex/ifluatex.sty)
(/usr/share/texlive/texmf-dist/tex/latex/tools/multicol.sty))
(/usr/share/texlive/texmf-dist/tex/latex/tcolorbox/tcolorbox.sty
(/usr/share/texlive/texmf-dist/tex/latex/tools/verbatim.sty)
(/usr/share/texlive/texmf-dist/tex/latex/environ/environ.sty
(/usr/share/texlive/texmf-dist/tex/latex/trimspaces/trimspaces.sty))
(/usr/share/texlive/texmf-dist/tex/latex/tcolorbox/tcbraster.code.tex
Library (tcolorbox): 'tcbraster.code.tex' version '6.2.0'
) (/usr/share/texlive/texmf-dist/tex/latex/tcolorbox/tcbskins.code.tex
Library (tcolorbox): 'tcbskins.code.tex' version '6.2.0'
(/usr/share/texlive/texmf-dist/tex/latex/tikzfill/tikzfill.image.sty
(/usr/share/texlive/texmf-dist/tex/latex/tikzfill/tikzfill-common.sty)
(/usr/share/texlive/texmf-dist/tex/latex/tikzfill/tikzlibraryfill.image.code.te
x)) (/usr/share/texlive/texmf-dist/tex/latex/tcolorbox/tcbskinsjigsaw.code.tex
Library (tcolorbox): 'tcbskinsjigsaw.code.tex' version '6.2.0'
)) (/usr/share/texlive/texmf-dist/tex/latex/tcolorbox/tcbbreakable.code.tex
Library (tcolorbox): 'tcbbreakable.code.tex' version '6.2.0'
(/usr/share/texlive/texmf-dist/tex/latex/pdfcol/pdfcol.sty))
(/usr/share/texlive/texmf-dist/tex/latex/tcolorbox/tcbhooks.code.tex
Library (tcolorbox): 'tcbhooks.code.tex' version '6.2.0'
) (/usr/share/texlive/texmf-dist/tex/latex/tcolorbox/tcbtheorems.code.tex
Library (tcolorbox): 'tcbtheorems.code.tex' version '6.2.0'
) (/usr/share/texlive/texmf-dist/tex/latex/tcolorbox/tcbfitting.code.tex
Library (tcolorbox): 'tcbfitting.code.tex' version '6.2.0'
) (/usr/share/texlive/texmf-dist/tex/latex/tcolorbox/tcblistingsutf8.code.tex
Library (tcolorbox): 'tcblistingsutf8.code.tex' version '6.2.0'
(/usr/share/texlive/texmf-dist/tex/latex/tcolorbox/tcblistings.code.tex
Library (tcolorbox): 'tcblistings.code.tex' version '6.2.0'
(/usr/share/texlive/texmf-dist/tex/latex/tcolorbox/tcblistingscore.code.tex
Library (tcolorbox): 'tcblistingscore.code.tex' version '6.2.0'
(/usr/share/texlive/texmf-dist/tex/latex/tcolorbox/tcbprocessing.code.tex
Library (tcolorbox): 'tcbprocessing.code.tex' version '6.2.0'
))) (/usr/share/texlive/texmf-dist/tex/latex/listingsutf8/listingsutf8.sty
(/usr/share/texlive/texmf-dist/tex/generic/stringenc/stringenc.sty
(/usr/share/texlive/texmf-dist/tex/generic/pdfescape/pdfescape.sty))))
(/usr/share/texlive/texmf-dist/tex/latex/tcolorbox/tcbexternal.code.tex
Library (tcolorbox): 'tcbexternal.code.tex' version '6.2.0'
) (/usr/share/texlive/texmf-dist/tex/latex/tcolorbox/tcbmagazine.code.tex
Library (tcolorbox): 'tcbmagazine.code.tex' version '6.2.0'
) (/usr/share/texlive/texmf-dist/tex/latex/tcolorbox/tcbvignette.code.tex
Library (tcolorbox): 'tcbvignette.code.tex' version '6.2.0'
) (/usr/share/texlive/texmf-dist/tex/latex/tcolorbox/tcbposter.code.tex
Library (tcolorbox): 'tcbposter.code.tex' version '6.2.0'
)) (/usr/share/texlive/texmf-dist/tex/latex/oberdiek/aliascnt.sty)
(/usr/share/texlive/texmf-dist/tex/latex/psnfss/pifont.sty
(/usr/share/texlive/texmf-dist/tex/latex/psnfss/upzd.fd)
(/usr/share/texlive/texmf-dist/tex/latex/psnfss/upsy.fd))
(/usr/share/texlive/texmf-dist/tex/latex/hyperref/hyperref.sty
(/usr/share/texlive/texmf-dist/tex/generic/kvdefinekeys/kvdefinekeys.sty)
(/usr/share/texlive/texmf-dist/tex/latex/hycolor/hycolor.sty)
(/usr/share/texlive/texmf-dist/tex/latex/auxhook/auxhook.sty)
(/usr/share/texlive/texmf-dist/tex/latex/hyperref/nameref.sty
(/usr/share/texlive/texmf-dist/tex/latex/refcount/refcount.sty)
(/usr/share/texlive/texmf-dist/tex/generic/gettitlestring/gettitlestring.sty))
(/usr/share/texlive/texmf-dist/tex/latex/hyperref/pd1enc.def)
(/usr/share/texlive/texmf-dist/tex/generic/intcalc/intcalc.sty)
(/usr/share/texlive/texmf-dist/tex/latex/hyperref/puenc.def)
(/usr/share/texlive/texmf-dist/tex/generic/bitset/bitset.sty
(/usr/share/texlive/texmf-dist/tex/generic/bigintcalc/bigintcalc.sty))
(/usr/share/texlive/texmf-dist/tex/latex/base/atbegshi-ltx.sty))
(/usr/share/texlive/texmf-dist/tex/latex/hyperref/hpdftex.def
(/usr/share/texlive/texmf-dist/tex/latex/base/atveryend-ltx.sty)
(/usr/share/texlive/texmf-dist/tex/latex/rerunfilecheck/rerunfilecheck.sty
(/usr/share/texlive/texmf-dist/tex/generic/uniquecounter/uniquecounter.sty)))
(/usr/share/texlive/texmf-dist/tex/latex/bookmark/bookmark.sty
(/usr/share/texlive/texmf-dist/tex/latex/bookmark/bkm-pdftex.def))
(/usr/share/texlive/texmf-dist/tex/latex/cleveref/cleveref.sty))
Writing index file ch15rev.idx
(/usr/share/texmf/tex/latex/lm/t1lmr.fd) (build-ch15rev/ch15rev.aux
No file chapters/ch01-introduction.aux.
No file chapters/ch02-toolbox.aux.
No file chapters/ch03-dijkstra.aux.
No file chapters/ch04-astar.aux.
No file chapters/ch05-lpastar-dstarlite.aux.
No file chapters/ch06-arastar.aux.
No file chapters/ch07-mapf-problem.aux.
No file chapters/ch08-prioritized-planning.aux.
No file chapters/ch09-cbs.aux.
No file chapters/ch10-ecbs.aux.
No file chapters/ch11-mstar-push-and-swap.aux.
No file chapters/ch12-velocity-obstacles.aux.
No file chapters/ch13-rvo-orca.aux.
No file chapters/ch14-dwa.aux.
(build-ch15rev/chapters/ch15-potential-fields.aux)
No file chapters/ch16-rrt.aux.
No file chapters/ch17-rrt-star.aux.
No file chapters/ch18-kalman-filter.aux.
No file chapters/ch19-nonlinear-filters.aux.
No file chapters/ch20-trajectory-prediction.aux.
No file chapters/ch21-mpc.aux.
No file chapters/ch22-milp.aux.
No file chapters/ch23-consensus-formation.aux.
No file chapters/ch24-hybrid-architecture.aux.
No file chapters/ch25-experiments.aux.
No file appendices/appA-study-plan.aux.
No file appendices/appB-math-refresher.aux.
No file appendices/appC-solutions.aux.
No file appendices/glossary.aux.
)
*geometry* driver: auto-detecting
*geometry* detected driver: pdftex
(/usr/share/texlive/texmf-dist/tex/latex/microtype/mt-cmr.cfg)
(/usr/share/texlive/texmf-dist/tex/context/base/mkii/supp-pdf.mkii
[Loading MPS to PDF converter (version 2006.09.02).]
) (/usr/share/texlive/texmf-dist/tex/latex/epstopdf-pkg/epstopdf-base.sty
(/usr/share/texlive/texmf-dist/tex/latex/latexconfig/epstopdf-sys.cfg))
Package pgfplots notification 'compat/show suggested version=true': document ha
s been generated with the most recent feature set (\pgfplotsset{compat=1.18}).

(/usr/share/texlive/texmf-dist/tex/latex/caption/ltcaption.sty)
(/usr/share/texlive/texmf-dist/tex/latex/biblatex/lbx/english.lbx)
(build-ch15rev/ch15rev.bbl) (./frontmatter/titlepage.tex
(/usr/share/texmf/tex/latex/lm/t1lmss.fd) [1{/var/lib/texmf/fonts/map/pdftex/up
dmap/pdftex.map}{/usr/share/texmf/fonts/enc/dvips/lm/lm-ec.enc}])
(./frontmatter/copyright.tex (/usr/share/texmf/tex/latex/lm/ot1lmr.fd)
(/usr/share/texmf/tex/latex/lm/omllmm.fd)
(/usr/share/texmf/tex/latex/lm/omslmsy.fd)
(/usr/share/texmf/tex/latex/lm/omxlmex.fd)
(/usr/share/texlive/texmf-dist/tex/latex/amsfonts/umsa.fd)
(/usr/share/texlive/texmf-dist/tex/latex/microtype/mt-msa.cfg)
(/usr/share/texlive/texmf-dist/tex/latex/amsfonts/umsb.fd)
(/usr/share/texlive/texmf-dist/tex/latex/microtype/mt-msb.cfg)
pdfTeX warning (ext4): destination with the same identifier (name{page.i}) has 
been already used, duplicate ignored
<to be read again> 
                   \relax 
l.24 \clearpage
                [1]) (build-ch15rev/ch15rev.toc) [2] [3]
(build-ch15rev/ch15rev.loa) (./frontmatter/preface.tex [4]

LaTeX Warning: Reference `ch:appA' on page i undefined on input line 28.


LaTeX Warning: Reference `ch:appB' on page i undefined on input line 37.

(/usr/share/texmf/tex/latex/lm/ts1lmr.fd) [5{/usr/share/texmf/fonts/enc/dvips/l
m/lm-ts1.enc}]

LaTeX Warning: Reference `ch:ch01' on page i undefined on input line 64.


LaTeX Warning: Reference `ch:ch02' on page i undefined on input line 65.


LaTeX Warning: Reference `ch:ch03' on page i undefined on input line 68.


LaTeX Warning: Reference `ch:ch04' on page i undefined on input line 70.


LaTeX Warning: Reference `ch:ch05' on page i undefined on input line 71.


LaTeX Warning: Reference `ch:ch06' on page i undefined on input line 71.


LaTeX Warning: Reference `ch:ch07' on page i undefined on input line 73.


LaTeX Warning: Reference `ch:ch08' on page i undefined on input line 73.


LaTeX Warning: Reference `ch:ch09' on page i undefined on input line 74.


LaTeX Warning: Reference `ch:ch10' on page i undefined on input line 75.


LaTeX Warning: Reference `ch:ch11' on page i undefined on input line 76.


LaTeX Warning: Reference `ch:ch12' on page i undefined on input line 78.


LaTeX Warning: Reference `ch:ch13' on page i undefined on input line 78.


LaTeX Warning: Reference `ch:ch14' on page i undefined on input line 79.


LaTeX Warning: Reference `ch:ch16' on page i undefined on input line 81.


LaTeX Warning: Reference `ch:ch17' on page i undefined on input line 82.


LaTeX Warning: Reference `ch:ch18' on page i undefined on input line 83.


LaTeX Warning: Reference `ch:ch19' on page i undefined on input line 84.


LaTeX Warning: Reference `ch:ch20' on page i undefined on input line 86.


LaTeX Warning: Reference `ch:ch21' on page i undefined on input line 88.


LaTeX Warning: Reference `ch:ch22' on page i undefined on input line 88.


LaTeX Warning: Reference `ch:ch23' on page i undefined on input line 89.


LaTeX Warning: Reference `ch:ch24' on page i undefined on input line 91.


LaTeX Warning: Reference `ch:ch25' on page i undefined on input line 91.


LaTeX Warning: Reference `ch:ch04' on page i undefined on input line 98.


LaTeX Warning: Reference `ch:ch05' on page i undefined on input line 98.


LaTeX Warning: Reference `ch:ch09' on page i undefined on input line 99.


LaTeX Warning: Reference `ch:ch07' on page i undefined on input line 99.


LaTeX Warning: Reference `ch:ch13' on page i undefined on input line 99.


LaTeX Warning: Reference `ch:ch12' on page i undefined on input line 99.


LaTeX Warning: Reference `ch:ch14' on page i undefined on input line 100.


LaTeX Warning: Reference `ch:ch17' on page i undefined on input line 100.


LaTeX Warning: Reference `ch:ch16' on page i undefined on input line 100.


LaTeX Warning: Reference `ch:ch21' on page i undefined on input line 101.


LaTeX Warning: Reference `ch:ch20' on page i undefined on input line 101.


LaTeX Warning: Reference `ch:ch24' on page i undefined on input line 102.


LaTeX Warning: Reference `ch:appC' on page i undefined on input line 118.

[6] (/usr/share/texmf/tex/latex/lm/t1lmtt.fd)) (./frontmatter/notation.tex
[7{/usr/share/texmf/fonts/enc/dvips/lm/lm-rm.enc}]
(/usr/share/texmf/tex/latex/lm/ot1lmss.fd)

LaTeX Warning: Reference `ch:ch02' on page i undefined on input line 60.


LaTeX Warning: Reference `ch:ch02' on page i undefined on input line 60.


LaTeX Warning: Reference `ch:ch02' on page i undefined on input line 60.


LaTeX Warning: Reference `ch:ch02' on page i undefined on input line 60.


LaTeX Warning: Reference `ch:ch02' on page i undefined on input line 60.


LaTeX Warning: Reference `ch:ch02' on page i undefined on input line 60.


LaTeX Warning: Reference `ch:ch02' on page i undefined on input line 60.


LaTeX Warning: Reference `ch:ch02' on page i undefined on input line 60.


LaTeX Warning: Reference `ch:ch02' on page i undefined on input line 60.


LaTeX Warning: Reference `ch:ch02' on page i undefined on input line 60.


LaTeX Warning: Reference `ch:ch18' on page i undefined on input line 60.


LaTeX Warning: Reference `ch:ch02' on page i undefined on input line 86.


LaTeX Warning: Reference `ch:ch02' on page i undefined on input line 86.


LaTeX Warning: Reference `ch:ch02' on page i undefined on input line 86.


LaTeX Warning: Reference `ch:ch03' on page i undefined on input line 86.


LaTeX Warning: Reference `ch:ch04' on page i undefined on input line 86.


LaTeX Warning: Reference `ch:ch02' on page i undefined on input line 86.


LaTeX Warning: Reference `ch:ch02' on page i undefined on input line 86.


LaTeX Warning: Reference `ch:ch03' on page i undefined on input line 86.


LaTeX Warning: Reference `ch:ch02' on page i undefined on input line 86.


LaTeX Warning: Reference `ch:ch02' on page i undefined on input line 86.


LaTeX Warning: Reference `ch:ch04' on page i undefined on input line 86.


LaTeX Warning: Reference `ch:ch04' on page i undefined on input line 86.


LaTeX Warning: Reference `ch:ch04' on page i undefined on input line 86.


LaTeX Warning: Reference `ch:ch03' on page i undefined on input line 86.


LaTeX Warning: Reference `ch:ch10' on page i undefined on input line 86.


LaTeX Warning: Reference `ch:ch04' on page i undefined on input line 86.


LaTeX Warning: Reference `ch:ch06' on page i undefined on input line 86.


LaTeX Warning: Reference `ch:ch05' on page i undefined on input line 86.


LaTeX Warning: Reference `ch:ch05' on page i undefined on input line 86.

[8{/usr/share/texmf/fonts/enc/dvips/lm/lm-mathit.enc}{/usr/share/texmf/fonts/en
c/dvips/lm/lm-mathsy.enc}]

LaTeX Warning: Reference `ch:ch07' on page i undefined on input line 109.


LaTeX Warning: Reference `ch:ch07' on page i undefined on input line 109.


LaTeX Warning: Reference `ch:ch07' on page i undefined on input line 109.


LaTeX Warning: Reference `ch:ch07' on page i undefined on input line 109.


LaTeX Warning: Reference `ch:ch07' on page i undefined on input line 109.


LaTeX Warning: Reference `ch:ch07' on page i undefined on input line 109.


LaTeX Warning: Reference `ch:ch07' on page i undefined on input line 109.


LaTeX Warning: Reference `ch:ch07' on page i undefined on input line 109.


LaTeX Warning: Reference `ch:ch09' on page i undefined on input line 109.


LaTeX Warning: Reference `ch:ch09' on page i undefined on input line 109.


LaTeX Warning: Reference `ch:ch08' on page i undefined on input line 109.


LaTeX Warning: Reference `ch:ch10' on page i undefined on input line 109.


LaTeX Warning: Reference `ch:ch11' on page i undefined on input line 109.


LaTeX Warning: Reference `ch:ch02' on page i undefined on input line 140.


LaTeX Warning: Reference `ch:ch02' on page i undefined on input line 140.


LaTeX Warning: Reference `ch:ch02' on page i undefined on input line 140.


LaTeX Warning: Reference `ch:ch02' on page i undefined on input line 140.


LaTeX Warning: Reference `ch:ch02' on page i undefined on input line 140.


LaTeX Warning: Reference `ch:ch02' on page i undefined on input line 140.


LaTeX Warning: Reference `ch:ch02' on page i undefined on input line 140.


LaTeX Warning: Reference `ch:ch02' on page i undefined on input line 140.


LaTeX Warning: Reference `ch:ch02' on page i undefined on input line 140.


LaTeX Warning: Reference `ch:ch02' on page i undefined on input line 140.


LaTeX Warning: Reference `ch:ch02' on page i undefined on input line 140.


LaTeX Warning: Reference `ch:ch01' on page i undefined on input line 140.


LaTeX Warning: Reference `ch:ch12' on page i undefined on input line 140.


LaTeX Warning: Reference `ch:ch12' on page i undefined on input line 140.


LaTeX Warning: Reference `ch:ch13' on page i undefined on input line 140.


LaTeX Warning: Reference `ch:ch13' on page i undefined on input line 140.


LaTeX Warning: Reference `ch:ch13' on page i undefined on input line 140.


LaTeX Warning: Reference `ch:ch13' on page i undefined on input line 140.


LaTeX Warning: Reference `ch:ch14' on page i undefined on input line 140.


LaTeX Warning: Reference `ch:ch16' on page i undefined on input line 140.


LaTeX Warning: Reference `ch:ch16' on page i undefined on input line 140.

[9]

LaTeX Warning: Reference `ch:ch02' on page i undefined on input line 167.


LaTeX Warning: Reference `ch:ch02' on page i undefined on input line 167.


LaTeX Warning: Reference `ch:ch02' on page i undefined on input line 167.


LaTeX Warning: Reference `ch:ch02' on page i undefined on input line 167.


LaTeX Warning: Reference `ch:ch02' on page i undefined on input line 167.


LaTeX Warning: Reference `ch:ch18' on page i undefined on input line 167.


LaTeX Warning: Reference `ch:ch18' on page i undefined on input line 167.


LaTeX Warning: Reference `ch:ch18' on page i undefined on input line 167.


LaTeX Warning: Reference `ch:ch18' on page i undefined on input line 167.


LaTeX Warning: Reference `ch:ch18' on page i undefined on input line 167.


LaTeX Warning: Reference `ch:ch19' on page i undefined on input line 167.


LaTeX Warning: Reference `ch:ch19' on page i undefined on input line 167.


LaTeX Warning: Reference `ch:ch18' on page i undefined on input line 167.


LaTeX Warning: Reference `ch:ch19' on page i undefined on input line 167.


LaTeX Warning: Reference `ch:ch20' on page i undefined on input line 167.


LaTeX Warning: Reference `ch:ch20' on page i undefined on input line 167.


LaTeX Warning: Reference `ch:ch20' on page i undefined on input line 167.


LaTeX Warning: Reference `ch:ch21' on page i undefined on input line 174.


LaTeX Warning: Reference `ch:ch02' on page i undefined on input line 178.


LaTeX Warning: Reference `ch:ch21' on page i undefined on input line 178.

[10]

LaTeX Warning: Reference `ch:ch21' on page i undefined on input line 204.


LaTeX Warning: Reference `ch:ch21' on page i undefined on input line 204.


LaTeX Warning: Reference `ch:ch21' on page i undefined on input line 204.


LaTeX Warning: Reference `ch:ch21' on page i undefined on input line 204.


LaTeX Warning: Reference `ch:ch21' on page i undefined on input line 204.


LaTeX Warning: Reference `ch:ch21' on page i undefined on input line 204.


LaTeX Warning: Reference `ch:ch21' on page i undefined on input line 204.


LaTeX Warning: Reference `ch:ch21' on page i undefined on input line 204.


LaTeX Warning: Reference `ch:ch21' on page i undefined on input line 204.


LaTeX Warning: Reference `ch:ch21' on page i undefined on input line 204.


LaTeX Warning: Reference `ch:ch21' on page i undefined on input line 204.


LaTeX Warning: Reference `ch:ch21' on page i undefined on input line 204.


LaTeX Warning: Reference `ch:ch22' on page i undefined on input line 204.


LaTeX Warning: Reference `ch:ch22' on page i undefined on input line 204.


LaTeX Warning: Reference `ch:ch22' on page i undefined on input line 204.


LaTeX Warning: Reference `ch:ch23' on page i undefined on input line 225.


LaTeX Warning: Reference `ch:ch23' on page i undefined on input line 225.


LaTeX Warning: Reference `ch:ch23' on page i undefined on input line 225.


LaTeX Warning: Reference `ch:ch23' on page i undefined on input line 225.


LaTeX Warning: Reference `ch:ch23' on page i undefined on input line 225.


LaTeX Warning: Reference `ch:ch23' on page i undefined on input line 225.


LaTeX Warning: Reference `ch:ch23' on page i undefined on input line 225.


LaTeX Warning: Reference `ch:ch23' on page i undefined on input line 225.


LaTeX Warning: Reference `ch:ch23' on page i undefined on input line 225.


LaTeX Warning: Reference `ch:ch23' on page i undefined on input line 225.


LaTeX Warning: Reference `ch:ch23' on page i undefined on input line 225.

) [11] [1] [2] [3] [4] (./chapters/ch15-potential-fields.tex
Chapter 1.

LaTeX Warning: Reference `ch:ch09' on page 1 undefined on input line 24.


LaTeX Warning: Reference `ch:appA' on page 1 undefined on input line 42.


LaTeX Warning: Reference `ch:ch14' on page 1 undefined on input line 45.


LaTeX Warning: Reference `ch:ch24' on page 1 undefined on input line 47.

[5] (./figures/ch15/idea.tex)

LaTeX Warning: Reference `ch:ch02' on page 1 undefined on input line 118.

[6]

LaTeX Warning: Reference `ch:ch02' on page 1 undefined on input line 138.

[7{/usr/share/texmf/fonts/enc/dvips/lm/lm-mathex.enc}]
(./figures/ch15/surface.tex) [8] [9] (./figures/ch15/field.tex) [10] [11]

LaTeX Warning: Reference `ch:appB' on page 1 undefined on input line 559.

[12] [13] (./figures/ch15/localmin.tex) (./figures/ch15/gnron.tex) [14]

LaTeX Warning: Reference `ch:ch04' on page 1 undefined on input line 736.

(./figures/ch15/oscillation.tex) [15]

LaTeX Warning: Reference `ch:appB' on page 1 undefined on input line 795.

[16] (./figures/ch15/nopassage.tex) [17] [18]

LaTeX Warning: Reference `ch:ch03' on page 1 undefined on input line 987.


LaTeX Warning: Reference `ch:ch04' on page 1 undefined on input line 992.


LaTeX Warning: Reference `ch:ch05' on page 1 undefined on input line 993.


LaTeX Warning: Reference `ch:ch09' on page 1 undefined on input line 994.


LaTeX Warning: Reference `ch:ch24' on page 1 undefined on input line 1010.

(./figures/ch15/basin.tex) [19]

LaTeX Warning: Reference `ch:ch25' on page 1 undefined on input line 1068.


LaTeX Warning: Reference `ch:ch13' on page 1 undefined on input line 1099.

(./figures/ch15/swarm.tex) [20]

LaTeX Warning: Reference `ch:ch23' on page 1 undefined on input line 1138.


LaTeX Warning: Reference `ch:ch23' on page 1 undefined on input line 1147.


LaTeX Warning: Reference `ch:ch23' on page 1 undefined on input line 1148.

[21]

LaTeX Warning: Reference `ch:ch02' on page 1 undefined on input line 1214.


LaTeX Warning: Reference `ch:ch16' on page 1 undefined on input line 1216.

[22]

LaTeX Warning: Reference `ch:ch14' on page 1 undefined on input line 1243.


LaTeX Warning: Reference `ch:ch21' on page 1 undefined on input line 1244.


LaTeX Warning: Reference `ch:ch24' on page 1 undefined on input line 1254.


LaTeX Warning: Reference `ch:ch12' on page 1 undefined on input line 1257.


LaTeX Warning: Reference `ch:ch13' on page 1 undefined on input line 1257.


LaTeX Warning: Reference `ch:ch14' on page 1 undefined on input line 1260.


LaTeX Warning: Reference `ch:ch10' on page 1 undefined on input line 1267.


LaTeX Warning: Reference `ch:ch09' on page 1 undefined on input line 1267.


LaTeX Warning: Reference `ch:ch23' on page 1 undefined on input line 1269.


LaTeX Warning: Reference `ch:ch21' on page 1 undefined on input line 1270.


LaTeX Warning: Reference `ch:ch24' on page 1 undefined on input line 1272.


LaTeX Warning: Reference `ch:ch04' on page 1 undefined on input line 1273.


LaTeX Warning: Reference `ch:ch05' on page 1 undefined on input line 1273.


LaTeX Warning: Reference `ch:appA' on page 1 undefined on input line 1274.


LaTeX Warning: Reference `ch:ch14' on page 1 undefined on input line 1274.

[23]

LaTeX Warning: Reference `ch:ch02' on page 1 undefined on input line 1315.

[24]

LaTeX Warning: Reference `ch:ch23' on page 1 undefined on input line 1405.


LaTeX Warning: Reference `ch:appA' on page 1 undefined on input line 1410.


LaTeX Warning: Reference `ch:ch04' on page 1 undefined on input line 1423.

) [25] [26] [27] [28] [29] [30] [31]Input index file ch15rev.idx not found.
Usage: makeindex [-ilqrcgLT] [-s sty] [-o ind] [-t log] [-p num] [idx0 idx1 ...]
system returned with code 256
 (build-ch15rev/ch15rev.ind) [32]
(build-ch15rev/ch15rev.aux
No file chapters/ch01-introduction.aux.
No file chapters/ch02-toolbox.aux.
No file chapters/ch03-dijkstra.aux.
No file chapters/ch04-astar.aux.
No file chapters/ch05-lpastar-dstarlite.aux.
No file chapters/ch06-arastar.aux.
No file chapters/ch07-mapf-problem.aux.
No file chapters/ch08-prioritized-planning.aux.
No file chapters/ch09-cbs.aux.
No file chapters/ch10-ecbs.aux.
No file chapters/ch11-mstar-push-and-swap.aux.
No file chapters/ch12-velocity-obstacles.aux.
No file chapters/ch13-rvo-orca.aux.
No file chapters/ch14-dwa.aux.
(build-ch15rev/chapters/ch15-potential-fields.aux)
No file chapters/ch16-rrt.aux.
No file chapters/ch17-rrt-star.aux.
No file chapters/ch18-kalman-filter.aux.
No file chapters/ch19-nonlinear-filters.aux.
No file chapters/ch20-trajectory-prediction.aux.
No file chapters/ch21-mpc.aux.
No file chapters/ch22-milp.aux.
No file chapters/ch23-consensus-formation.aux.
No file chapters/ch24-hybrid-architecture.aux.
No file chapters/ch25-experiments.aux.
No file appendices/appA-study-plan.aux.
No file appendices/appB-math-refresher.aux.
No file appendices/appC-solutions.aux.
No file appendices/glossary.aux.
)

LaTeX Warning: There were undefined references.


LaTeX Warning: Label(s) may have changed. Rerun to get cross-references right.


Package biblatex Warning: Please rerun LaTeX.

 ) )
(see the transcript file for additional information)</usr/share/texmf/fonts/typ
e1/public/lm/lmbx10.pfb></usr/share/texmf/fonts/type1/public/lm/lmbx12.pfb></us
r/share/texmf/fonts/type1/public/lm/lmbx8.pfb></usr/share/texmf/fonts/type1/pub
lic/lm/lmbx9.pfb></usr/share/texmf/fonts/type1/public/lm/lmcsc10.pfb></usr/shar
e/texmf/fonts/type1/public/lm/lmex10.pfb></usr/share/texmf/fonts/type1/public/l
m/lmmi10.pfb></usr/share/texmf/fonts/type1/public/lm/lmmi6.pfb></usr/share/texm
f/fonts/type1/public/lm/lmmi7.pfb></usr/share/texmf/fonts/type1/public/lm/lmmi8
.pfb></usr/share/texmf/fonts/type1/public/lm/lmmi9.pfb></usr/share/texmf/fonts/
type1/public/lm/lmr10.pfb></usr/share/texmf/fonts/type1/public/lm/lmr6.pfb></us
r/share/texmf/fonts/type1/public/lm/lmr7.pfb></usr/share/texmf/fonts/type1/publ
ic/lm/lmr8.pfb></usr/share/texmf/fonts/type1/public/lm/lmr9.pfb></usr/share/tex
mf/fonts/type1/public/lm/lmri10.pfb></usr/share/texmf/fonts/type1/public/lm/lms
s10.pfb></usr/share/texmf/fonts/type1/public/lm/lmss12.pfb></usr/share/texmf/fo
nts/type1/public/lm/lmss8.pfb></usr/share/texmf/fonts/type1/public/lm/lmssbx10.
pfb></usr/share/texmf/fonts/type1/public/lm/lmsy10.pfb></usr/share/texmf/fonts/
type1/public/lm/lmsy7.pfb></usr/share/texmf/fonts/type1/public/lm/lmsy8.pfb></u
sr/share/texmf/fonts/type1/public/lm/lmsy9.pfb></usr/share/texmf/fonts/type1/pu
blic/lm/lmtk10.pfb></usr/share/texmf/fonts/type1/public/lm/lmtt10.pfb></usr/sha
re/texmf/fonts/type1/public/lm/lmtti10.pfb></usr/share/texlive/texmf-dist/fonts
/type1/public/amsfonts/symbols/msbm10.pfb></usr/share/texlive/texmf-dist/fonts/
type1/urw/zapfding/uzdr.pfb>
Output written on build-ch15rev/ch15rev.pdf (44 pages, 856333 bytes).
SyncTeX written on build-ch15rev/ch15rev.synctex.gz.
Transcript written on build-ch15rev/ch15rev.log.
Latexmk: Missing input file 'chapters/ch01-introduction.aux' (or dependence on it) from following:
  No file chapters/ch01-introduction.aux.
Latexmk: Missing input file 'chapters/ch02-toolbox.aux' (or dependence on it) from following:
  No file chapters/ch02-toolbox.aux.
Latexmk: Missing input file 'chapters/ch03-dijkstra.aux' (or dependence on it) from following:
  No file chapters/ch03-dijkstra.aux.
Latexmk: Missing input file 'chapters/ch04-astar.aux' (or dependence on it) from following:
  No file chapters/ch04-astar.aux.
Latexmk: Missing input file 'chapters/ch05-lpastar-dstarlite.aux' (or dependence on it) from following:
  No file chapters/ch05-lpastar-dstarlite.aux.
Latexmk: Missing input file 'chapters/ch06-arastar.aux' (or dependence on it) from following:
  No file chapters/ch06-arastar.aux.
Latexmk: Missing input file 'chapters/ch07-mapf-problem.aux' (or dependence on it) from following:
  No file chapters/ch07-mapf-problem.aux.
Latexmk: Missing input file 'chapters/ch08-prioritized-planning.aux' (or dependence on it) from following:
  No file chapters/ch08-prioritized-planning.aux.
Latexmk: Missing input file 'chapters/ch09-cbs.aux' (or dependence on it) from following:
  No file chapters/ch09-cbs.aux.
Latexmk: Missing input file 'chapters/ch10-ecbs.aux' (or dependence on it) from following:
  No file chapters/ch10-ecbs.aux.
Latexmk: Missing input file 'chapters/ch11-mstar-push-and-swap.aux' (or dependence on it) from following:
  No file chapters/ch11-mstar-push-and-swap.aux.
Latexmk: Missing input file 'chapters/ch12-velocity-obstacles.aux' (or dependence on it) from following:
  No file chapters/ch12-velocity-obstacles.aux.
Latexmk: Missing input file 'chapters/ch13-rvo-orca.aux' (or dependence on it) from following:
  No file chapters/ch13-rvo-orca.aux.
Latexmk: Missing input file 'chapters/ch14-dwa.aux' (or dependence on it) from following:
  No file chapters/ch14-dwa.aux.
Latexmk: Missing input file 'chapters/ch16-rrt.aux' (or dependence on it) from following:
  No file chapters/ch16-rrt.aux.
Latexmk: Missing input file 'chapters/ch17-rrt-star.aux' (or dependence on it) from following:
  No file chapters/ch17-rrt-star.aux.
Latexmk: Missing input file 'chapters/ch18-kalman-filter.aux' (or dependence on it) from following:
  No file chapters/ch18-kalman-filter.aux.
Latexmk: Missing input file 'chapters/ch19-nonlinear-filters.aux' (or dependence on it) from following:
  No file chapters/ch19-nonlinear-filters.aux.
Latexmk: Missing input file 'chapters/ch20-trajectory-prediction.aux' (or dependence on it) from following:
  No file chapters/ch20-trajectory-prediction.aux.
Latexmk: Missing input file 'chapters/ch21-mpc.aux' (or dependence on it) from following:
  No file chapters/ch21-mpc.aux.
Latexmk: Missing input file 'chapters/ch22-milp.aux' (or dependence on it) from following:
  No file chapters/ch22-milp.aux.
Latexmk: Missing input file 'chapters/ch23-consensus-formation.aux' (or dependence on it) from following:
  No file chapters/ch23-consensus-formation.aux.
Latexmk: Missing input file 'chapters/ch24-hybrid-architecture.aux' (or dependence on it) from following:
  No file chapters/ch24-hybrid-architecture.aux.
Latexmk: Missing input file 'chapters/ch25-experiments.aux' (or dependence on it) from following:
  No file chapters/ch25-experiments.aux.
Latexmk: Missing input file 'appendices/appA-study-plan.aux' (or dependence on it) from following:
  No file appendices/appA-study-plan.aux.
Latexmk: Missing input file 'appendices/appB-math-refresher.aux' (or dependence on it) from following:
  No file appendices/appB-math-refresher.aux.
Latexmk: Missing input file 'appendices/appC-solutions.aux' (or dependence on it) from following:
  No file appendices/appC-solutions.aux.
Latexmk: Missing input file 'appendices/glossary.aux' (or dependence on it) from following:
  No file appendices/glossary.aux.
Latexmk: Missing input file 'chapters/ch01-introduction.aux' (or dependence on it) from following:
  No file chapters/ch01-introduction.aux.
Latexmk: Missing input file 'chapters/ch02-toolbox.aux' (or dependence on it) from following:
  No file chapters/ch02-toolbox.aux.
Latexmk: Missing input file 'chapters/ch03-dijkstra.aux' (or dependence on it) from following:
  No file chapters/ch03-dijkstra.aux.
Latexmk: Missing input file 'chapters/ch04-astar.aux' (or dependence on it) from following:
  No file chapters/ch04-astar.aux.
Latexmk: Missing input file 'chapters/ch05-lpastar-dstarlite.aux' (or dependence on it) from following:
  No file chapters/ch05-lpastar-dstarlite.aux.
Latexmk: Missing input file 'chapters/ch06-arastar.aux' (or dependence on it) from following:
  No file chapters/ch06-arastar.aux.
Latexmk: Missing input file 'chapters/ch07-mapf-problem.aux' (or dependence on it) from following:
  No file chapters/ch07-mapf-problem.aux.
Latexmk: Missing input file 'chapters/ch08-prioritized-planning.aux' (or dependence on it) from following:
  No file chapters/ch08-prioritized-planning.aux.
Latexmk: Missing input file 'chapters/ch09-cbs.aux' (or dependence on it) from following:
  No file chapters/ch09-cbs.aux.
Latexmk: Missing input file 'chapters/ch10-ecbs.aux' (or dependence on it) from following:
  No file chapters/ch10-ecbs.aux.
Latexmk: Missing input file 'chapters/ch11-mstar-push-and-swap.aux' (or dependence on it) from following:
  No file chapters/ch11-mstar-push-and-swap.aux.
Latexmk: Missing input file 'chapters/ch12-velocity-obstacles.aux' (or dependence on it) from following:
  No file chapters/ch12-velocity-obstacles.aux.
Latexmk: Missing input file 'chapters/ch13-rvo-orca.aux' (or dependence on it) from following:
  No file chapters/ch13-rvo-orca.aux.
Latexmk: Missing input file 'chapters/ch14-dwa.aux' (or dependence on it) from following:
  No file chapters/ch14-dwa.aux.
Latexmk: Missing input file 'chapters/ch16-rrt.aux' (or dependence on it) from following:
  No file chapters/ch16-rrt.aux.
Latexmk: Missing input file 'chapters/ch17-rrt-star.aux' (or dependence on it) from following:
  No file chapters/ch17-rrt-star.aux.
Latexmk: Missing input file 'chapters/ch18-kalman-filter.aux' (or dependence on it) from following:
  No file chapters/ch18-kalman-filter.aux.
Latexmk: Missing input file 'chapters/ch19-nonlinear-filters.aux' (or dependence on it) from following:
  No file chapters/ch19-nonlinear-filters.aux.
Latexmk: Missing input file 'chapters/ch20-trajectory-prediction.aux' (or dependence on it) from following:
  No file chapters/ch20-trajectory-prediction.aux.
Latexmk: Missing input file 'chapters/ch21-mpc.aux' (or dependence on it) from following:
  No file chapters/ch21-mpc.aux.
Latexmk: Missing input file 'chapters/ch22-milp.aux' (or dependence on it) from following:
  No file chapters/ch22-milp.aux.
Latexmk: Missing input file 'chapters/ch23-consensus-formation.aux' (or dependence on it) from following:
  No file chapters/ch23-consensus-formation.aux.
Latexmk: Missing input file 'chapters/ch24-hybrid-architecture.aux' (or dependence on it) from following:
  No file chapters/ch24-hybrid-architecture.aux.
Latexmk: Missing input file 'chapters/ch25-experiments.aux' (or dependence on it) from following:
  No file chapters/ch25-experiments.aux.
Latexmk: Missing input file 'appendices/appA-study-plan.aux' (or dependence on it) from following:
  No file appendices/appA-study-plan.aux.
Latexmk: Missing input file 'appendices/appB-math-refresher.aux' (or dependence on it) from following:
  No file appendices/appB-math-refresher.aux.
Latexmk: Missing input file 'appendices/appC-solutions.aux' (or dependence on it) from following:
  No file appendices/appC-solutions.aux.
Latexmk: Missing input file 'appendices/glossary.aux' (or dependence on it) from following:
  No file appendices/glossary.aux.
Latexmk: Getting log file 'build-ch15rev/ch15rev.log'
Latexmk: Examining 'build-ch15rev/ch15rev.fls'
Latexmk: Examining 'build-ch15rev/ch15rev.log'
Latexmk: Index file 'build-ch15rev/ch15rev.idx' was written
Latexmk: Found input bbl file 'build-ch15rev/ch15rev.bbl'
Latexmk: References changed.
Latexmk: Log file says output to 'build-ch15rev/ch15rev.pdf'
Latexmk: Bibliography file(s) from .bcf file:
  bib/ch01-extra.bib
  bib/ch02-extra.bib
  bib/ch03-extra.bib
  bib/ch04-extra.bib
  bib/ch05-extra.bib
  bib/ch06-extra.bib
  bib/ch07-extra.bib
  bib/ch08-extra.bib
  bib/ch09-extra.bib
  bib/ch10-extra.bib
  bib/ch11-extra.bib
  bib/ch12-extra.bib
  bib/ch13-extra.bib
  bib/ch14-extra.bib
  bib/ch15-extra.bib
  bib/ch16-extra.bib
  bib/ch17-extra.bib
  bib/ch18-extra.bib
  bib/ch19-extra.bib
  bib/ch20-extra.bib
  bib/ch21-extra.bib
  bib/ch22-extra.bib
  bib/ch23-extra.bib
  bib/ch24-extra.bib
  bib/ch25-extra.bib
  references.bib
Latexmk: applying rule 'makeindex build-ch15rev/ch15rev.idx'...
Rule 'makeindex build-ch15rev/ch15rev.idx':  Reasons for rerun
Changed files or newly in use/created:
  build-ch15rev/ch15rev.idx

------------
Run number 2 of rule 'makeindex build-ch15rev/ch15rev.idx'
------------
Latexmk: Change directory to 'build-ch15rev/'.
------------
Running 'makeindex  -o "ch15rev.ind" "ch15rev.idx"'
------------
This is makeindex, version 2.17 [TeX Live 2023] (kpathsea + Thai support).
Scanning input file ch15rev.idx....done (30 entries accepted, 0 rejected).
Sorting entries....done (154 comparisons).
Generating output file ch15rev.ind....done (72 lines written, 0 warnings).
Output written in ch15rev.ind.
Transcript written in ch15rev.ilg.
Latexmk: Change directory back to '/home/user/searchbook/Overleaf'
Latexmk: applying rule 'pdflatex'...
Rule 'pdflatex':  Reasons for rerun
Changed files or newly in use/created:
  build-ch15rev/ch15rev.aux
  build-ch15rev/ch15rev.ind
  build-ch15rev/ch15rev.run.xml
  build-ch15rev/ch15rev.toc
  build-ch15rev/chapters/ch15-potential-fields.aux

------------
Run number 3 of rule 'pdflatex'
------------
------------
Running 'pdflatex -interaction=nonstopmode -file-line-error -synctex=1  -recorder --jobname="ch15rev" -output-directory="build-ch15rev"  "./ch15rev.tex"'
------------
This is pdfTeX, Version 3.141592653-2.6-1.40.25 (TeX Live 2023/Debian) (preloaded format=pdflatex)
 restricted \write18 enabled.
entering extended mode
(./ch15rev.tex
LaTeX2e <2023-11-01> patch level 1
L3 programming layer <2024-01-22>
(./main.tex (/usr/share/texlive/texmf-dist/tex/latex/base/book.cls
Document Class: book 2023/05/17 v1.4n Standard LaTeX document class
(/usr/share/texlive/texmf-dist/tex/latex/base/bk11.clo)) (./searchbook.sty
(/usr/share/texlive/texmf-dist/tex/latex/base/fontenc.sty)
(/usr/share/texlive/texmf-dist/tex/latex/base/inputenc.sty)
(/usr/share/texmf/tex/latex/lm/lmodern.sty)
(/usr/share/texlive/texmf-dist/tex/latex/base/textcomp.sty)
(/usr/share/texlive/texmf-dist/tex/latex/geometry/geometry.sty
(/usr/share/texlive/texmf-dist/tex/latex/graphics/keyval.sty)
(/usr/share/texlive/texmf-dist/tex/generic/iftex/ifvtex.sty
(/usr/share/texlive/texmf-dist/tex/generic/iftex/iftex.sty)))
(/usr/share/texlive/texmf-dist/tex/latex/microtype/microtype.sty
(/usr/share/texlive/texmf-dist/tex/latex/etoolbox/etoolbox.sty)
(/usr/share/texlive/texmf-dist/tex/latex/microtype/microtype-pdftex.def)
(/usr/share/texlive/texmf-dist/tex/latex/microtype/microtype.cfg))
(/usr/share/texlive/texmf-dist/tex/latex/emptypage/emptypage.sty)
(/usr/share/texlive/texmf-dist/tex/latex/tools/xspace.sty)
(/usr/share/texlive/texmf-dist/tex/latex/needspace/needspace.sty)
(/usr/share/texlive/texmf-dist/tex/latex/amsmath/amsmath.sty
For additional information on amsmath, use the `?' option.
(/usr/share/texlive/texmf-dist/tex/latex/amsmath/amstext.sty
(/usr/share/texlive/texmf-dist/tex/latex/amsmath/amsgen.sty))
(/usr/share/texlive/texmf-dist/tex/latex/amsmath/amsbsy.sty)
(/usr/share/texlive/texmf-dist/tex/latex/amsmath/amsopn.sty))
(/usr/share/texlive/texmf-dist/tex/latex/amsfonts/amssymb.sty
(/usr/share/texlive/texmf-dist/tex/latex/amsfonts/amsfonts.sty))
(/usr/share/texlive/texmf-dist/tex/latex/amscls/amsthm.sty)
(/usr/share/texlive/texmf-dist/tex/latex/mathtools/mathtools.sty
(/usr/share/texlive/texmf-dist/tex/latex/tools/calc.sty)
(/usr/share/texlive/texmf-dist/tex/latex/mathtools/mhsetup.sty))
(/usr/share/texlive/texmf-dist/tex/latex/tools/bm.sty)
(/usr/share/texlive/texmf-dist/tex/latex/xcolor/xcolor.sty
(/usr/share/texlive/texmf-dist/tex/latex/graphics-cfg/color.cfg)
(/usr/share/texlive/texmf-dist/tex/latex/graphics-def/pdftex.def)
(/usr/share/texlive/texmf-dist/tex/latex/graphics/mathcolor.ltx))
(/usr/share/texlive/texmf-dist/tex/latex/graphics/dvipsnam.def)
(/usr/share/texlive/texmf-dist/tex/latex/xcolor/svgnam.def)
(/usr/share/texlive/texmf-dist/tex/latex/colortbl/colortbl.sty
(/usr/share/texlive/texmf-dist/tex/latex/tools/array.sty))
(/usr/share/texlive/texmf-dist/tex/latex/graphics/graphicx.sty
(/usr/share/texlive/texmf-dist/tex/latex/graphics/graphics.sty
(/usr/share/texlive/texmf-dist/tex/latex/graphics/trig.sty)
(/usr/share/texlive/texmf-dist/tex/latex/graphics-cfg/graphics.cfg)))
(/usr/share/texlive/texmf-dist/tex/latex/pgf/frontendlayer/tikz.sty
(/usr/share/texlive/texmf-dist/tex/latex/pgf/basiclayer/pgf.sty
(/usr/share/texlive/texmf-dist/tex/latex/pgf/utilities/pgfrcs.sty
(/usr/share/texlive/texmf-dist/tex/generic/pgf/utilities/pgfutil-common.tex)
(/usr/share/texlive/texmf-dist/tex/generic/pgf/utilities/pgfutil-latex.def)
(/usr/share/texlive/texmf-dist/tex/generic/pgf/utilities/pgfrcs.code.tex
(/usr/share/texlive/texmf-dist/tex/generic/pgf/pgf.revision.tex)))
(/usr/share/texlive/texmf-dist/tex/latex/pgf/basiclayer/pgfcore.sty
(/usr/share/texlive/texmf-dist/tex/latex/pgf/systemlayer/pgfsys.sty
(/usr/share/texlive/texmf-dist/tex/generic/pgf/systemlayer/pgfsys.code.tex
(/usr/share/texlive/texmf-dist/tex/generic/pgf/utilities/pgfkeys.code.tex
(/usr/share/texlive/texmf-dist/tex/generic/pgf/utilities/pgfkeyslibraryfiltered
.code.tex)) (/usr/share/texlive/texmf-dist/tex/generic/pgf/systemlayer/pgf.cfg)
(/usr/share/texlive/texmf-dist/tex/generic/pgf/systemlayer/pgfsys-pdftex.def
(/usr/share/texlive/texmf-dist/tex/generic/pgf/systemlayer/pgfsys-common-pdf.de
f)))
(/usr/share/texlive/texmf-dist/tex/generic/pgf/systemlayer/pgfsyssoftpath.code.
tex)
(/usr/share/texlive/texmf-dist/tex/generic/pgf/systemlayer/pgfsysprotocol.code.
tex))
(/usr/share/texlive/texmf-dist/tex/generic/pgf/basiclayer/pgfcore.code.tex
(/usr/share/texlive/texmf-dist/tex/generic/pgf/math/pgfmath.code.tex
(/usr/share/texlive/texmf-dist/tex/generic/pgf/math/pgfmathutil.code.tex)
(/usr/share/texlive/texmf-dist/tex/generic/pgf/math/pgfmathparser.code.tex)
(/usr/share/texlive/texmf-dist/tex/generic/pgf/math/pgfmathfunctions.code.tex)
(/usr/share/texlive/texmf-dist/tex/generic/pgf/math/pgfmathfunctions.basic.code
.tex)
(/usr/share/texlive/texmf-dist/tex/generic/pgf/math/pgfmathfunctions.trigonomet
ric.code.tex)
(/usr/share/texlive/texmf-dist/tex/generic/pgf/math/pgfmathfunctions.random.cod
e.tex)
(/usr/share/texlive/texmf-dist/tex/generic/pgf/math/pgfmathfunctions.comparison
.code.tex)
(/usr/share/texlive/texmf-dist/tex/generic/pgf/math/pgfmathfunctions.base.code.
tex)
(/usr/share/texlive/texmf-dist/tex/generic/pgf/math/pgfmathfunctions.round.code
.tex)
(/usr/share/texlive/texmf-dist/tex/generic/pgf/math/pgfmathfunctions.misc.code.
tex)
(/usr/share/texlive/texmf-dist/tex/generic/pgf/math/pgfmathfunctions.integerari
thmetics.code.tex)
(/usr/share/texlive/texmf-dist/tex/generic/pgf/math/pgfmathcalc.code.tex)
(/usr/share/texlive/texmf-dist/tex/generic/pgf/math/pgfmathfloat.code.tex))
(/usr/share/texlive/texmf-dist/tex/generic/pgf/math/pgfint.code.tex)
(/usr/share/texlive/texmf-dist/tex/generic/pgf/basiclayer/pgfcorepoints.code.te
x)
(/usr/share/texlive/texmf-dist/tex/generic/pgf/basiclayer/pgfcorepathconstruct.
code.tex)
(/usr/share/texlive/texmf-dist/tex/generic/pgf/basiclayer/pgfcorepathusage.code
.tex)
(/usr/share/texlive/texmf-dist/tex/generic/pgf/basiclayer/pgfcorescopes.code.te
x)
(/usr/share/texlive/texmf-dist/tex/generic/pgf/basiclayer/pgfcoregraphicstate.c
ode.tex)
(/usr/share/texlive/texmf-dist/tex/generic/pgf/basiclayer/pgfcoretransformation
s.code.tex)
(/usr/share/texlive/texmf-dist/tex/generic/pgf/basiclayer/pgfcorequick.code.tex
)
(/usr/share/texlive/texmf-dist/tex/generic/pgf/basiclayer/pgfcoreobjects.code.t
ex)
(/usr/share/texlive/texmf-dist/tex/generic/pgf/basiclayer/pgfcorepathprocessing
.code.tex)
(/usr/share/texlive/texmf-dist/tex/generic/pgf/basiclayer/pgfcorearrows.code.te
x)
(/usr/share/texlive/texmf-dist/tex/generic/pgf/basiclayer/pgfcoreshade.code.tex
)
(/usr/share/texlive/texmf-dist/tex/generic/pgf/basiclayer/pgfcoreimage.code.tex
)
(/usr/share/texlive/texmf-dist/tex/generic/pgf/basiclayer/pgfcoreexternal.code.
tex)
(/usr/share/texlive/texmf-dist/tex/generic/pgf/basiclayer/pgfcorelayers.code.te
x)
(/usr/share/texlive/texmf-dist/tex/generic/pgf/basiclayer/pgfcoretransparency.c
ode.tex)
(/usr/share/texlive/texmf-dist/tex/generic/pgf/basiclayer/pgfcorepatterns.code.
tex)
(/usr/share/texlive/texmf-dist/tex/generic/pgf/basiclayer/pgfcorerdf.code.tex))
)
(/usr/share/texlive/texmf-dist/tex/generic/pgf/modules/pgfmoduleshapes.code.tex
) (/usr/share/texlive/texmf-dist/tex/generic/pgf/modules/pgfmoduleplot.code.tex
)
(/usr/share/texlive/texmf-dist/tex/latex/pgf/compatibility/pgfcomp-version-0-65
.sty)
(/usr/share/texlive/texmf-dist/tex/latex/pgf/compatibility/pgfcomp-version-1-18
.sty)) (/usr/share/texlive/texmf-dist/tex/latex/pgf/utilities/pgffor.sty
(/usr/share/texlive/texmf-dist/tex/latex/pgf/utilities/pgfkeys.sty
(/usr/share/texlive/texmf-dist/tex/generic/pgf/utilities/pgfkeys.code.tex))
(/usr/share/texlive/texmf-dist/tex/latex/pgf/math/pgfmath.sty
(/usr/share/texlive/texmf-dist/tex/generic/pgf/math/pgfmath.code.tex))
(/usr/share/texlive/texmf-dist/tex/generic/pgf/utilities/pgffor.code.tex))
(/usr/share/texlive/texmf-dist/tex/generic/pgf/frontendlayer/tikz/tikz.code.tex

(/usr/share/texlive/texmf-dist/tex/generic/pgf/libraries/pgflibraryplothandlers
.code.tex)
(/usr/share/texlive/texmf-dist/tex/generic/pgf/modules/pgfmodulematrix.code.tex
)
(/usr/share/texlive/texmf-dist/tex/generic/pgf/frontendlayer/tikz/libraries/tik
zlibrarytopaths.code.tex)))
(/usr/share/texlive/texmf-dist/tex/generic/pgf/libraries/pgflibraryarrows.meta.
code.tex)
(/usr/share/texlive/texmf-dist/tex/generic/pgf/frontendlayer/tikz/libraries/tik
zlibrarypositioning.code.tex)
(/usr/share/texlive/texmf-dist/tex/generic/pgf/frontendlayer/tikz/libraries/tik
zlibrarycalc.code.tex)
(/usr/share/texlive/texmf-dist/tex/generic/pgf/frontendlayer/tikz/libraries/tik
zlibraryshapes.geometric.code.tex
(/usr/share/texlive/texmf-dist/tex/generic/pgf/libraries/shapes/pgflibraryshape
s.geometric.code.tex))
(/usr/share/texlive/texmf-dist/tex/generic/pgf/frontendlayer/tikz/libraries/tik
zlibraryshapes.misc.code.tex
(/usr/share/texlive/texmf-dist/tex/generic/pgf/libraries/shapes/pgflibraryshape
s.misc.code.tex))
(/usr/share/texlive/texmf-dist/tex/generic/pgf/frontendlayer/tikz/libraries/tik
zlibraryshapes.arrows.code.tex
(/usr/share/texlive/texmf-dist/tex/generic/pgf/libraries/shapes/pgflibraryshape
s.arrows.code.tex))
(/usr/share/texlive/texmf-dist/tex/generic/pgf/frontendlayer/tikz/libraries/tik
zlibrarypatterns.code.tex
(/usr/share/texlive/texmf-dist/tex/generic/pgf/libraries/pgflibrarypatterns.cod
e.tex))
(/usr/share/texlive/texmf-dist/tex/generic/pgf/frontendlayer/tikz/libraries/tik
zlibrarydecorations.pathreplacing.code.tex
(/usr/share/texlive/texmf-dist/tex/generic/pgf/frontendlayer/tikz/libraries/tik
zlibrarydecorations.code.tex
(/usr/share/texlive/texmf-dist/tex/generic/pgf/modules/pgfmoduledecorations.cod
e.tex))
(/usr/share/texlive/texmf-dist/tex/generic/pgf/libraries/decorations/pgflibrary
decorations.pathreplacing.code.tex))
(/usr/share/texlive/texmf-dist/tex/generic/pgf/frontendlayer/tikz/libraries/tik
zlibrarydecorations.markings.code.tex
(/usr/share/texlive/texmf-dist/tex/generic/pgf/libraries/decorations/pgflibrary
decorations.markings.code.tex))
(/usr/share/texlive/texmf-dist/tex/generic/pgf/frontendlayer/tikz/libraries/tik
zlibrarydecorations.pathmorphing.code.tex
(/usr/share/texlive/texmf-dist/tex/generic/pgf/libraries/decorations/pgflibrary
decorations.pathmorphing.code.tex))
(/usr/share/texlive/texmf-dist/tex/generic/pgf/frontendlayer/tikz/libraries/tik
zlibrarymatrix.code.tex)
(/usr/share/texlive/texmf-dist/tex/generic/pgf/frontendlayer/tikz/libraries/tik
zlibrarybackgrounds.code.tex)
(/usr/share/texlive/texmf-dist/tex/generic/pgf/frontendlayer/tikz/libraries/tik
zlibraryfit.code.tex)
(/usr/share/texlive/texmf-dist/tex/generic/pgf/frontendlayer/tikz/libraries/tik
zlibrarychains.code.tex)
(/usr/share/texlive/texmf-dist/tex/generic/pgf/frontendlayer/tikz/libraries/tik
zlibraryintersections.code.tex
(/usr/share/texlive/texmf-dist/tex/generic/pgf/libraries/pgflibraryintersection
s.code.tex
(/usr/share/texlive/texmf-dist/tex/generic/pgf/libraries/pgflibraryfpu.code.tex
)))
(/usr/share/texlive/texmf-dist/tex/generic/pgf/frontendlayer/tikz/libraries/tik
zlibraryangles.code.tex)
(/usr/share/texlive/texmf-dist/tex/generic/pgf/frontendlayer/tikz/libraries/tik
zlibraryquotes.code.tex)
(/usr/share/texlive/texmf-dist/tex/generic/pgf/frontendlayer/tikz/libraries/tik
zlibrary3d.code.tex)
(/usr/share/texlive/texmf-dist/tex/generic/pgf/frontendlayer/tikz/libraries/tik
zlibrarytrees.code.tex)
(/usr/share/texlive/texmf-dist/tex/generic/pgf/frontendlayer/tikz/libraries/tik
zlibraryshadows.code.tex
(/usr/share/texlive/texmf-dist/tex/generic/pgf/frontendlayer/tikz/libraries/tik
zlibraryfadings.code.tex
(/usr/share/texlive/texmf-dist/tex/generic/pgf/libraries/pgflibraryfadings.code
.tex)))
(/usr/share/texlive/texmf-dist/tex/generic/pgf/frontendlayer/tikz/libraries/tik
zlibraryshapes.multipart.code.tex
(/usr/share/texlive/texmf-dist/tex/generic/pgf/libraries/shapes/pgflibraryshape
s.multipart.code.tex))
(/usr/share/texlive/texmf-dist/tex/latex/pgfplots/pgfplots.sty
(/usr/share/texlive/texmf-dist/tex/generic/pgfplots/pgfplots.revision.tex)
(/usr/share/texlive/texmf-dist/tex/generic/pgfplots/pgfplots.code.tex
(/usr/share/texlive/texmf-dist/tex/generic/pgfplots/pgfplotscore.code.tex
(/usr/share/texlive/texmf-dist/tex/generic/pgfplots/sys/pgfplotssysgeneric.code
.tex))
(/usr/share/texlive/texmf-dist/tex/generic/pgfplots/libs/pgfplotslibrary.code.t
ex)
(/usr/share/texlive/texmf-dist/tex/generic/pgfplots/oldpgfcompatib/pgfplotsoldp
gfsupp_loader.code.tex
Package pgfplots: loading complementary utilities for your pgf version...

(/usr/share/texlive/texmf-dist/tex/generic/pgfplots/oldpgfcompatib/pgfplotsoldp
gfsupp_pgfutil-common-lists.tex))
(/usr/share/texlive/texmf-dist/tex/generic/pgfplots/util/pgfplotsutil.code.tex
(/usr/share/texlive/texmf-dist/tex/generic/pgfplots/liststructure/pgfplotslists
tructure.code.tex)
(/usr/share/texlive/texmf-dist/tex/generic/pgfplots/liststructure/pgfplotslists
tructureext.code.tex)
(/usr/share/texlive/texmf-dist/tex/generic/pgfplots/liststructure/pgfplotsarray
.code.tex)
(/usr/share/texlive/texmf-dist/tex/generic/pgfplots/liststructure/pgfplotsmatri
x.code.tex)
(/usr/share/texlive/texmf-dist/tex/generic/pgfplots/numtable/pgfplotstableshare
d.code.tex)
(/usr/share/texlive/texmf-dist/tex/generic/pgfplots/liststructure/pgfplotsdeque
.code.tex)
(/usr/share/texlive/texmf-dist/tex/generic/pgfplots/util/pgfplotsbinary.code.te
x
(/usr/share/texlive/texmf-dist/tex/generic/pgfplots/util/pgfplotsbinary.data.co
de.tex))
(/usr/share/texlive/texmf-dist/tex/generic/pgfplots/util/pgfplotsutil.verb.code
.tex)
(/usr/share/texlive/texmf-dist/tex/generic/pgfplots/libs/pgflibrarypgfplots.sur
fshading.code.tex
(/usr/share/texlive/texmf-dist/tex/generic/pgfplots/sys/pgflibrarypgfplots.surf
shading.pgfsys-pdftex.def)))
(/usr/share/texlive/texmf-dist/tex/generic/pgfplots/util/pgfplotscolormap.code.
tex
(/usr/share/texlive/texmf-dist/tex/generic/pgfplots/util/pgfplotscolor.code.tex
))
(/usr/share/texlive/texmf-dist/tex/generic/pgfplots/pgfplotsstackedplots.code.t
ex)
(/usr/share/texlive/texmf-dist/tex/generic/pgfplots/pgfplotsplothandlers.code.t
ex
(/usr/share/texlive/texmf-dist/tex/generic/pgfplots/pgfplotsmeshplothandler.cod
e.tex
(/usr/share/texlive/texmf-dist/tex/generic/pgfplots/pgfplotsmeshplotimage.code.
tex)))
(/usr/share/texlive/texmf-dist/tex/generic/pgfplots/pgfplots.scaling.code.tex)
(/usr/share/texlive/texmf-dist/tex/generic/pgfplots/pgfplotscoordprocessing.cod
e.tex)
(/usr/share/texlive/texmf-dist/tex/generic/pgfplots/pgfplots.errorbars.code.tex
) (/usr/share/texlive/texmf-dist/tex/generic/pgfplots/pgfplots.markers.code.tex
) (/usr/share/texlive/texmf-dist/tex/generic/pgfplots/pgfplotsticks.code.tex)
(/usr/share/texlive/texmf-dist/tex/generic/pgfplots/pgfplots.paths.code.tex)
(/usr/share/texlive/texmf-dist/tex/generic/pgfplots/libs/tikzlibrarypgfplots.co
ntourlua.code.tex))
(/usr/share/texlive/texmf-dist/tex/generic/pgf/frontendlayer/tikz/libraries/tik
zlibraryplotmarks.code.tex
(/usr/share/texlive/texmf-dist/tex/generic/pgf/libraries/pgflibraryplotmarks.co
de.tex)))
(/usr/share/texlive/texmf-dist/tex/generic/pgfplots/libs/tikzlibrarypgfplots.fi
llbetween.code.tex
(/usr/share/texlive/texmf-dist/tex/generic/pgfplots/pgfcontrib/tikzlibraryfillb
etween.code.tex
(/usr/share/texlive/texmf-dist/tex/generic/pgfplots/pgfcontrib/tikzlibrarydecor
ations.softclip.code.tex
(/usr/share/texlive/texmf-dist/tex/generic/pgfplots/pgfcontrib/pgflibraryfillbe
tween.code.tex)))
(/usr/share/texlive/texmf-dist/tex/generic/pgfplots/libs/tikzlibrarypgfplots.de
corations.softclip.code.tex))
(/usr/share/texlive/texmf-dist/tex/generic/pgfplots/libs/tikzlibrarypgfplots.gr
oupplots.code.tex)
(/usr/share/texlive/texmf-dist/tex/generic/pgfplots/libs/tikzlibrarypgfplots.st
atistics.code.tex) (/usr/share/texlive/texmf-dist/tex/latex/float/float.sty)
(/usr/share/texlive/texmf-dist/tex/latex/placeins/placeins.sty)
(/usr/share/texlive/texmf-dist/tex/latex/caption/caption.sty
(/usr/share/texlive/texmf-dist/tex/latex/caption/caption3.sty))
(/usr/share/texlive/texmf-dist/tex/latex/caption/subcaption.sty)
(/usr/share/texlive/texmf-dist/tex/latex/booktabs/booktabs.sty)
(/usr/share/texlive/texmf-dist/tex/latex/tools/tabularx.sty)
(/usr/share/texlive/texmf-dist/tex/latex/multirow/multirow.sty)
(/usr/share/texlive/texmf-dist/tex/latex/tools/longtable.sty)
(/usr/share/texlive/texmf-dist/tex/latex/makecell/makecell.sty)
(/usr/share/texlive/texmf-dist/tex/latex/enumitem/enumitem.sty)
(/usr/share/texlive/texmf-dist/tex/latex/algorithm2e/algorithm2e.sty
(/usr/share/texlive/texmf-dist/tex/latex/base/ifthen.sty)
(/usr/share/texlive/texmf-dist/tex/latex/ifoddpage/ifoddpage.sty)
(/usr/share/texlive/texmf-dist/tex/latex/relsize/relsize.sty))
(/usr/share/texlive/texmf-dist/tex/latex/listings/listings.sty
(/usr/share/texlive/texmf-dist/tex/latex/listings/lstmisc.sty)
(/usr/share/texlive/texmf-dist/tex/latex/listings/listings.cfg))
(/usr/share/texlive/texmf-dist/tex/latex/listings/lstlang1.sty)
(/usr/share/texlive/texmf-dist/tex/latex/titlesec/titlesec.sty)
(/usr/share/texlive/texmf-dist/tex/latex/fancyhdr/fancyhdr.sty)
(/usr/share/texlive/texmf-dist/tex/latex/biblatex/biblatex.sty
(/usr/share/texlive/texmf-dist/tex/generic/pdftexcmds/pdftexcmds.sty
(/usr/share/texlive/texmf-dist/tex/generic/infwarerr/infwarerr.sty)
(/usr/share/texlive/texmf-dist/tex/generic/ltxcmds/ltxcmds.sty))
(/usr/share/texlive/texmf-dist/tex/latex/kvoptions/kvoptions.sty
(/usr/share/texlive/texmf-dist/tex/latex/kvsetkeys/kvsetkeys.sty))
(/usr/share/texlive/texmf-dist/tex/latex/logreq/logreq.sty
(/usr/share/texlive/texmf-dist/tex/latex/logreq/logreq.def))
(/usr/share/texlive/texmf-dist/tex/latex/url/url.sty)
(/usr/share/texlive/texmf-dist/tex/latex/biblatex/blx-dm.def)
(/usr/share/texlive/texmf-dist/tex/latex/biblatex/blx-compat.def)
(/usr/share/texlive/texmf-dist/tex/latex/biblatex/biblatex.def)
(/usr/share/texlive/texmf-dist/tex/latex/biblatex/bbx/numeric-comp.bbx
(/usr/share/texlive/texmf-dist/tex/latex/biblatex/bbx/numeric.bbx
(/usr/share/texlive/texmf-dist/tex/latex/biblatex/bbx/standard.bbx)))
(/usr/share/texlive/texmf-dist/tex/latex/biblatex/cbx/numeric-comp.cbx)
(/usr/share/texlive/texmf-dist/tex/latex/biblatex/biblatex.cfg)
(/usr/share/texlive/texmf-dist/tex/latex/l3kernel/expl3.sty
(/usr/share/texlive/texmf-dist/tex/latex/l3backend/l3backend-pdftex.def))
(/usr/share/texlive/texmf-dist/tex/latex/biblatex/blx-case-expl3.sty
(/usr/share/texlive/texmf-dist/tex/latex/l3packages/xparse/xparse.sty)))
(/usr/share/texlive/texmf-dist/tex/latex/imakeidx/imakeidx.sty
(/usr/share/texlive/texmf-dist/tex/latex/xkeyval/xkeyval.sty
(/usr/share/texlive/texmf-dist/tex/generic/xkeyval/xkeyval.tex
(/usr/share/texlive/texmf-dist/tex/generic/xkeyval/xkvutils.tex)))
(/usr/share/texlive/texmf-dist/tex/generic/iftex/ifxetex.sty)
(/usr/share/texlive/texmf-dist/tex/generic/iftex/ifluatex.sty)
(/usr/share/texlive/texmf-dist/tex/latex/tools/multicol.sty))
(/usr/share/texlive/texmf-dist/tex/latex/tcolorbox/tcolorbox.sty
(/usr/share/texlive/texmf-dist/tex/latex/tools/verbatim.sty)
(/usr/share/texlive/texmf-dist/tex/latex/environ/environ.sty
(/usr/share/texlive/texmf-dist/tex/latex/trimspaces/trimspaces.sty))
(/usr/share/texlive/texmf-dist/tex/latex/tcolorbox/tcbraster.code.tex
Library (tcolorbox): 'tcbraster.code.tex' version '6.2.0'
) (/usr/share/texlive/texmf-dist/tex/latex/tcolorbox/tcbskins.code.tex
Library (tcolorbox): 'tcbskins.code.tex' version '6.2.0'
(/usr/share/texlive/texmf-dist/tex/latex/tikzfill/tikzfill.image.sty
(/usr/share/texlive/texmf-dist/tex/latex/tikzfill/tikzfill-common.sty)
(/usr/share/texlive/texmf-dist/tex/latex/tikzfill/tikzlibraryfill.image.code.te
x)) (/usr/share/texlive/texmf-dist/tex/latex/tcolorbox/tcbskinsjigsaw.code.tex
Library (tcolorbox): 'tcbskinsjigsaw.code.tex' version '6.2.0'
)) (/usr/share/texlive/texmf-dist/tex/latex/tcolorbox/tcbbreakable.code.tex
Library (tcolorbox): 'tcbbreakable.code.tex' version '6.2.0'
(/usr/share/texlive/texmf-dist/tex/latex/pdfcol/pdfcol.sty))
(/usr/share/texlive/texmf-dist/tex/latex/tcolorbox/tcbhooks.code.tex
Library (tcolorbox): 'tcbhooks.code.tex' version '6.2.0'
) (/usr/share/texlive/texmf-dist/tex/latex/tcolorbox/tcbtheorems.code.tex
Library (tcolorbox): 'tcbtheorems.code.tex' version '6.2.0'
) (/usr/share/texlive/texmf-dist/tex/latex/tcolorbox/tcbfitting.code.tex
Library (tcolorbox): 'tcbfitting.code.tex' version '6.2.0'
) (/usr/share/texlive/texmf-dist/tex/latex/tcolorbox/tcblistingsutf8.code.tex
Library (tcolorbox): 'tcblistingsutf8.code.tex' version '6.2.0'
(/usr/share/texlive/texmf-dist/tex/latex/tcolorbox/tcblistings.code.tex
Library (tcolorbox): 'tcblistings.code.tex' version '6.2.0'
(/usr/share/texlive/texmf-dist/tex/latex/tcolorbox/tcblistingscore.code.tex
Library (tcolorbox): 'tcblistingscore.code.tex' version '6.2.0'
(/usr/share/texlive/texmf-dist/tex/latex/tcolorbox/tcbprocessing.code.tex
Library (tcolorbox): 'tcbprocessing.code.tex' version '6.2.0'
))) (/usr/share/texlive/texmf-dist/tex/latex/listingsutf8/listingsutf8.sty
(/usr/share/texlive/texmf-dist/tex/generic/stringenc/stringenc.sty
(/usr/share/texlive/texmf-dist/tex/generic/pdfescape/pdfescape.sty))))
(/usr/share/texlive/texmf-dist/tex/latex/tcolorbox/tcbexternal.code.tex
Library (tcolorbox): 'tcbexternal.code.tex' version '6.2.0'
) (/usr/share/texlive/texmf-dist/tex/latex/tcolorbox/tcbmagazine.code.tex
Library (tcolorbox): 'tcbmagazine.code.tex' version '6.2.0'
) (/usr/share/texlive/texmf-dist/tex/latex/tcolorbox/tcbvignette.code.tex
Library (tcolorbox): 'tcbvignette.code.tex' version '6.2.0'
) (/usr/share/texlive/texmf-dist/tex/latex/tcolorbox/tcbposter.code.tex
Library (tcolorbox): 'tcbposter.code.tex' version '6.2.0'
)) (/usr/share/texlive/texmf-dist/tex/latex/oberdiek/aliascnt.sty)
(/usr/share/texlive/texmf-dist/tex/latex/psnfss/pifont.sty
(/usr/share/texlive/texmf-dist/tex/latex/psnfss/upzd.fd)
(/usr/share/texlive/texmf-dist/tex/latex/psnfss/upsy.fd))
(/usr/share/texlive/texmf-dist/tex/latex/hyperref/hyperref.sty
(/usr/share/texlive/texmf-dist/tex/generic/kvdefinekeys/kvdefinekeys.sty)
(/usr/share/texlive/texmf-dist/tex/latex/hycolor/hycolor.sty)
(/usr/share/texlive/texmf-dist/tex/latex/auxhook/auxhook.sty)
(/usr/share/texlive/texmf-dist/tex/latex/hyperref/nameref.sty
(/usr/share/texlive/texmf-dist/tex/latex/refcount/refcount.sty)
(/usr/share/texlive/texmf-dist/tex/generic/gettitlestring/gettitlestring.sty))
(/usr/share/texlive/texmf-dist/tex/latex/hyperref/pd1enc.def)
(/usr/share/texlive/texmf-dist/tex/generic/intcalc/intcalc.sty)
(/usr/share/texlive/texmf-dist/tex/latex/hyperref/puenc.def)
(/usr/share/texlive/texmf-dist/tex/generic/bitset/bitset.sty
(/usr/share/texlive/texmf-dist/tex/generic/bigintcalc/bigintcalc.sty))
(/usr/share/texlive/texmf-dist/tex/latex/base/atbegshi-ltx.sty))
(/usr/share/texlive/texmf-dist/tex/latex/hyperref/hpdftex.def
(/usr/share/texlive/texmf-dist/tex/latex/base/atveryend-ltx.sty)
(/usr/share/texlive/texmf-dist/tex/latex/rerunfilecheck/rerunfilecheck.sty
(/usr/share/texlive/texmf-dist/tex/generic/uniquecounter/uniquecounter.sty)))
(/usr/share/texlive/texmf-dist/tex/latex/bookmark/bookmark.sty
(/usr/share/texlive/texmf-dist/tex/latex/bookmark/bkm-pdftex.def))
(/usr/share/texlive/texmf-dist/tex/latex/cleveref/cleveref.sty))
Writing index file ch15rev.idx
(/usr/share/texmf/tex/latex/lm/t1lmr.fd) (build-ch15rev/ch15rev.aux
No file chapters/ch01-introduction.aux.
No file chapters/ch02-toolbox.aux.
No file chapters/ch03-dijkstra.aux.
No file chapters/ch04-astar.aux.
No file chapters/ch05-lpastar-dstarlite.aux.
No file chapters/ch06-arastar.aux.
No file chapters/ch07-mapf-problem.aux.
No file chapters/ch08-prioritized-planning.aux.
No file chapters/ch09-cbs.aux.
No file chapters/ch10-ecbs.aux.
No file chapters/ch11-mstar-push-and-swap.aux.
No file chapters/ch12-velocity-obstacles.aux.
No file chapters/ch13-rvo-orca.aux.
No file chapters/ch14-dwa.aux.
(build-ch15rev/chapters/ch15-potential-fields.aux)
No file chapters/ch16-rrt.aux.
No file chapters/ch17-rrt-star.aux.
No file chapters/ch18-kalman-filter.aux.
No file chapters/ch19-nonlinear-filters.aux.
No file chapters/ch20-trajectory-prediction.aux.
No file chapters/ch21-mpc.aux.
No file chapters/ch22-milp.aux.
No file chapters/ch23-consensus-formation.aux.
No file chapters/ch24-hybrid-architecture.aux.
No file chapters/ch25-experiments.aux.
No file appendices/appA-study-plan.aux.
No file appendices/appB-math-refresher.aux.
No file appendices/appC-solutions.aux.
No file appendices/glossary.aux.
)
*geometry* driver: auto-detecting
*geometry* detected driver: pdftex
(/usr/share/texlive/texmf-dist/tex/latex/microtype/mt-cmr.cfg)
(/usr/share/texlive/texmf-dist/tex/context/base/mkii/supp-pdf.mkii
[Loading MPS to PDF converter (version 2006.09.02).]
) (/usr/share/texlive/texmf-dist/tex/latex/epstopdf-pkg/epstopdf-base.sty
(/usr/share/texlive/texmf-dist/tex/latex/latexconfig/epstopdf-sys.cfg))
Package pgfplots notification 'compat/show suggested version=true': document ha
s been generated with the most recent feature set (\pgfplotsset{compat=1.18}).

(/usr/share/texlive/texmf-dist/tex/latex/caption/ltcaption.sty)
(/usr/share/texlive/texmf-dist/tex/latex/biblatex/lbx/english.lbx)
(build-ch15rev/ch15rev.bbl) (./frontmatter/titlepage.tex
(/usr/share/texmf/tex/latex/lm/t1lmss.fd) [1{/var/lib/texmf/fonts/map/pdftex/up
dmap/pdftex.map}{/usr/share/texmf/fonts/enc/dvips/lm/lm-ec.enc}])
(./frontmatter/copyright.tex (/usr/share/texmf/tex/latex/lm/ot1lmr.fd)
(/usr/share/texmf/tex/latex/lm/omllmm.fd)
(/usr/share/texmf/tex/latex/lm/omslmsy.fd)
(/usr/share/texmf/tex/latex/lm/omxlmex.fd)
(/usr/share/texlive/texmf-dist/tex/latex/amsfonts/umsa.fd)
(/usr/share/texlive/texmf-dist/tex/latex/microtype/mt-msa.cfg)
(/usr/share/texlive/texmf-dist/tex/latex/amsfonts/umsb.fd)
(/usr/share/texlive/texmf-dist/tex/latex/microtype/mt-msb.cfg)
pdfTeX warning (ext4): destination with the same identifier (name{page.i}) has 
been already used, duplicate ignored
<to be read again> 
                   \relax 
l.24 \clearpage
                [1]) (build-ch15rev/ch15rev.toc [2]) [3]
(build-ch15rev/ch15rev.loa) (./frontmatter/preface.tex [4]

LaTeX Warning: Reference `ch:appA' on page i undefined on input line 28.


LaTeX Warning: Reference `ch:appB' on page i undefined on input line 37.

(/usr/share/texmf/tex/latex/lm/ts1lmr.fd) [5{/usr/share/texmf/fonts/enc/dvips/l
m/lm-ts1.enc}]

LaTeX Warning: Reference `ch:ch01' on page i undefined on input line 64.


LaTeX Warning: Reference `ch:ch02' on page i undefined on input line 65.


LaTeX Warning: Reference `ch:ch03' on page i undefined on input line 68.


LaTeX Warning: Reference `ch:ch04' on page i undefined on input line 70.


LaTeX Warning: Reference `ch:ch05' on page i undefined on input line 71.


LaTeX Warning: Reference `ch:ch06' on page i undefined on input line 71.


LaTeX Warning: Reference `ch:ch07' on page i undefined on input line 73.


LaTeX Warning: Reference `ch:ch08' on page i undefined on input line 73.


LaTeX Warning: Reference `ch:ch09' on page i undefined on input line 74.


LaTeX Warning: Reference `ch:ch10' on page i undefined on input line 75.


LaTeX Warning: Reference `ch:ch11' on page i undefined on input line 76.


LaTeX Warning: Reference `ch:ch12' on page i undefined on input line 78.


LaTeX Warning: Reference `ch:ch13' on page i undefined on input line 78.


LaTeX Warning: Reference `ch:ch14' on page i undefined on input line 79.


LaTeX Warning: Reference `ch:ch16' on page i undefined on input line 81.


LaTeX Warning: Reference `ch:ch17' on page i undefined on input line 82.


LaTeX Warning: Reference `ch:ch18' on page i undefined on input line 83.


LaTeX Warning: Reference `ch:ch19' on page i undefined on input line 84.


LaTeX Warning: Reference `ch:ch20' on page i undefined on input line 86.


LaTeX Warning: Reference `ch:ch21' on page i undefined on input line 88.


LaTeX Warning: Reference `ch:ch22' on page i undefined on input line 88.


LaTeX Warning: Reference `ch:ch23' on page i undefined on input line 89.


LaTeX Warning: Reference `ch:ch24' on page i undefined on input line 91.


LaTeX Warning: Reference `ch:ch25' on page i undefined on input line 91.


LaTeX Warning: Reference `ch:ch04' on page i undefined on input line 98.


LaTeX Warning: Reference `ch:ch05' on page i undefined on input line 98.


LaTeX Warning: Reference `ch:ch09' on page i undefined on input line 99.


LaTeX Warning: Reference `ch:ch07' on page i undefined on input line 99.


LaTeX Warning: Reference `ch:ch13' on page i undefined on input line 99.


LaTeX Warning: Reference `ch:ch12' on page i undefined on input line 99.


LaTeX Warning: Reference `ch:ch14' on page i undefined on input line 100.


LaTeX Warning: Reference `ch:ch17' on page i undefined on input line 100.


LaTeX Warning: Reference `ch:ch16' on page i undefined on input line 100.


LaTeX Warning: Reference `ch:ch21' on page i undefined on input line 101.


LaTeX Warning: Reference `ch:ch20' on page i undefined on input line 101.


LaTeX Warning: Reference `ch:ch24' on page i undefined on input line 102.


LaTeX Warning: Reference `ch:appC' on page i undefined on input line 118.

[6] (/usr/share/texmf/tex/latex/lm/t1lmtt.fd)) (./frontmatter/notation.tex
[7{/usr/share/texmf/fonts/enc/dvips/lm/lm-rm.enc}]
(/usr/share/texmf/tex/latex/lm/ot1lmss.fd)

LaTeX Warning: Reference `ch:ch02' on page i undefined on input line 60.


LaTeX Warning: Reference `ch:ch02' on page i undefined on input line 60.


LaTeX Warning: Reference `ch:ch02' on page i undefined on input line 60.


LaTeX Warning: Reference `ch:ch02' on page i undefined on input line 60.


LaTeX Warning: Reference `ch:ch02' on page i undefined on input line 60.


LaTeX Warning: Reference `ch:ch02' on page i undefined on input line 60.


LaTeX Warning: Reference `ch:ch02' on page i undefined on input line 60.


LaTeX Warning: Reference `ch:ch02' on page i undefined on input line 60.


LaTeX Warning: Reference `ch:ch02' on page i undefined on input line 60.


LaTeX Warning: Reference `ch:ch02' on page i undefined on input line 60.


LaTeX Warning: Reference `ch:ch18' on page i undefined on input line 60.


LaTeX Warning: Reference `ch:ch02' on page i undefined on input line 86.


LaTeX Warning: Reference `ch:ch02' on page i undefined on input line 86.


LaTeX Warning: Reference `ch:ch02' on page i undefined on input line 86.


LaTeX Warning: Reference `ch:ch03' on page i undefined on input line 86.


LaTeX Warning: Reference `ch:ch04' on page i undefined on input line 86.


LaTeX Warning: Reference `ch:ch02' on page i undefined on input line 86.


LaTeX Warning: Reference `ch:ch02' on page i undefined on input line 86.


LaTeX Warning: Reference `ch:ch03' on page i undefined on input line 86.


LaTeX Warning: Reference `ch:ch02' on page i undefined on input line 86.


LaTeX Warning: Reference `ch:ch02' on page i undefined on input line 86.


LaTeX Warning: Reference `ch:ch04' on page i undefined on input line 86.


LaTeX Warning: Reference `ch:ch04' on page i undefined on input line 86.


LaTeX Warning: Reference `ch:ch04' on page i undefined on input line 86.


LaTeX Warning: Reference `ch:ch03' on page i undefined on input line 86.


LaTeX Warning: Reference `ch:ch10' on page i undefined on input line 86.


LaTeX Warning: Reference `ch:ch04' on page i undefined on input line 86.


LaTeX Warning: Reference `ch:ch06' on page i undefined on input line 86.


LaTeX Warning: Reference `ch:ch05' on page i undefined on input line 86.


LaTeX Warning: Reference `ch:ch05' on page i undefined on input line 86.

[8{/usr/share/texmf/fonts/enc/dvips/lm/lm-mathit.enc}{/usr/share/texmf/fonts/en
c/dvips/lm/lm-mathsy.enc}]

LaTeX Warning: Reference `ch:ch07' on page i undefined on input line 109.


LaTeX Warning: Reference `ch:ch07' on page i undefined on input line 109.


LaTeX Warning: Reference `ch:ch07' on page i undefined on input line 109.


LaTeX Warning: Reference `ch:ch07' on page i undefined on input line 109.


LaTeX Warning: Reference `ch:ch07' on page i undefined on input line 109.


LaTeX Warning: Reference `ch:ch07' on page i undefined on input line 109.


LaTeX Warning: Reference `ch:ch07' on page i undefined on input line 109.


LaTeX Warning: Reference `ch:ch07' on page i undefined on input line 109.


LaTeX Warning: Reference `ch:ch09' on page i undefined on input line 109.


LaTeX Warning: Reference `ch:ch09' on page i undefined on input line 109.


LaTeX Warning: Reference `ch:ch08' on page i undefined on input line 109.


LaTeX Warning: Reference `ch:ch10' on page i undefined on input line 109.


LaTeX Warning: Reference `ch:ch11' on page i undefined on input line 109.


LaTeX Warning: Reference `ch:ch02' on page i undefined on input line 140.


LaTeX Warning: Reference `ch:ch02' on page i undefined on input line 140.


LaTeX Warning: Reference `ch:ch02' on page i undefined on input line 140.


LaTeX Warning: Reference `ch:ch02' on page i undefined on input line 140.


LaTeX Warning: Reference `ch:ch02' on page i undefined on input line 140.


LaTeX Warning: Reference `ch:ch02' on page i undefined on input line 140.


LaTeX Warning: Reference `ch:ch02' on page i undefined on input line 140.


LaTeX Warning: Reference `ch:ch02' on page i undefined on input line 140.


LaTeX Warning: Reference `ch:ch02' on page i undefined on input line 140.


LaTeX Warning: Reference `ch:ch02' on page i undefined on input line 140.


LaTeX Warning: Reference `ch:ch02' on page i undefined on input line 140.


LaTeX Warning: Reference `ch:ch01' on page i undefined on input line 140.


LaTeX Warning: Reference `ch:ch12' on page i undefined on input line 140.


LaTeX Warning: Reference `ch:ch12' on page i undefined on input line 140.


LaTeX Warning: Reference `ch:ch13' on page i undefined on input line 140.


LaTeX Warning: Reference `ch:ch13' on page i undefined on input line 140.


LaTeX Warning: Reference `ch:ch13' on page i undefined on input line 140.


LaTeX Warning: Reference `ch:ch13' on page i undefined on input line 140.


LaTeX Warning: Reference `ch:ch14' on page i undefined on input line 140.


LaTeX Warning: Reference `ch:ch16' on page i undefined on input line 140.


LaTeX Warning: Reference `ch:ch16' on page i undefined on input line 140.

[9]

LaTeX Warning: Reference `ch:ch02' on page i undefined on input line 167.


LaTeX Warning: Reference `ch:ch02' on page i undefined on input line 167.


LaTeX Warning: Reference `ch:ch02' on page i undefined on input line 167.


LaTeX Warning: Reference `ch:ch02' on page i undefined on input line 167.


LaTeX Warning: Reference `ch:ch02' on page i undefined on input line 167.


LaTeX Warning: Reference `ch:ch18' on page i undefined on input line 167.


LaTeX Warning: Reference `ch:ch18' on page i undefined on input line 167.


LaTeX Warning: Reference `ch:ch18' on page i undefined on input line 167.


LaTeX Warning: Reference `ch:ch18' on page i undefined on input line 167.


LaTeX Warning: Reference `ch:ch18' on page i undefined on input line 167.


LaTeX Warning: Reference `ch:ch19' on page i undefined on input line 167.


LaTeX Warning: Reference `ch:ch19' on page i undefined on input line 167.


LaTeX Warning: Reference `ch:ch18' on page i undefined on input line 167.


LaTeX Warning: Reference `ch:ch19' on page i undefined on input line 167.


LaTeX Warning: Reference `ch:ch20' on page i undefined on input line 167.


LaTeX Warning: Reference `ch:ch20' on page i undefined on input line 167.


LaTeX Warning: Reference `ch:ch20' on page i undefined on input line 167.


LaTeX Warning: Reference `ch:ch21' on page i undefined on input line 174.


LaTeX Warning: Reference `ch:ch02' on page i undefined on input line 178.


LaTeX Warning: Reference `ch:ch21' on page i undefined on input line 178.

[10]

LaTeX Warning: Reference `ch:ch21' on page i undefined on input line 204.


LaTeX Warning: Reference `ch:ch21' on page i undefined on input line 204.


LaTeX Warning: Reference `ch:ch21' on page i undefined on input line 204.


LaTeX Warning: Reference `ch:ch21' on page i undefined on input line 204.


LaTeX Warning: Reference `ch:ch21' on page i undefined on input line 204.


LaTeX Warning: Reference `ch:ch21' on page i undefined on input line 204.


LaTeX Warning: Reference `ch:ch21' on page i undefined on input line 204.


LaTeX Warning: Reference `ch:ch21' on page i undefined on input line 204.


LaTeX Warning: Reference `ch:ch21' on page i undefined on input line 204.


LaTeX Warning: Reference `ch:ch21' on page i undefined on input line 204.


LaTeX Warning: Reference `ch:ch21' on page i undefined on input line 204.


LaTeX Warning: Reference `ch:ch21' on page i undefined on input line 204.


LaTeX Warning: Reference `ch:ch22' on page i undefined on input line 204.


LaTeX Warning: Reference `ch:ch22' on page i undefined on input line 204.


LaTeX Warning: Reference `ch:ch22' on page i undefined on input line 204.


LaTeX Warning: Reference `ch:ch23' on page i undefined on input line 225.


LaTeX Warning: Reference `ch:ch23' on page i undefined on input line 225.


LaTeX Warning: Reference `ch:ch23' on page i undefined on input line 225.


LaTeX Warning: Reference `ch:ch23' on page i undefined on input line 225.


LaTeX Warning: Reference `ch:ch23' on page i undefined on input line 225.


LaTeX Warning: Reference `ch:ch23' on page i undefined on input line 225.


LaTeX Warning: Reference `ch:ch23' on page i undefined on input line 225.


LaTeX Warning: Reference `ch:ch23' on page i undefined on input line 225.


LaTeX Warning: Reference `ch:ch23' on page i undefined on input line 225.


LaTeX Warning: Reference `ch:ch23' on page i undefined on input line 225.


LaTeX Warning: Reference `ch:ch23' on page i undefined on input line 225.

) [11] [1] [2] [3] [4] (./chapters/ch15-potential-fields.tex
Chapter 1.

LaTeX Warning: Reference `ch:ch09' on page 1 undefined on input line 24.


LaTeX Warning: Reference `ch:appA' on page 1 undefined on input line 42.


LaTeX Warning: Reference `ch:ch14' on page 1 undefined on input line 45.


LaTeX Warning: Reference `ch:ch24' on page 1 undefined on input line 47.

[5] (./figures/ch15/idea.tex)

LaTeX Warning: Reference `ch:ch02' on page 1 undefined on input line 118.

[6]

LaTeX Warning: Reference `ch:ch02' on page 1 undefined on input line 138.

[7{/usr/share/texmf/fonts/enc/dvips/lm/lm-mathex.enc}]
(./figures/ch15/surface.tex) [8] [9] (./figures/ch15/field.tex) [10] [11]

LaTeX Warning: Reference `ch:appB' on page 1 undefined on input line 559.

[12] [13] (./figures/ch15/localmin.tex) (./figures/ch15/gnron.tex) [14]

LaTeX Warning: Reference `ch:ch04' on page 1 undefined on input line 736.

(./figures/ch15/oscillation.tex) [15]

LaTeX Warning: Reference `ch:appB' on page 1 undefined on input line 795.

[16] (./figures/ch15/nopassage.tex) [17] [18]

LaTeX Warning: Reference `ch:ch03' on page 1 undefined on input line 987.


LaTeX Warning: Reference `ch:ch04' on page 1 undefined on input line 992.


LaTeX Warning: Reference `ch:ch05' on page 1 undefined on input line 993.


LaTeX Warning: Reference `ch:ch09' on page 1 undefined on input line 994.


LaTeX Warning: Reference `ch:ch24' on page 1 undefined on input line 1010.

(./figures/ch15/basin.tex) [19]

LaTeX Warning: Reference `ch:ch25' on page 1 undefined on input line 1068.


LaTeX Warning: Reference `ch:ch13' on page 1 undefined on input line 1099.

(./figures/ch15/swarm.tex) [20]

LaTeX Warning: Reference `ch:ch23' on page 1 undefined on input line 1138.


LaTeX Warning: Reference `ch:ch23' on page 1 undefined on input line 1147.


LaTeX Warning: Reference `ch:ch23' on page 1 undefined on input line 1148.

[21]

LaTeX Warning: Reference `ch:ch02' on page 1 undefined on input line 1214.


LaTeX Warning: Reference `ch:ch16' on page 1 undefined on input line 1216.

[22]

LaTeX Warning: Reference `ch:ch14' on page 1 undefined on input line 1243.


LaTeX Warning: Reference `ch:ch21' on page 1 undefined on input line 1244.


LaTeX Warning: Reference `ch:ch24' on page 1 undefined on input line 1254.


LaTeX Warning: Reference `ch:ch12' on page 1 undefined on input line 1257.


LaTeX Warning: Reference `ch:ch13' on page 1 undefined on input line 1257.


LaTeX Warning: Reference `ch:ch14' on page 1 undefined on input line 1260.


LaTeX Warning: Reference `ch:ch10' on page 1 undefined on input line 1267.


LaTeX Warning: Reference `ch:ch09' on page 1 undefined on input line 1267.


LaTeX Warning: Reference `ch:ch23' on page 1 undefined on input line 1269.


LaTeX Warning: Reference `ch:ch21' on page 1 undefined on input line 1270.


LaTeX Warning: Reference `ch:ch24' on page 1 undefined on input line 1272.


LaTeX Warning: Reference `ch:ch04' on page 1 undefined on input line 1273.


LaTeX Warning: Reference `ch:ch05' on page 1 undefined on input line 1273.


LaTeX Warning: Reference `ch:appA' on page 1 undefined on input line 1274.


LaTeX Warning: Reference `ch:ch14' on page 1 undefined on input line 1274.

[23]

LaTeX Warning: Reference `ch:ch02' on page 1 undefined on input line 1315.

[24]

LaTeX Warning: Reference `ch:ch23' on page 1 undefined on input line 1405.


LaTeX Warning: Reference `ch:appA' on page 1 undefined on input line 1410.


LaTeX Warning: Reference `ch:ch04' on page 1 undefined on input line 1423.

) [25] [26] [27] [28] [29] [30] [31]Input index file ch15rev.idx not found.
Usage: makeindex [-ilqrcgLT] [-s sty] [-o ind] [-t log] [-p num] [idx0 idx1 ...]
system returned with code 256
 (build-ch15rev/ch15rev.ind) [32]
(build-ch15rev/ch15rev.aux
No file chapters/ch01-introduction.aux.
No file chapters/ch02-toolbox.aux.
No file chapters/ch03-dijkstra.aux.
No file chapters/ch04-astar.aux.
No file chapters/ch05-lpastar-dstarlite.aux.
No file chapters/ch06-arastar.aux.
No file chapters/ch07-mapf-problem.aux.
No file chapters/ch08-prioritized-planning.aux.
No file chapters/ch09-cbs.aux.
No file chapters/ch10-ecbs.aux.
No file chapters/ch11-mstar-push-and-swap.aux.
No file chapters/ch12-velocity-obstacles.aux.
No file chapters/ch13-rvo-orca.aux.
No file chapters/ch14-dwa.aux.
(build-ch15rev/chapters/ch15-potential-fields.aux)
No file chapters/ch16-rrt.aux.
No file chapters/ch17-rrt-star.aux.
No file chapters/ch18-kalman-filter.aux.
No file chapters/ch19-nonlinear-filters.aux.
No file chapters/ch20-trajectory-prediction.aux.
No file chapters/ch21-mpc.aux.
No file chapters/ch22-milp.aux.
No file chapters/ch23-consensus-formation.aux.
No file chapters/ch24-hybrid-architecture.aux.
No file chapters/ch25-experiments.aux.
No file appendices/appA-study-plan.aux.
No file appendices/appB-math-refresher.aux.
No file appendices/appC-solutions.aux.
No file appendices/glossary.aux.
)

LaTeX Warning: There were undefined references.

 ) )
(see the transcript file for additional information)</usr/share/texmf/fonts/typ
e1/public/lm/lmbx10.pfb></usr/share/texmf/fonts/type1/public/lm/lmbx12.pfb></us
r/share/texmf/fonts/type1/public/lm/lmbx8.pfb></usr/share/texmf/fonts/type1/pub
lic/lm/lmbx9.pfb></usr/share/texmf/fonts/type1/public/lm/lmcsc10.pfb></usr/shar
e/texmf/fonts/type1/public/lm/lmex10.pfb></usr/share/texmf/fonts/type1/public/l
m/lmmi10.pfb></usr/share/texmf/fonts/type1/public/lm/lmmi6.pfb></usr/share/texm
f/fonts/type1/public/lm/lmmi7.pfb></usr/share/texmf/fonts/type1/public/lm/lmmi8
.pfb></usr/share/texmf/fonts/type1/public/lm/lmmi9.pfb></usr/share/texmf/fonts/
type1/public/lm/lmr10.pfb></usr/share/texmf/fonts/type1/public/lm/lmr6.pfb></us
r/share/texmf/fonts/type1/public/lm/lmr7.pfb></usr/share/texmf/fonts/type1/publ
ic/lm/lmr8.pfb></usr/share/texmf/fonts/type1/public/lm/lmr9.pfb></usr/share/tex
mf/fonts/type1/public/lm/lmri10.pfb></usr/share/texmf/fonts/type1/public/lm/lms
s10.pfb></usr/share/texmf/fonts/type1/public/lm/lmss12.pfb></usr/share/texmf/fo
nts/type1/public/lm/lmss8.pfb></usr/share/texmf/fonts/type1/public/lm/lmssbx10.
pfb></usr/share/texmf/fonts/type1/public/lm/lmsy10.pfb></usr/share/texmf/fonts/
type1/public/lm/lmsy7.pfb></usr/share/texmf/fonts/type1/public/lm/lmsy8.pfb></u
sr/share/texmf/fonts/type1/public/lm/lmsy9.pfb></usr/share/texmf/fonts/type1/pu
blic/lm/lmtk10.pfb></usr/share/texmf/fonts/type1/public/lm/lmtt10.pfb></usr/sha
re/texmf/fonts/type1/public/lm/lmtti10.pfb></usr/share/texlive/texmf-dist/fonts
/type1/public/amsfonts/symbols/msbm10.pfb></usr/share/texlive/texmf-dist/fonts/
type1/urw/zapfding/uzdr.pfb>
Output written on build-ch15rev/ch15rev.pdf (44 pages, 856493 bytes).
SyncTeX written on build-ch15rev/ch15rev.synctex.gz.
Transcript written on build-ch15rev/ch15rev.log.
Latexmk: Missing input file 'chapters/ch01-introduction.aux' (or dependence on it) from following:
  No file chapters/ch01-introduction.aux.
Latexmk: Missing input file 'chapters/ch02-toolbox.aux' (or dependence on it) from following:
  No file chapters/ch02-toolbox.aux.
Latexmk: Missing input file 'chapters/ch03-dijkstra.aux' (or dependence on it) from following:
  No file chapters/ch03-dijkstra.aux.
Latexmk: Missing input file 'chapters/ch04-astar.aux' (or dependence on it) from following:
  No file chapters/ch04-astar.aux.
Latexmk: Missing input file 'chapters/ch05-lpastar-dstarlite.aux' (or dependence on it) from following:
  No file chapters/ch05-lpastar-dstarlite.aux.
Latexmk: Missing input file 'chapters/ch06-arastar.aux' (or dependence on it) from following:
  No file chapters/ch06-arastar.aux.
Latexmk: Missing input file 'chapters/ch07-mapf-problem.aux' (or dependence on it) from following:
  No file chapters/ch07-mapf-problem.aux.
Latexmk: Missing input file 'chapters/ch08-prioritized-planning.aux' (or dependence on it) from following:
  No file chapters/ch08-prioritized-planning.aux.
Latexmk: Missing input file 'chapters/ch09-cbs.aux' (or dependence on it) from following:
  No file chapters/ch09-cbs.aux.
Latexmk: Missing input file 'chapters/ch10-ecbs.aux' (or dependence on it) from following:
  No file chapters/ch10-ecbs.aux.
Latexmk: Missing input file 'chapters/ch11-mstar-push-and-swap.aux' (or dependence on it) from following:
  No file chapters/ch11-mstar-push-and-swap.aux.
Latexmk: Missing input file 'chapters/ch12-velocity-obstacles.aux' (or dependence on it) from following:
  No file chapters/ch12-velocity-obstacles.aux.
Latexmk: Missing input file 'chapters/ch13-rvo-orca.aux' (or dependence on it) from following:
  No file chapters/ch13-rvo-orca.aux.
Latexmk: Missing input file 'chapters/ch14-dwa.aux' (or dependence on it) from following:
  No file chapters/ch14-dwa.aux.
Latexmk: Missing input file 'chapters/ch16-rrt.aux' (or dependence on it) from following:
  No file chapters/ch16-rrt.aux.
Latexmk: Missing input file 'chapters/ch17-rrt-star.aux' (or dependence on it) from following:
  No file chapters/ch17-rrt-star.aux.
Latexmk: Missing input file 'chapters/ch18-kalman-filter.aux' (or dependence on it) from following:
  No file chapters/ch18-kalman-filter.aux.
Latexmk: Missing input file 'chapters/ch19-nonlinear-filters.aux' (or dependence on it) from following:
  No file chapters/ch19-nonlinear-filters.aux.
Latexmk: Missing input file 'chapters/ch20-trajectory-prediction.aux' (or dependence on it) from following:
  No file chapters/ch20-trajectory-prediction.aux.
Latexmk: Missing input file 'chapters/ch21-mpc.aux' (or dependence on it) from following:
  No file chapters/ch21-mpc.aux.
Latexmk: Missing input file 'chapters/ch22-milp.aux' (or dependence on it) from following:
  No file chapters/ch22-milp.aux.
Latexmk: Missing input file 'chapters/ch23-consensus-formation.aux' (or dependence on it) from following:
  No file chapters/ch23-consensus-formation.aux.
Latexmk: Missing input file 'chapters/ch24-hybrid-architecture.aux' (or dependence on it) from following:
  No file chapters/ch24-hybrid-architecture.aux.
Latexmk: Missing input file 'chapters/ch25-experiments.aux' (or dependence on it) from following:
  No file chapters/ch25-experiments.aux.
Latexmk: Missing input file 'appendices/appA-study-plan.aux' (or dependence on it) from following:
  No file appendices/appA-study-plan.aux.
Latexmk: Missing input file 'appendices/appB-math-refresher.aux' (or dependence on it) from following:
  No file appendices/appB-math-refresher.aux.
Latexmk: Missing input file 'appendices/appC-solutions.aux' (or dependence on it) from following:
  No file appendices/appC-solutions.aux.
Latexmk: Missing input file 'appendices/glossary.aux' (or dependence on it) from following:
  No file appendices/glossary.aux.
Latexmk: Missing input file 'chapters/ch01-introduction.aux' (or dependence on it) from following:
  No file chapters/ch01-introduction.aux.
Latexmk: Missing input file 'chapters/ch02-toolbox.aux' (or dependence on it) from following:
  No file chapters/ch02-toolbox.aux.
Latexmk: Missing input file 'chapters/ch03-dijkstra.aux' (or dependence on it) from following:
  No file chapters/ch03-dijkstra.aux.
Latexmk: Missing input file 'chapters/ch04-astar.aux' (or dependence on it) from following:
  No file chapters/ch04-astar.aux.
Latexmk: Missing input file 'chapters/ch05-lpastar-dstarlite.aux' (or dependence on it) from following:
  No file chapters/ch05-lpastar-dstarlite.aux.
Latexmk: Missing input file 'chapters/ch06-arastar.aux' (or dependence on it) from following:
  No file chapters/ch06-arastar.aux.
Latexmk: Missing input file 'chapters/ch07-mapf-problem.aux' (or dependence on it) from following:
  No file chapters/ch07-mapf-problem.aux.
Latexmk: Missing input file 'chapters/ch08-prioritized-planning.aux' (or dependence on it) from following:
  No file chapters/ch08-prioritized-planning.aux.
Latexmk: Missing input file 'chapters/ch09-cbs.aux' (or dependence on it) from following:
  No file chapters/ch09-cbs.aux.
Latexmk: Missing input file 'chapters/ch10-ecbs.aux' (or dependence on it) from following:
  No file chapters/ch10-ecbs.aux.
Latexmk: Missing input file 'chapters/ch11-mstar-push-and-swap.aux' (or dependence on it) from following:
  No file chapters/ch11-mstar-push-and-swap.aux.
Latexmk: Missing input file 'chapters/ch12-velocity-obstacles.aux' (or dependence on it) from following:
  No file chapters/ch12-velocity-obstacles.aux.
Latexmk: Missing input file 'chapters/ch13-rvo-orca.aux' (or dependence on it) from following:
  No file chapters/ch13-rvo-orca.aux.
Latexmk: Missing input file 'chapters/ch14-dwa.aux' (or dependence on it) from following:
  No file chapters/ch14-dwa.aux.
Latexmk: Missing input file 'chapters/ch16-rrt.aux' (or dependence on it) from following:
  No file chapters/ch16-rrt.aux.
Latexmk: Missing input file 'chapters/ch17-rrt-star.aux' (or dependence on it) from following:
  No file chapters/ch17-rrt-star.aux.
Latexmk: Missing input file 'chapters/ch18-kalman-filter.aux' (or dependence on it) from following:
  No file chapters/ch18-kalman-filter.aux.
Latexmk: Missing input file 'chapters/ch19-nonlinear-filters.aux' (or dependence on it) from following:
  No file chapters/ch19-nonlinear-filters.aux.
Latexmk: Missing input file 'chapters/ch20-trajectory-prediction.aux' (or dependence on it) from following:
  No file chapters/ch20-trajectory-prediction.aux.
Latexmk: Missing input file 'chapters/ch21-mpc.aux' (or dependence on it) from following:
  No file chapters/ch21-mpc.aux.
Latexmk: Missing input file 'chapters/ch22-milp.aux' (or dependence on it) from following:
  No file chapters/ch22-milp.aux.
Latexmk: Missing input file 'chapters/ch23-consensus-formation.aux' (or dependence on it) from following:
  No file chapters/ch23-consensus-formation.aux.
Latexmk: Missing input file 'chapters/ch24-hybrid-architecture.aux' (or dependence on it) from following:
  No file chapters/ch24-hybrid-architecture.aux.
Latexmk: Missing input file 'chapters/ch25-experiments.aux' (or dependence on it) from following:
  No file chapters/ch25-experiments.aux.
Latexmk: Missing input file 'appendices/appA-study-plan.aux' (or dependence on it) from following:
  No file appendices/appA-study-plan.aux.
Latexmk: Missing input file 'appendices/appB-math-refresher.aux' (or dependence on it) from following:
  No file appendices/appB-math-refresher.aux.
Latexmk: Missing input file 'appendices/appC-solutions.aux' (or dependence on it) from following:
  No file appendices/appC-solutions.aux.
Latexmk: Missing input file 'appendices/glossary.aux' (or dependence on it) from following:
  No file appendices/glossary.aux.
Latexmk: Getting log file 'build-ch15rev/ch15rev.log'
Latexmk: Examining 'build-ch15rev/ch15rev.fls'
Latexmk: Examining 'build-ch15rev/ch15rev.log'
Latexmk: Index file 'build-ch15rev/ch15rev.idx' was written
Latexmk: Found input bbl file 'build-ch15rev/ch15rev.bbl'
Latexmk: Log file says output to 'build-ch15rev/ch15rev.pdf'
Latexmk: Bibliography file(s) from .bcf file:
  bib/ch01-extra.bib
  bib/ch02-extra.bib
  bib/ch03-extra.bib
  bib/ch04-extra.bib
  bib/ch05-extra.bib
  bib/ch06-extra.bib
  bib/ch07-extra.bib
  bib/ch08-extra.bib
  bib/ch09-extra.bib
  bib/ch10-extra.bib
  bib/ch11-extra.bib
  bib/ch12-extra.bib
  bib/ch13-extra.bib
  bib/ch14-extra.bib
  bib/ch15-extra.bib
  bib/ch16-extra.bib
  bib/ch17-extra.bib
  bib/ch18-extra.bib
  bib/ch19-extra.bib
  bib/ch20-extra.bib
  bib/ch21-extra.bib
  bib/ch22-extra.bib
  bib/ch23-extra.bib
  bib/ch24-extra.bib
  bib/ch25-extra.bib
  references.bib
Latexmk: applying rule 'pdflatex'...
Rule 'pdflatex':  Reasons for rerun
Changed files or newly in use/created:
  build-ch15rev/ch15rev.run.xml

------------
Run number 4 of rule 'pdflatex'
------------
------------
Running 'pdflatex -interaction=nonstopmode -file-line-error -synctex=1  -recorder --jobname="ch15rev" -output-directory="build-ch15rev"  "./ch15rev.tex"'
------------
This is pdfTeX, Version 3.141592653-2.6-1.40.25 (TeX Live 2023/Debian) (preloaded format=pdflatex)
 restricted \write18 enabled.
entering extended mode
(./ch15rev.tex
LaTeX2e <2023-11-01> patch level 1
L3 programming layer <2024-01-22>
(./main.tex (/usr/share/texlive/texmf-dist/tex/latex/base/book.cls
Document Class: book 2023/05/17 v1.4n Standard LaTeX document class
(/usr/share/texlive/texmf-dist/tex/latex/base/bk11.clo)) (./searchbook.sty
(/usr/share/texlive/texmf-dist/tex/latex/base/fontenc.sty)
(/usr/share/texlive/texmf-dist/tex/latex/base/inputenc.sty)
(/usr/share/texmf/tex/latex/lm/lmodern.sty)
(/usr/share/texlive/texmf-dist/tex/latex/base/textcomp.sty)
(/usr/share/texlive/texmf-dist/tex/latex/geometry/geometry.sty
(/usr/share/texlive/texmf-dist/tex/latex/graphics/keyval.sty)
(/usr/share/texlive/texmf-dist/tex/generic/iftex/ifvtex.sty
(/usr/share/texlive/texmf-dist/tex/generic/iftex/iftex.sty)))
(/usr/share/texlive/texmf-dist/tex/latex/microtype/microtype.sty
(/usr/share/texlive/texmf-dist/tex/latex/etoolbox/etoolbox.sty)
(/usr/share/texlive/texmf-dist/tex/latex/microtype/microtype-pdftex.def)
(/usr/share/texlive/texmf-dist/tex/latex/microtype/microtype.cfg))
(/usr/share/texlive/texmf-dist/tex/latex/emptypage/emptypage.sty)
(/usr/share/texlive/texmf-dist/tex/latex/tools/xspace.sty)
(/usr/share/texlive/texmf-dist/tex/latex/needspace/needspace.sty)
(/usr/share/texlive/texmf-dist/tex/latex/amsmath/amsmath.sty
For additional information on amsmath, use the `?' option.
(/usr/share/texlive/texmf-dist/tex/latex/amsmath/amstext.sty
(/usr/share/texlive/texmf-dist/tex/latex/amsmath/amsgen.sty))
(/usr/share/texlive/texmf-dist/tex/latex/amsmath/amsbsy.sty)
(/usr/share/texlive/texmf-dist/tex/latex/amsmath/amsopn.sty))
(/usr/share/texlive/texmf-dist/tex/latex/amsfonts/amssymb.sty
(/usr/share/texlive/texmf-dist/tex/latex/amsfonts/amsfonts.sty))
(/usr/share/texlive/texmf-dist/tex/latex/amscls/amsthm.sty)
(/usr/share/texlive/texmf-dist/tex/latex/mathtools/mathtools.sty
(/usr/share/texlive/texmf-dist/tex/latex/tools/calc.sty)
(/usr/share/texlive/texmf-dist/tex/latex/mathtools/mhsetup.sty))
(/usr/share/texlive/texmf-dist/tex/latex/tools/bm.sty)
(/usr/share/texlive/texmf-dist/tex/latex/xcolor/xcolor.sty
(/usr/share/texlive/texmf-dist/tex/latex/graphics-cfg/color.cfg)
(/usr/share/texlive/texmf-dist/tex/latex/graphics-def/pdftex.def)
(/usr/share/texlive/texmf-dist/tex/latex/graphics/mathcolor.ltx))
(/usr/share/texlive/texmf-dist/tex/latex/graphics/dvipsnam.def)
(/usr/share/texlive/texmf-dist/tex/latex/xcolor/svgnam.def)
(/usr/share/texlive/texmf-dist/tex/latex/colortbl/colortbl.sty
(/usr/share/texlive/texmf-dist/tex/latex/tools/array.sty))
(/usr/share/texlive/texmf-dist/tex/latex/graphics/graphicx.sty
(/usr/share/texlive/texmf-dist/tex/latex/graphics/graphics.sty
(/usr/share/texlive/texmf-dist/tex/latex/graphics/trig.sty)
(/usr/share/texlive/texmf-dist/tex/latex/graphics-cfg/graphics.cfg)))
(/usr/share/texlive/texmf-dist/tex/latex/pgf/frontendlayer/tikz.sty
(/usr/share/texlive/texmf-dist/tex/latex/pgf/basiclayer/pgf.sty
(/usr/share/texlive/texmf-dist/tex/latex/pgf/utilities/pgfrcs.sty
(/usr/share/texlive/texmf-dist/tex/generic/pgf/utilities/pgfutil-common.tex)
(/usr/share/texlive/texmf-dist/tex/generic/pgf/utilities/pgfutil-latex.def)
(/usr/share/texlive/texmf-dist/tex/generic/pgf/utilities/pgfrcs.code.tex
(/usr/share/texlive/texmf-dist/tex/generic/pgf/pgf.revision.tex)))
(/usr/share/texlive/texmf-dist/tex/latex/pgf/basiclayer/pgfcore.sty
(/usr/share/texlive/texmf-dist/tex/latex/pgf/systemlayer/pgfsys.sty
(/usr/share/texlive/texmf-dist/tex/generic/pgf/systemlayer/pgfsys.code.tex
(/usr/share/texlive/texmf-dist/tex/generic/pgf/utilities/pgfkeys.code.tex
(/usr/share/texlive/texmf-dist/tex/generic/pgf/utilities/pgfkeyslibraryfiltered
.code.tex)) (/usr/share/texlive/texmf-dist/tex/generic/pgf/systemlayer/pgf.cfg)
(/usr/share/texlive/texmf-dist/tex/generic/pgf/systemlayer/pgfsys-pdftex.def
(/usr/share/texlive/texmf-dist/tex/generic/pgf/systemlayer/pgfsys-common-pdf.de
f)))
(/usr/share/texlive/texmf-dist/tex/generic/pgf/systemlayer/pgfsyssoftpath.code.
tex)
(/usr/share/texlive/texmf-dist/tex/generic/pgf/systemlayer/pgfsysprotocol.code.
tex))
(/usr/share/texlive/texmf-dist/tex/generic/pgf/basiclayer/pgfcore.code.tex
(/usr/share/texlive/texmf-dist/tex/generic/pgf/math/pgfmath.code.tex
(/usr/share/texlive/texmf-dist/tex/generic/pgf/math/pgfmathutil.code.tex)
(/usr/share/texlive/texmf-dist/tex/generic/pgf/math/pgfmathparser.code.tex)
(/usr/share/texlive/texmf-dist/tex/generic/pgf/math/pgfmathfunctions.code.tex)
(/usr/share/texlive/texmf-dist/tex/generic/pgf/math/pgfmathfunctions.basic.code
.tex)
(/usr/share/texlive/texmf-dist/tex/generic/pgf/math/pgfmathfunctions.trigonomet
ric.code.tex)
(/usr/share/texlive/texmf-dist/tex/generic/pgf/math/pgfmathfunctions.random.cod
e.tex)
(/usr/share/texlive/texmf-dist/tex/generic/pgf/math/pgfmathfunctions.comparison
.code.tex)
(/usr/share/texlive/texmf-dist/tex/generic/pgf/math/pgfmathfunctions.base.code.
tex)
(/usr/share/texlive/texmf-dist/tex/generic/pgf/math/pgfmathfunctions.round.code
.tex)
(/usr/share/texlive/texmf-dist/tex/generic/pgf/math/pgfmathfunctions.misc.code.
tex)
(/usr/share/texlive/texmf-dist/tex/generic/pgf/math/pgfmathfunctions.integerari
thmetics.code.tex)
(/usr/share/texlive/texmf-dist/tex/generic/pgf/math/pgfmathcalc.code.tex)
(/usr/share/texlive/texmf-dist/tex/generic/pgf/math/pgfmathfloat.code.tex))
(/usr/share/texlive/texmf-dist/tex/generic/pgf/math/pgfint.code.tex)
(/usr/share/texlive/texmf-dist/tex/generic/pgf/basiclayer/pgfcorepoints.code.te
x)
(/usr/share/texlive/texmf-dist/tex/generic/pgf/basiclayer/pgfcorepathconstruct.
code.tex)
(/usr/share/texlive/texmf-dist/tex/generic/pgf/basiclayer/pgfcorepathusage.code
.tex)
(/usr/share/texlive/texmf-dist/tex/generic/pgf/basiclayer/pgfcorescopes.code.te
x)
(/usr/share/texlive/texmf-dist/tex/generic/pgf/basiclayer/pgfcoregraphicstate.c
ode.tex)
(/usr/share/texlive/texmf-dist/tex/generic/pgf/basiclayer/pgfcoretransformation
s.code.tex)
(/usr/share/texlive/texmf-dist/tex/generic/pgf/basiclayer/pgfcorequick.code.tex
)
(/usr/share/texlive/texmf-dist/tex/generic/pgf/basiclayer/pgfcoreobjects.code.t
ex)
(/usr/share/texlive/texmf-dist/tex/generic/pgf/basiclayer/pgfcorepathprocessing
.code.tex)
(/usr/share/texlive/texmf-dist/tex/generic/pgf/basiclayer/pgfcorearrows.code.te
x)
(/usr/share/texlive/texmf-dist/tex/generic/pgf/basiclayer/pgfcoreshade.code.tex
)
(/usr/share/texlive/texmf-dist/tex/generic/pgf/basiclayer/pgfcoreimage.code.tex
)
(/usr/share/texlive/texmf-dist/tex/generic/pgf/basiclayer/pgfcoreexternal.code.
tex)
(/usr/share/texlive/texmf-dist/tex/generic/pgf/basiclayer/pgfcorelayers.code.te
x)
(/usr/share/texlive/texmf-dist/tex/generic/pgf/basiclayer/pgfcoretransparency.c
ode.tex)
(/usr/share/texlive/texmf-dist/tex/generic/pgf/basiclayer/pgfcorepatterns.code.
tex)
(/usr/share/texlive/texmf-dist/tex/generic/pgf/basiclayer/pgfcorerdf.code.tex))
)
(/usr/share/texlive/texmf-dist/tex/generic/pgf/modules/pgfmoduleshapes.code.tex
) (/usr/share/texlive/texmf-dist/tex/generic/pgf/modules/pgfmoduleplot.code.tex
)
(/usr/share/texlive/texmf-dist/tex/latex/pgf/compatibility/pgfcomp-version-0-65
.sty)
(/usr/share/texlive/texmf-dist/tex/latex/pgf/compatibility/pgfcomp-version-1-18
.sty)) (/usr/share/texlive/texmf-dist/tex/latex/pgf/utilities/pgffor.sty
(/usr/share/texlive/texmf-dist/tex/latex/pgf/utilities/pgfkeys.sty
(/usr/share/texlive/texmf-dist/tex/generic/pgf/utilities/pgfkeys.code.tex))
(/usr/share/texlive/texmf-dist/tex/latex/pgf/math/pgfmath.sty
(/usr/share/texlive/texmf-dist/tex/generic/pgf/math/pgfmath.code.tex))
(/usr/share/texlive/texmf-dist/tex/generic/pgf/utilities/pgffor.code.tex))
(/usr/share/texlive/texmf-dist/tex/generic/pgf/frontendlayer/tikz/tikz.code.tex

(/usr/share/texlive/texmf-dist/tex/generic/pgf/libraries/pgflibraryplothandlers
.code.tex)
(/usr/share/texlive/texmf-dist/tex/generic/pgf/modules/pgfmodulematrix.code.tex
)
(/usr/share/texlive/texmf-dist/tex/generic/pgf/frontendlayer/tikz/libraries/tik
zlibrarytopaths.code.tex)))
(/usr/share/texlive/texmf-dist/tex/generic/pgf/libraries/pgflibraryarrows.meta.
code.tex)
(/usr/share/texlive/texmf-dist/tex/generic/pgf/frontendlayer/tikz/libraries/tik
zlibrarypositioning.code.tex)
(/usr/share/texlive/texmf-dist/tex/generic/pgf/frontendlayer/tikz/libraries/tik
zlibrarycalc.code.tex)
(/usr/share/texlive/texmf-dist/tex/generic/pgf/frontendlayer/tikz/libraries/tik
zlibraryshapes.geometric.code.tex
(/usr/share/texlive/texmf-dist/tex/generic/pgf/libraries/shapes/pgflibraryshape
s.geometric.code.tex))
(/usr/share/texlive/texmf-dist/tex/generic/pgf/frontendlayer/tikz/libraries/tik
zlibraryshapes.misc.code.tex
(/usr/share/texlive/texmf-dist/tex/generic/pgf/libraries/shapes/pgflibraryshape
s.misc.code.tex))
(/usr/share/texlive/texmf-dist/tex/generic/pgf/frontendlayer/tikz/libraries/tik
zlibraryshapes.arrows.code.tex
(/usr/share/texlive/texmf-dist/tex/generic/pgf/libraries/shapes/pgflibraryshape
s.arrows.code.tex))
(/usr/share/texlive/texmf-dist/tex/generic/pgf/frontendlayer/tikz/libraries/tik
zlibrarypatterns.code.tex
(/usr/share/texlive/texmf-dist/tex/generic/pgf/libraries/pgflibrarypatterns.cod
e.tex))
(/usr/share/texlive/texmf-dist/tex/generic/pgf/frontendlayer/tikz/libraries/tik
zlibrarydecorations.pathreplacing.code.tex
(/usr/share/texlive/texmf-dist/tex/generic/pgf/frontendlayer/tikz/libraries/tik
zlibrarydecorations.code.tex
(/usr/share/texlive/texmf-dist/tex/generic/pgf/modules/pgfmoduledecorations.cod
e.tex))
(/usr/share/texlive/texmf-dist/tex/generic/pgf/libraries/decorations/pgflibrary
decorations.pathreplacing.code.tex))
(/usr/share/texlive/texmf-dist/tex/generic/pgf/frontendlayer/tikz/libraries/tik
zlibrarydecorations.markings.code.tex
(/usr/share/texlive/texmf-dist/tex/generic/pgf/libraries/decorations/pgflibrary
decorations.markings.code.tex))
(/usr/share/texlive/texmf-dist/tex/generic/pgf/frontendlayer/tikz/libraries/tik
zlibrarydecorations.pathmorphing.code.tex
(/usr/share/texlive/texmf-dist/tex/generic/pgf/libraries/decorations/pgflibrary
decorations.pathmorphing.code.tex))
(/usr/share/texlive/texmf-dist/tex/generic/pgf/frontendlayer/tikz/libraries/tik
zlibrarymatrix.code.tex)
(/usr/share/texlive/texmf-dist/tex/generic/pgf/frontendlayer/tikz/libraries/tik
zlibrarybackgrounds.code.tex)
(/usr/share/texlive/texmf-dist/tex/generic/pgf/frontendlayer/tikz/libraries/tik
zlibraryfit.code.tex)
(/usr/share/texlive/texmf-dist/tex/generic/pgf/frontendlayer/tikz/libraries/tik
zlibrarychains.code.tex)
(/usr/share/texlive/texmf-dist/tex/generic/pgf/frontendlayer/tikz/libraries/tik
zlibraryintersections.code.tex
(/usr/share/texlive/texmf-dist/tex/generic/pgf/libraries/pgflibraryintersection
s.code.tex
(/usr/share/texlive/texmf-dist/tex/generic/pgf/libraries/pgflibraryfpu.code.tex
)))
(/usr/share/texlive/texmf-dist/tex/generic/pgf/frontendlayer/tikz/libraries/tik
zlibraryangles.code.tex)
(/usr/share/texlive/texmf-dist/tex/generic/pgf/frontendlayer/tikz/libraries/tik
zlibraryquotes.code.tex)
(/usr/share/texlive/texmf-dist/tex/generic/pgf/frontendlayer/tikz/libraries/tik
zlibrary3d.code.tex)
(/usr/share/texlive/texmf-dist/tex/generic/pgf/frontendlayer/tikz/libraries/tik
zlibrarytrees.code.tex)
(/usr/share/texlive/texmf-dist/tex/generic/pgf/frontendlayer/tikz/libraries/tik
zlibraryshadows.code.tex
(/usr/share/texlive/texmf-dist/tex/generic/pgf/frontendlayer/tikz/libraries/tik
zlibraryfadings.code.tex
(/usr/share/texlive/texmf-dist/tex/generic/pgf/libraries/pgflibraryfadings.code
.tex)))
(/usr/share/texlive/texmf-dist/tex/generic/pgf/frontendlayer/tikz/libraries/tik
zlibraryshapes.multipart.code.tex
(/usr/share/texlive/texmf-dist/tex/generic/pgf/libraries/shapes/pgflibraryshape
s.multipart.code.tex))
(/usr/share/texlive/texmf-dist/tex/latex/pgfplots/pgfplots.sty
(/usr/share/texlive/texmf-dist/tex/generic/pgfplots/pgfplots.revision.tex)
(/usr/share/texlive/texmf-dist/tex/generic/pgfplots/pgfplots.code.tex
(/usr/share/texlive/texmf-dist/tex/generic/pgfplots/pgfplotscore.code.tex
(/usr/share/texlive/texmf-dist/tex/generic/pgfplots/sys/pgfplotssysgeneric.code
.tex))
(/usr/share/texlive/texmf-dist/tex/generic/pgfplots/libs/pgfplotslibrary.code.t
ex)
(/usr/share/texlive/texmf-dist/tex/generic/pgfplots/oldpgfcompatib/pgfplotsoldp
gfsupp_loader.code.tex
Package pgfplots: loading complementary utilities for your pgf version...

(/usr/share/texlive/texmf-dist/tex/generic/pgfplots/oldpgfcompatib/pgfplotsoldp
gfsupp_pgfutil-common-lists.tex))
(/usr/share/texlive/texmf-dist/tex/generic/pgfplots/util/pgfplotsutil.code.tex
(/usr/share/texlive/texmf-dist/tex/generic/pgfplots/liststructure/pgfplotslists
tructure.code.tex)
(/usr/share/texlive/texmf-dist/tex/generic/pgfplots/liststructure/pgfplotslists
tructureext.code.tex)
(/usr/share/texlive/texmf-dist/tex/generic/pgfplots/liststructure/pgfplotsarray
.code.tex)
(/usr/share/texlive/texmf-dist/tex/generic/pgfplots/liststructure/pgfplotsmatri
x.code.tex)
(/usr/share/texlive/texmf-dist/tex/generic/pgfplots/numtable/pgfplotstableshare
d.code.tex)
(/usr/share/texlive/texmf-dist/tex/generic/pgfplots/liststructure/pgfplotsdeque
.code.tex)
(/usr/share/texlive/texmf-dist/tex/generic/pgfplots/util/pgfplotsbinary.code.te
x
(/usr/share/texlive/texmf-dist/tex/generic/pgfplots/util/pgfplotsbinary.data.co
de.tex))
(/usr/share/texlive/texmf-dist/tex/generic/pgfplots/util/pgfplotsutil.verb.code
.tex)
(/usr/share/texlive/texmf-dist/tex/generic/pgfplots/libs/pgflibrarypgfplots.sur
fshading.code.tex
(/usr/share/texlive/texmf-dist/tex/generic/pgfplots/sys/pgflibrarypgfplots.surf
shading.pgfsys-pdftex.def)))
(/usr/share/texlive/texmf-dist/tex/generic/pgfplots/util/pgfplotscolormap.code.
tex
(/usr/share/texlive/texmf-dist/tex/generic/pgfplots/util/pgfplotscolor.code.tex
))
(/usr/share/texlive/texmf-dist/tex/generic/pgfplots/pgfplotsstackedplots.code.t
ex)
(/usr/share/texlive/texmf-dist/tex/generic/pgfplots/pgfplotsplothandlers.code.t
ex
(/usr/share/texlive/texmf-dist/tex/generic/pgfplots/pgfplotsmeshplothandler.cod
e.tex
(/usr/share/texlive/texmf-dist/tex/generic/pgfplots/pgfplotsmeshplotimage.code.
tex)))
(/usr/share/texlive/texmf-dist/tex/generic/pgfplots/pgfplots.scaling.code.tex)
(/usr/share/texlive/texmf-dist/tex/generic/pgfplots/pgfplotscoordprocessing.cod
e.tex)
(/usr/share/texlive/texmf-dist/tex/generic/pgfplots/pgfplots.errorbars.code.tex
) (/usr/share/texlive/texmf-dist/tex/generic/pgfplots/pgfplots.markers.code.tex
) (/usr/share/texlive/texmf-dist/tex/generic/pgfplots/pgfplotsticks.code.tex)
(/usr/share/texlive/texmf-dist/tex/generic/pgfplots/pgfplots.paths.code.tex)
(/usr/share/texlive/texmf-dist/tex/generic/pgfplots/libs/tikzlibrarypgfplots.co
ntourlua.code.tex))
(/usr/share/texlive/texmf-dist/tex/generic/pgf/frontendlayer/tikz/libraries/tik
zlibraryplotmarks.code.tex
(/usr/share/texlive/texmf-dist/tex/generic/pgf/libraries/pgflibraryplotmarks.co
de.tex)))
(/usr/share/texlive/texmf-dist/tex/generic/pgfplots/libs/tikzlibrarypgfplots.fi
llbetween.code.tex
(/usr/share/texlive/texmf-dist/tex/generic/pgfplots/pgfcontrib/tikzlibraryfillb
etween.code.tex
(/usr/share/texlive/texmf-dist/tex/generic/pgfplots/pgfcontrib/tikzlibrarydecor
ations.softclip.code.tex
(/usr/share/texlive/texmf-dist/tex/generic/pgfplots/pgfcontrib/pgflibraryfillbe
tween.code.tex)))
(/usr/share/texlive/texmf-dist/tex/generic/pgfplots/libs/tikzlibrarypgfplots.de
corations.softclip.code.tex))
(/usr/share/texlive/texmf-dist/tex/generic/pgfplots/libs/tikzlibrarypgfplots.gr
oupplots.code.tex)
(/usr/share/texlive/texmf-dist/tex/generic/pgfplots/libs/tikzlibrarypgfplots.st
atistics.code.tex) (/usr/share/texlive/texmf-dist/tex/latex/float/float.sty)
(/usr/share/texlive/texmf-dist/tex/latex/placeins/placeins.sty)
(/usr/share/texlive/texmf-dist/tex/latex/caption/caption.sty
(/usr/share/texlive/texmf-dist/tex/latex/caption/caption3.sty))
(/usr/share/texlive/texmf-dist/tex/latex/caption/subcaption.sty)
(/usr/share/texlive/texmf-dist/tex/latex/booktabs/booktabs.sty)
(/usr/share/texlive/texmf-dist/tex/latex/tools/tabularx.sty)
(/usr/share/texlive/texmf-dist/tex/latex/multirow/multirow.sty)
(/usr/share/texlive/texmf-dist/tex/latex/tools/longtable.sty)
(/usr/share/texlive/texmf-dist/tex/latex/makecell/makecell.sty)
(/usr/share/texlive/texmf-dist/tex/latex/enumitem/enumitem.sty)
(/usr/share/texlive/texmf-dist/tex/latex/algorithm2e/algorithm2e.sty
(/usr/share/texlive/texmf-dist/tex/latex/base/ifthen.sty)
(/usr/share/texlive/texmf-dist/tex/latex/ifoddpage/ifoddpage.sty)
(/usr/share/texlive/texmf-dist/tex/latex/relsize/relsize.sty))
(/usr/share/texlive/texmf-dist/tex/latex/listings/listings.sty
(/usr/share/texlive/texmf-dist/tex/latex/listings/lstmisc.sty)
(/usr/share/texlive/texmf-dist/tex/latex/listings/listings.cfg))
(/usr/share/texlive/texmf-dist/tex/latex/listings/lstlang1.sty)
(/usr/share/texlive/texmf-dist/tex/latex/titlesec/titlesec.sty)
(/usr/share/texlive/texmf-dist/tex/latex/fancyhdr/fancyhdr.sty)
(/usr/share/texlive/texmf-dist/tex/latex/biblatex/biblatex.sty
(/usr/share/texlive/texmf-dist/tex/generic/pdftexcmds/pdftexcmds.sty
(/usr/share/texlive/texmf-dist/tex/generic/infwarerr/infwarerr.sty)
(/usr/share/texlive/texmf-dist/tex/generic/ltxcmds/ltxcmds.sty))
(/usr/share/texlive/texmf-dist/tex/latex/kvoptions/kvoptions.sty
(/usr/share/texlive/texmf-dist/tex/latex/kvsetkeys/kvsetkeys.sty))
(/usr/share/texlive/texmf-dist/tex/latex/logreq/logreq.sty
(/usr/share/texlive/texmf-dist/tex/latex/logreq/logreq.def))
(/usr/share/texlive/texmf-dist/tex/latex/url/url.sty)
(/usr/share/texlive/texmf-dist/tex/latex/biblatex/blx-dm.def)
(/usr/share/texlive/texmf-dist/tex/latex/biblatex/blx-compat.def)
(/usr/share/texlive/texmf-dist/tex/latex/biblatex/biblatex.def)
(/usr/share/texlive/texmf-dist/tex/latex/biblatex/bbx/numeric-comp.bbx
(/usr/share/texlive/texmf-dist/tex/latex/biblatex/bbx/numeric.bbx
(/usr/share/texlive/texmf-dist/tex/latex/biblatex/bbx/standard.bbx)))
(/usr/share/texlive/texmf-dist/tex/latex/biblatex/cbx/numeric-comp.cbx)
(/usr/share/texlive/texmf-dist/tex/latex/biblatex/biblatex.cfg)
(/usr/share/texlive/texmf-dist/tex/latex/l3kernel/expl3.sty
(/usr/share/texlive/texmf-dist/tex/latex/l3backend/l3backend-pdftex.def))
(/usr/share/texlive/texmf-dist/tex/latex/biblatex/blx-case-expl3.sty
(/usr/share/texlive/texmf-dist/tex/latex/l3packages/xparse/xparse.sty)))
(/usr/share/texlive/texmf-dist/tex/latex/imakeidx/imakeidx.sty
(/usr/share/texlive/texmf-dist/tex/latex/xkeyval/xkeyval.sty
(/usr/share/texlive/texmf-dist/tex/generic/xkeyval/xkeyval.tex
(/usr/share/texlive/texmf-dist/tex/generic/xkeyval/xkvutils.tex)))
(/usr/share/texlive/texmf-dist/tex/generic/iftex/ifxetex.sty)
(/usr/share/texlive/texmf-dist/tex/generic/iftex/ifluatex.sty)
(/usr/share/texlive/texmf-dist/tex/latex/tools/multicol.sty))
(/usr/share/texlive/texmf-dist/tex/latex/tcolorbox/tcolorbox.sty
(/usr/share/texlive/texmf-dist/tex/latex/tools/verbatim.sty)
(/usr/share/texlive/texmf-dist/tex/latex/environ/environ.sty
(/usr/share/texlive/texmf-dist/tex/latex/trimspaces/trimspaces.sty))
(/usr/share/texlive/texmf-dist/tex/latex/tcolorbox/tcbraster.code.tex
Library (tcolorbox): 'tcbraster.code.tex' version '6.2.0'
) (/usr/share/texlive/texmf-dist/tex/latex/tcolorbox/tcbskins.code.tex
Library (tcolorbox): 'tcbskins.code.tex' version '6.2.0'
(/usr/share/texlive/texmf-dist/tex/latex/tikzfill/tikzfill.image.sty
(/usr/share/texlive/texmf-dist/tex/latex/tikzfill/tikzfill-common.sty)
(/usr/share/texlive/texmf-dist/tex/latex/tikzfill/tikzlibraryfill.image.code.te
x)) (/usr/share/texlive/texmf-dist/tex/latex/tcolorbox/tcbskinsjigsaw.code.tex
Library (tcolorbox): 'tcbskinsjigsaw.code.tex' version '6.2.0'
)) (/usr/share/texlive/texmf-dist/tex/latex/tcolorbox/tcbbreakable.code.tex
Library (tcolorbox): 'tcbbreakable.code.tex' version '6.2.0'
(/usr/share/texlive/texmf-dist/tex/latex/pdfcol/pdfcol.sty))
(/usr/share/texlive/texmf-dist/tex/latex/tcolorbox/tcbhooks.code.tex
Library (tcolorbox): 'tcbhooks.code.tex' version '6.2.0'
) (/usr/share/texlive/texmf-dist/tex/latex/tcolorbox/tcbtheorems.code.tex
Library (tcolorbox): 'tcbtheorems.code.tex' version '6.2.0'
) (/usr/share/texlive/texmf-dist/tex/latex/tcolorbox/tcbfitting.code.tex
Library (tcolorbox): 'tcbfitting.code.tex' version '6.2.0'
) (/usr/share/texlive/texmf-dist/tex/latex/tcolorbox/tcblistingsutf8.code.tex
Library (tcolorbox): 'tcblistingsutf8.code.tex' version '6.2.0'
(/usr/share/texlive/texmf-dist/tex/latex/tcolorbox/tcblistings.code.tex
Library (tcolorbox): 'tcblistings.code.tex' version '6.2.0'
(/usr/share/texlive/texmf-dist/tex/latex/tcolorbox/tcblistingscore.code.tex
Library (tcolorbox): 'tcblistingscore.code.tex' version '6.2.0'
(/usr/share/texlive/texmf-dist/tex/latex/tcolorbox/tcbprocessing.code.tex
Library (tcolorbox): 'tcbprocessing.code.tex' version '6.2.0'
))) (/usr/share/texlive/texmf-dist/tex/latex/listingsutf8/listingsutf8.sty
(/usr/share/texlive/texmf-dist/tex/generic/stringenc/stringenc.sty
(/usr/share/texlive/texmf-dist/tex/generic/pdfescape/pdfescape.sty))))
(/usr/share/texlive/texmf-dist/tex/latex/tcolorbox/tcbexternal.code.tex
Library (tcolorbox): 'tcbexternal.code.tex' version '6.2.0'
) (/usr/share/texlive/texmf-dist/tex/latex/tcolorbox/tcbmagazine.code.tex
Library (tcolorbox): 'tcbmagazine.code.tex' version '6.2.0'
) (/usr/share/texlive/texmf-dist/tex/latex/tcolorbox/tcbvignette.code.tex
Library (tcolorbox): 'tcbvignette.code.tex' version '6.2.0'
) (/usr/share/texlive/texmf-dist/tex/latex/tcolorbox/tcbposter.code.tex
Library (tcolorbox): 'tcbposter.code.tex' version '6.2.0'
)) (/usr/share/texlive/texmf-dist/tex/latex/oberdiek/aliascnt.sty)
(/usr/share/texlive/texmf-dist/tex/latex/psnfss/pifont.sty
(/usr/share/texlive/texmf-dist/tex/latex/psnfss/upzd.fd)
(/usr/share/texlive/texmf-dist/tex/latex/psnfss/upsy.fd))
(/usr/share/texlive/texmf-dist/tex/latex/hyperref/hyperref.sty
(/usr/share/texlive/texmf-dist/tex/generic/kvdefinekeys/kvdefinekeys.sty)
(/usr/share/texlive/texmf-dist/tex/latex/hycolor/hycolor.sty)
(/usr/share/texlive/texmf-dist/tex/latex/auxhook/auxhook.sty)
(/usr/share/texlive/texmf-dist/tex/latex/hyperref/nameref.sty
(/usr/share/texlive/texmf-dist/tex/latex/refcount/refcount.sty)
(/usr/share/texlive/texmf-dist/tex/generic/gettitlestring/gettitlestring.sty))
(/usr/share/texlive/texmf-dist/tex/latex/hyperref/pd1enc.def)
(/usr/share/texlive/texmf-dist/tex/generic/intcalc/intcalc.sty)
(/usr/share/texlive/texmf-dist/tex/latex/hyperref/puenc.def)
(/usr/share/texlive/texmf-dist/tex/generic/bitset/bitset.sty
(/usr/share/texlive/texmf-dist/tex/generic/bigintcalc/bigintcalc.sty))
(/usr/share/texlive/texmf-dist/tex/latex/base/atbegshi-ltx.sty))
(/usr/share/texlive/texmf-dist/tex/latex/hyperref/hpdftex.def
(/usr/share/texlive/texmf-dist/tex/latex/base/atveryend-ltx.sty)
(/usr/share/texlive/texmf-dist/tex/latex/rerunfilecheck/rerunfilecheck.sty
(/usr/share/texlive/texmf-dist/tex/generic/uniquecounter/uniquecounter.sty)))
(/usr/share/texlive/texmf-dist/tex/latex/bookmark/bookmark.sty
(/usr/share/texlive/texmf-dist/tex/latex/bookmark/bkm-pdftex.def))
(/usr/share/texlive/texmf-dist/tex/latex/cleveref/cleveref.sty))
Writing index file ch15rev.idx
(/usr/share/texmf/tex/latex/lm/t1lmr.fd) (build-ch15rev/ch15rev.aux
No file chapters/ch01-introduction.aux.
No file chapters/ch02-toolbox.aux.
No file chapters/ch03-dijkstra.aux.
No file chapters/ch04-astar.aux.
No file chapters/ch05-lpastar-dstarlite.aux.
No file chapters/ch06-arastar.aux.
No file chapters/ch07-mapf-problem.aux.
No file chapters/ch08-prioritized-planning.aux.
No file chapters/ch09-cbs.aux.
No file chapters/ch10-ecbs.aux.
No file chapters/ch11-mstar-push-and-swap.aux.
No file chapters/ch12-velocity-obstacles.aux.
No file chapters/ch13-rvo-orca.aux.
No file chapters/ch14-dwa.aux.
(build-ch15rev/chapters/ch15-potential-fields.aux)
No file chapters/ch16-rrt.aux.
No file chapters/ch17-rrt-star.aux.
No file chapters/ch18-kalman-filter.aux.
No file chapters/ch19-nonlinear-filters.aux.
No file chapters/ch20-trajectory-prediction.aux.
No file chapters/ch21-mpc.aux.
No file chapters/ch22-milp.aux.
No file chapters/ch23-consensus-formation.aux.
No file chapters/ch24-hybrid-architecture.aux.
No file chapters/ch25-experiments.aux.
No file appendices/appA-study-plan.aux.
No file appendices/appB-math-refresher.aux.
No file appendices/appC-solutions.aux.
No file appendices/glossary.aux.
)
*geometry* driver: auto-detecting
*geometry* detected driver: pdftex
(/usr/share/texlive/texmf-dist/tex/latex/microtype/mt-cmr.cfg)
(/usr/share/texlive/texmf-dist/tex/context/base/mkii/supp-pdf.mkii
[Loading MPS to PDF converter (version 2006.09.02).]
) (/usr/share/texlive/texmf-dist/tex/latex/epstopdf-pkg/epstopdf-base.sty
(/usr/share/texlive/texmf-dist/tex/latex/latexconfig/epstopdf-sys.cfg))
Package pgfplots notification 'compat/show suggested version=true': document ha
s been generated with the most recent feature set (\pgfplotsset{compat=1.18}).

(/usr/share/texlive/texmf-dist/tex/latex/caption/ltcaption.sty)
(/usr/share/texlive/texmf-dist/tex/latex/biblatex/lbx/english.lbx)
(build-ch15rev/ch15rev.bbl) (./frontmatter/titlepage.tex
(/usr/share/texmf/tex/latex/lm/t1lmss.fd) [1{/var/lib/texmf/fonts/map/pdftex/up
dmap/pdftex.map}{/usr/share/texmf/fonts/enc/dvips/lm/lm-ec.enc}])
(./frontmatter/copyright.tex (/usr/share/texmf/tex/latex/lm/ot1lmr.fd)
(/usr/share/texmf/tex/latex/lm/omllmm.fd)
(/usr/share/texmf/tex/latex/lm/omslmsy.fd)
(/usr/share/texmf/tex/latex/lm/omxlmex.fd)
(/usr/share/texlive/texmf-dist/tex/latex/amsfonts/umsa.fd)
(/usr/share/texlive/texmf-dist/tex/latex/microtype/mt-msa.cfg)
(/usr/share/texlive/texmf-dist/tex/latex/amsfonts/umsb.fd)
(/usr/share/texlive/texmf-dist/tex/latex/microtype/mt-msb.cfg)
pdfTeX warning (ext4): destination with the same identifier (name{page.i}) has 
been already used, duplicate ignored
<to be read again> 
                   \relax 
l.24 \clearpage
                [1]) (build-ch15rev/ch15rev.toc [2]) [3]
(build-ch15rev/ch15rev.loa) (./frontmatter/preface.tex [4]

LaTeX Warning: Reference `ch:appA' on page i undefined on input line 28.


LaTeX Warning: Reference `ch:appB' on page i undefined on input line 37.

(/usr/share/texmf/tex/latex/lm/ts1lmr.fd) [5{/usr/share/texmf/fonts/enc/dvips/l
m/lm-ts1.enc}]

LaTeX Warning: Reference `ch:ch01' on page i undefined on input line 64.


LaTeX Warning: Reference `ch:ch02' on page i undefined on input line 65.


LaTeX Warning: Reference `ch:ch03' on page i undefined on input line 68.


LaTeX Warning: Reference `ch:ch04' on page i undefined on input line 70.


LaTeX Warning: Reference `ch:ch05' on page i undefined on input line 71.


LaTeX Warning: Reference `ch:ch06' on page i undefined on input line 71.


LaTeX Warning: Reference `ch:ch07' on page i undefined on input line 73.


LaTeX Warning: Reference `ch:ch08' on page i undefined on input line 73.


LaTeX Warning: Reference `ch:ch09' on page i undefined on input line 74.


LaTeX Warning: Reference `ch:ch10' on page i undefined on input line 75.


LaTeX Warning: Reference `ch:ch11' on page i undefined on input line 76.


LaTeX Warning: Reference `ch:ch12' on page i undefined on input line 78.


LaTeX Warning: Reference `ch:ch13' on page i undefined on input line 78.


LaTeX Warning: Reference `ch:ch14' on page i undefined on input line 79.


LaTeX Warning: Reference `ch:ch16' on page i undefined on input line 81.


LaTeX Warning: Reference `ch:ch17' on page i undefined on input line 82.


LaTeX Warning: Reference `ch:ch18' on page i undefined on input line 83.


LaTeX Warning: Reference `ch:ch19' on page i undefined on input line 84.


LaTeX Warning: Reference `ch:ch20' on page i undefined on input line 86.


LaTeX Warning: Reference `ch:ch21' on page i undefined on input line 88.


LaTeX Warning: Reference `ch:ch22' on page i undefined on input line 88.


LaTeX Warning: Reference `ch:ch23' on page i undefined on input line 89.


LaTeX Warning: Reference `ch:ch24' on page i undefined on input line 91.


LaTeX Warning: Reference `ch:ch25' on page i undefined on input line 91.


LaTeX Warning: Reference `ch:ch04' on page i undefined on input line 98.


LaTeX Warning: Reference `ch:ch05' on page i undefined on input line 98.


LaTeX Warning: Reference `ch:ch09' on page i undefined on input line 99.


LaTeX Warning: Reference `ch:ch07' on page i undefined on input line 99.


LaTeX Warning: Reference `ch:ch13' on page i undefined on input line 99.


LaTeX Warning: Reference `ch:ch12' on page i undefined on input line 99.


LaTeX Warning: Reference `ch:ch14' on page i undefined on input line 100.


LaTeX Warning: Reference `ch:ch17' on page i undefined on input line 100.


LaTeX Warning: Reference `ch:ch16' on page i undefined on input line 100.


LaTeX Warning: Reference `ch:ch21' on page i undefined on input line 101.


LaTeX Warning: Reference `ch:ch20' on page i undefined on input line 101.


LaTeX Warning: Reference `ch:ch24' on page i undefined on input line 102.


LaTeX Warning: Reference `ch:appC' on page i undefined on input line 118.

[6] (/usr/share/texmf/tex/latex/lm/t1lmtt.fd)) (./frontmatter/notation.tex
[7{/usr/share/texmf/fonts/enc/dvips/lm/lm-rm.enc}]
(/usr/share/texmf/tex/latex/lm/ot1lmss.fd)

LaTeX Warning: Reference `ch:ch02' on page i undefined on input line 60.


LaTeX Warning: Reference `ch:ch02' on page i undefined on input line 60.


LaTeX Warning: Reference `ch:ch02' on page i undefined on input line 60.


LaTeX Warning: Reference `ch:ch02' on page i undefined on input line 60.


LaTeX Warning: Reference `ch:ch02' on page i undefined on input line 60.


LaTeX Warning: Reference `ch:ch02' on page i undefined on input line 60.


LaTeX Warning: Reference `ch:ch02' on page i undefined on input line 60.


LaTeX Warning: Reference `ch:ch02' on page i undefined on input line 60.


LaTeX Warning: Reference `ch:ch02' on page i undefined on input line 60.


LaTeX Warning: Reference `ch:ch02' on page i undefined on input line 60.


LaTeX Warning: Reference `ch:ch18' on page i undefined on input line 60.


LaTeX Warning: Reference `ch:ch02' on page i undefined on input line 86.


LaTeX Warning: Reference `ch:ch02' on page i undefined on input line 86.


LaTeX Warning: Reference `ch:ch02' on page i undefined on input line 86.


LaTeX Warning: Reference `ch:ch03' on page i undefined on input line 86.


LaTeX Warning: Reference `ch:ch04' on page i undefined on input line 86.


LaTeX Warning: Reference `ch:ch02' on page i undefined on input line 86.


LaTeX Warning: Reference `ch:ch02' on page i undefined on input line 86.


LaTeX Warning: Reference `ch:ch03' on page i undefined on input line 86.


LaTeX Warning: Reference `ch:ch02' on page i undefined on input line 86.


LaTeX Warning: Reference `ch:ch02' on page i undefined on input line 86.


LaTeX Warning: Reference `ch:ch04' on page i undefined on input line 86.


LaTeX Warning: Reference `ch:ch04' on page i undefined on input line 86.


LaTeX Warning: Reference `ch:ch04' on page i undefined on input line 86.


LaTeX Warning: Reference `ch:ch03' on page i undefined on input line 86.


LaTeX Warning: Reference `ch:ch10' on page i undefined on input line 86.


LaTeX Warning: Reference `ch:ch04' on page i undefined on input line 86.


LaTeX Warning: Reference `ch:ch06' on page i undefined on input line 86.


LaTeX Warning: Reference `ch:ch05' on page i undefined on input line 86.


LaTeX Warning: Reference `ch:ch05' on page i undefined on input line 86.

[8{/usr/share/texmf/fonts/enc/dvips/lm/lm-mathit.enc}{/usr/share/texmf/fonts/en
c/dvips/lm/lm-mathsy.enc}]

LaTeX Warning: Reference `ch:ch07' on page i undefined on input line 109.


LaTeX Warning: Reference `ch:ch07' on page i undefined on input line 109.


LaTeX Warning: Reference `ch:ch07' on page i undefined on input line 109.


LaTeX Warning: Reference `ch:ch07' on page i undefined on input line 109.


LaTeX Warning: Reference `ch:ch07' on page i undefined on input line 109.


LaTeX Warning: Reference `ch:ch07' on page i undefined on input line 109.


LaTeX Warning: Reference `ch:ch07' on page i undefined on input line 109.


LaTeX Warning: Reference `ch:ch07' on page i undefined on input line 109.


LaTeX Warning: Reference `ch:ch09' on page i undefined on input line 109.


LaTeX Warning: Reference `ch:ch09' on page i undefined on input line 109.


LaTeX Warning: Reference `ch:ch08' on page i undefined on input line 109.


LaTeX Warning: Reference `ch:ch10' on page i undefined on input line 109.


LaTeX Warning: Reference `ch:ch11' on page i undefined on input line 109.


LaTeX Warning: Reference `ch:ch02' on page i undefined on input line 140.


LaTeX Warning: Reference `ch:ch02' on page i undefined on input line 140.


LaTeX Warning: Reference `ch:ch02' on page i undefined on input line 140.


LaTeX Warning: Reference `ch:ch02' on page i undefined on input line 140.


LaTeX Warning: Reference `ch:ch02' on page i undefined on input line 140.


LaTeX Warning: Reference `ch:ch02' on page i undefined on input line 140.


LaTeX Warning: Reference `ch:ch02' on page i undefined on input line 140.


LaTeX Warning: Reference `ch:ch02' on page i undefined on input line 140.


LaTeX Warning: Reference `ch:ch02' on page i undefined on input line 140.


LaTeX Warning: Reference `ch:ch02' on page i undefined on input line 140.


LaTeX Warning: Reference `ch:ch02' on page i undefined on input line 140.


LaTeX Warning: Reference `ch:ch01' on page i undefined on input line 140.


LaTeX Warning: Reference `ch:ch12' on page i undefined on input line 140.


LaTeX Warning: Reference `ch:ch12' on page i undefined on input line 140.


LaTeX Warning: Reference `ch:ch13' on page i undefined on input line 140.


LaTeX Warning: Reference `ch:ch13' on page i undefined on input line 140.


LaTeX Warning: Reference `ch:ch13' on page i undefined on input line 140.


LaTeX Warning: Reference `ch:ch13' on page i undefined on input line 140.


LaTeX Warning: Reference `ch:ch14' on page i undefined on input line 140.


LaTeX Warning: Reference `ch:ch16' on page i undefined on input line 140.


LaTeX Warning: Reference `ch:ch16' on page i undefined on input line 140.

[9]

LaTeX Warning: Reference `ch:ch02' on page i undefined on input line 167.


LaTeX Warning: Reference `ch:ch02' on page i undefined on input line 167.


LaTeX Warning: Reference `ch:ch02' on page i undefined on input line 167.


LaTeX Warning: Reference `ch:ch02' on page i undefined on input line 167.


LaTeX Warning: Reference `ch:ch02' on page i undefined on input line 167.


LaTeX Warning: Reference `ch:ch18' on page i undefined on input line 167.


LaTeX Warning: Reference `ch:ch18' on page i undefined on input line 167.


LaTeX Warning: Reference `ch:ch18' on page i undefined on input line 167.


LaTeX Warning: Reference `ch:ch18' on page i undefined on input line 167.


LaTeX Warning: Reference `ch:ch18' on page i undefined on input line 167.


LaTeX Warning: Reference `ch:ch19' on page i undefined on input line 167.


LaTeX Warning: Reference `ch:ch19' on page i undefined on input line 167.


LaTeX Warning: Reference `ch:ch18' on page i undefined on input line 167.


LaTeX Warning: Reference `ch:ch19' on page i undefined on input line 167.


LaTeX Warning: Reference `ch:ch20' on page i undefined on input line 167.


LaTeX Warning: Reference `ch:ch20' on page i undefined on input line 167.


LaTeX Warning: Reference `ch:ch20' on page i undefined on input line 167.


LaTeX Warning: Reference `ch:ch21' on page i undefined on input line 174.


LaTeX Warning: Reference `ch:ch02' on page i undefined on input line 178.


LaTeX Warning: Reference `ch:ch21' on page i undefined on input line 178.

[10]

LaTeX Warning: Reference `ch:ch21' on page i undefined on input line 204.


LaTeX Warning: Reference `ch:ch21' on page i undefined on input line 204.


LaTeX Warning: Reference `ch:ch21' on page i undefined on input line 204.


LaTeX Warning: Reference `ch:ch21' on page i undefined on input line 204.


LaTeX Warning: Reference `ch:ch21' on page i undefined on input line 204.


LaTeX Warning: Reference `ch:ch21' on page i undefined on input line 204.


LaTeX Warning: Reference `ch:ch21' on page i undefined on input line 204.


LaTeX Warning: Reference `ch:ch21' on page i undefined on input line 204.


LaTeX Warning: Reference `ch:ch21' on page i undefined on input line 204.


LaTeX Warning: Reference `ch:ch21' on page i undefined on input line 204.


LaTeX Warning: Reference `ch:ch21' on page i undefined on input line 204.


LaTeX Warning: Reference `ch:ch21' on page i undefined on input line 204.


LaTeX Warning: Reference `ch:ch22' on page i undefined on input line 204.


LaTeX Warning: Reference `ch:ch22' on page i undefined on input line 204.


LaTeX Warning: Reference `ch:ch22' on page i undefined on input line 204.


LaTeX Warning: Reference `ch:ch23' on page i undefined on input line 225.


LaTeX Warning: Reference `ch:ch23' on page i undefined on input line 225.


LaTeX Warning: Reference `ch:ch23' on page i undefined on input line 225.


LaTeX Warning: Reference `ch:ch23' on page i undefined on input line 225.


LaTeX Warning: Reference `ch:ch23' on page i undefined on input line 225.


LaTeX Warning: Reference `ch:ch23' on page i undefined on input line 225.


LaTeX Warning: Reference `ch:ch23' on page i undefined on input line 225.


LaTeX Warning: Reference `ch:ch23' on page i undefined on input line 225.


LaTeX Warning: Reference `ch:ch23' on page i undefined on input line 225.


LaTeX Warning: Reference `ch:ch23' on page i undefined on input line 225.


LaTeX Warning: Reference `ch:ch23' on page i undefined on input line 225.

) [11] [1] [2] [3] [4] (./chapters/ch15-potential-fields.tex
Chapter 1.

LaTeX Warning: Reference `ch:ch09' on page 1 undefined on input line 24.


LaTeX Warning: Reference `ch:appA' on page 1 undefined on input line 42.


LaTeX Warning: Reference `ch:ch14' on page 1 undefined on input line 45.


LaTeX Warning: Reference `ch:ch24' on page 1 undefined on input line 47.

[5] (./figures/ch15/idea.tex)

LaTeX Warning: Reference `ch:ch02' on page 1 undefined on input line 118.

[6]

LaTeX Warning: Reference `ch:ch02' on page 1 undefined on input line 138.

[7{/usr/share/texmf/fonts/enc/dvips/lm/lm-mathex.enc}]
(./figures/ch15/surface.tex) [8] [9] (./figures/ch15/field.tex) [10] [11]

LaTeX Warning: Reference `ch:appB' on page 1 undefined on input line 559.

[12] [13] (./figures/ch15/localmin.tex) (./figures/ch15/gnron.tex) [14]

LaTeX Warning: Reference `ch:ch04' on page 1 undefined on input line 736.

(./figures/ch15/oscillation.tex) [15]

LaTeX Warning: Reference `ch:appB' on page 1 undefined on input line 795.

[16] (./figures/ch15/nopassage.tex) [17] [18]

LaTeX Warning: Reference `ch:ch03' on page 1 undefined on input line 987.


LaTeX Warning: Reference `ch:ch04' on page 1 undefined on input line 992.


LaTeX Warning: Reference `ch:ch05' on page 1 undefined on input line 993.


LaTeX Warning: Reference `ch:ch09' on page 1 undefined on input line 994.


LaTeX Warning: Reference `ch:ch24' on page 1 undefined on input line 1010.

(./figures/ch15/basin.tex) [19]

LaTeX Warning: Reference `ch:ch25' on page 1 undefined on input line 1068.


LaTeX Warning: Reference `ch:ch13' on page 1 undefined on input line 1099.

(./figures/ch15/swarm.tex) [20]

LaTeX Warning: Reference `ch:ch23' on page 1 undefined on input line 1138.


LaTeX Warning: Reference `ch:ch23' on page 1 undefined on input line 1147.


LaTeX Warning: Reference `ch:ch23' on page 1 undefined on input line 1148.

[21]

LaTeX Warning: Reference `ch:ch02' on page 1 undefined on input line 1214.


LaTeX Warning: Reference `ch:ch16' on page 1 undefined on input line 1216.

[22]

LaTeX Warning: Reference `ch:ch14' on page 1 undefined on input line 1243.


LaTeX Warning: Reference `ch:ch21' on page 1 undefined on input line 1244.


LaTeX Warning: Reference `ch:ch24' on page 1 undefined on input line 1254.


LaTeX Warning: Reference `ch:ch12' on page 1 undefined on input line 1257.


LaTeX Warning: Reference `ch:ch13' on page 1 undefined on input line 1257.


LaTeX Warning: Reference `ch:ch14' on page 1 undefined on input line 1260.


LaTeX Warning: Reference `ch:ch10' on page 1 undefined on input line 1267.


LaTeX Warning: Reference `ch:ch09' on page 1 undefined on input line 1267.


LaTeX Warning: Reference `ch:ch23' on page 1 undefined on input line 1269.


LaTeX Warning: Reference `ch:ch21' on page 1 undefined on input line 1270.


LaTeX Warning: Reference `ch:ch24' on page 1 undefined on input line 1272.


LaTeX Warning: Reference `ch:ch04' on page 1 undefined on input line 1273.


LaTeX Warning: Reference `ch:ch05' on page 1 undefined on input line 1273.


LaTeX Warning: Reference `ch:appA' on page 1 undefined on input line 1274.


LaTeX Warning: Reference `ch:ch14' on page 1 undefined on input line 1274.

[23]

LaTeX Warning: Reference `ch:ch02' on page 1 undefined on input line 1315.

[24]

LaTeX Warning: Reference `ch:ch23' on page 1 undefined on input line 1405.


LaTeX Warning: Reference `ch:appA' on page 1 undefined on input line 1410.


LaTeX Warning: Reference `ch:ch04' on page 1 undefined on input line 1423.

) [25] [26] [27] [28] [29] [30] [31]Input index file ch15rev.idx not found.
Usage: makeindex [-ilqrcgLT] [-s sty] [-o ind] [-t log] [-p num] [idx0 idx1 ...]
system returned with code 256
 (build-ch15rev/ch15rev.ind) [32]
(build-ch15rev/ch15rev.aux
No file chapters/ch01-introduction.aux.
No file chapters/ch02-toolbox.aux.
No file chapters/ch03-dijkstra.aux.
No file chapters/ch04-astar.aux.
No file chapters/ch05-lpastar-dstarlite.aux.
No file chapters/ch06-arastar.aux.
No file chapters/ch07-mapf-problem.aux.
No file chapters/ch08-prioritized-planning.aux.
No file chapters/ch09-cbs.aux.
No file chapters/ch10-ecbs.aux.
No file chapters/ch11-mstar-push-and-swap.aux.
No file chapters/ch12-velocity-obstacles.aux.
No file chapters/ch13-rvo-orca.aux.
No file chapters/ch14-dwa.aux.
(build-ch15rev/chapters/ch15-potential-fields.aux)
No file chapters/ch16-rrt.aux.
No file chapters/ch17-rrt-star.aux.
No file chapters/ch18-kalman-filter.aux.
No file chapters/ch19-nonlinear-filters.aux.
No file chapters/ch20-trajectory-prediction.aux.
No file chapters/ch21-mpc.aux.
No file chapters/ch22-milp.aux.
No file chapters/ch23-consensus-formation.aux.
No file chapters/ch24-hybrid-architecture.aux.
No file chapters/ch25-experiments.aux.
No file appendices/appA-study-plan.aux.
No file appendices/appB-math-refresher.aux.
No file appendices/appC-solutions.aux.
No file appendices/glossary.aux.
)

LaTeX Warning: There were undefined references.

 ) )
(see the transcript file for additional information)</usr/share/texmf/fonts/typ
e1/public/lm/lmbx10.pfb></usr/share/texmf/fonts/type1/public/lm/lmbx12.pfb></us
r/share/texmf/fonts/type1/public/lm/lmbx8.pfb></usr/share/texmf/fonts/type1/pub
lic/lm/lmbx9.pfb></usr/share/texmf/fonts/type1/public/lm/lmcsc10.pfb></usr/shar
e/texmf/fonts/type1/public/lm/lmex10.pfb></usr/share/texmf/fonts/type1/public/l
m/lmmi10.pfb></usr/share/texmf/fonts/type1/public/lm/lmmi6.pfb></usr/share/texm
f/fonts/type1/public/lm/lmmi7.pfb></usr/share/texmf/fonts/type1/public/lm/lmmi8
.pfb></usr/share/texmf/fonts/type1/public/lm/lmmi9.pfb></usr/share/texmf/fonts/
type1/public/lm/lmr10.pfb></usr/share/texmf/fonts/type1/public/lm/lmr6.pfb></us
r/share/texmf/fonts/type1/public/lm/lmr7.pfb></usr/share/texmf/fonts/type1/publ
ic/lm/lmr8.pfb></usr/share/texmf/fonts/type1/public/lm/lmr9.pfb></usr/share/tex
mf/fonts/type1/public/lm/lmri10.pfb></usr/share/texmf/fonts/type1/public/lm/lms
s10.pfb></usr/share/texmf/fonts/type1/public/lm/lmss12.pfb></usr/share/texmf/fo
nts/type1/public/lm/lmss8.pfb></usr/share/texmf/fonts/type1/public/lm/lmssbx10.
pfb></usr/share/texmf/fonts/type1/public/lm/lmsy10.pfb></usr/share/texmf/fonts/
type1/public/lm/lmsy7.pfb></usr/share/texmf/fonts/type1/public/lm/lmsy8.pfb></u
sr/share/texmf/fonts/type1/public/lm/lmsy9.pfb></usr/share/texmf/fonts/type1/pu
blic/lm/lmtk10.pfb></usr/share/texmf/fonts/type1/public/lm/lmtt10.pfb></usr/sha
re/texmf/fonts/type1/public/lm/lmtti10.pfb></usr/share/texlive/texmf-dist/fonts
/type1/public/amsfonts/symbols/msbm10.pfb></usr/share/texlive/texmf-dist/fonts/
type1/urw/zapfding/uzdr.pfb>
Output written on build-ch15rev/ch15rev.pdf (44 pages, 856493 bytes).
SyncTeX written on build-ch15rev/ch15rev.synctex.gz.
Transcript written on build-ch15rev/ch15rev.log.
Latexmk: Missing input file 'chapters/ch01-introduction.aux' (or dependence on it) from following:
  No file chapters/ch01-introduction.aux.
Latexmk: Missing input file 'chapters/ch02-toolbox.aux' (or dependence on it) from following:
  No file chapters/ch02-toolbox.aux.
Latexmk: Missing input file 'chapters/ch03-dijkstra.aux' (or dependence on it) from following:
  No file chapters/ch03-dijkstra.aux.
Latexmk: Missing input file 'chapters/ch04-astar.aux' (or dependence on it) from following:
  No file chapters/ch04-astar.aux.
Latexmk: Missing input file 'chapters/ch05-lpastar-dstarlite.aux' (or dependence on it) from following:
  No file chapters/ch05-lpastar-dstarlite.aux.
Latexmk: Missing input file 'chapters/ch06-arastar.aux' (or dependence on it) from following:
  No file chapters/ch06-arastar.aux.
Latexmk: Missing input file 'chapters/ch07-mapf-problem.aux' (or dependence on it) from following:
  No file chapters/ch07-mapf-problem.aux.
Latexmk: Missing input file 'chapters/ch08-prioritized-planning.aux' (or dependence on it) from following:
  No file chapters/ch08-prioritized-planning.aux.
Latexmk: Missing input file 'chapters/ch09-cbs.aux' (or dependence on it) from following:
  No file chapters/ch09-cbs.aux.
Latexmk: Missing input file 'chapters/ch10-ecbs.aux' (or dependence on it) from following:
  No file chapters/ch10-ecbs.aux.
Latexmk: Missing input file 'chapters/ch11-mstar-push-and-swap.aux' (or dependence on it) from following:
  No file chapters/ch11-mstar-push-and-swap.aux.
Latexmk: Missing input file 'chapters/ch12-velocity-obstacles.aux' (or dependence on it) from following:
  No file chapters/ch12-velocity-obstacles.aux.
Latexmk: Missing input file 'chapters/ch13-rvo-orca.aux' (or dependence on it) from following:
  No file chapters/ch13-rvo-orca.aux.
Latexmk: Missing input file 'chapters/ch14-dwa.aux' (or dependence on it) from following:
  No file chapters/ch14-dwa.aux.
Latexmk: Missing input file 'chapters/ch16-rrt.aux' (or dependence on it) from following:
  No file chapters/ch16-rrt.aux.
Latexmk: Missing input file 'chapters/ch17-rrt-star.aux' (or dependence on it) from following:
  No file chapters/ch17-rrt-star.aux.
Latexmk: Missing input file 'chapters/ch18-kalman-filter.aux' (or dependence on it) from following:
  No file chapters/ch18-kalman-filter.aux.
Latexmk: Missing input file 'chapters/ch19-nonlinear-filters.aux' (or dependence on it) from following:
  No file chapters/ch19-nonlinear-filters.aux.
Latexmk: Missing input file 'chapters/ch20-trajectory-prediction.aux' (or dependence on it) from following:
  No file chapters/ch20-trajectory-prediction.aux.
Latexmk: Missing input file 'chapters/ch21-mpc.aux' (or dependence on it) from following:
  No file chapters/ch21-mpc.aux.
Latexmk: Missing input file 'chapters/ch22-milp.aux' (or dependence on it) from following:
  No file chapters/ch22-milp.aux.
Latexmk: Missing input file 'chapters/ch23-consensus-formation.aux' (or dependence on it) from following:
  No file chapters/ch23-consensus-formation.aux.
Latexmk: Missing input file 'chapters/ch24-hybrid-architecture.aux' (or dependence on it) from following:
  No file chapters/ch24-hybrid-architecture.aux.
Latexmk: Missing input file 'chapters/ch25-experiments.aux' (or dependence on it) from following:
  No file chapters/ch25-experiments.aux.
Latexmk: Missing input file 'appendices/appA-study-plan.aux' (or dependence on it) from following:
  No file appendices/appA-study-plan.aux.
Latexmk: Missing input file 'appendices/appB-math-refresher.aux' (or dependence on it) from following:
  No file appendices/appB-math-refresher.aux.
Latexmk: Missing input file 'appendices/appC-solutions.aux' (or dependence on it) from following:
  No file appendices/appC-solutions.aux.
Latexmk: Missing input file 'appendices/glossary.aux' (or dependence on it) from following:
  No file appendices/glossary.aux.
Latexmk: Missing input file 'chapters/ch01-introduction.aux' (or dependence on it) from following:
  No file chapters/ch01-introduction.aux.
Latexmk: Missing input file 'chapters/ch02-toolbox.aux' (or dependence on it) from following:
  No file chapters/ch02-toolbox.aux.
Latexmk: Missing input file 'chapters/ch03-dijkstra.aux' (or dependence on it) from following:
  No file chapters/ch03-dijkstra.aux.
Latexmk: Missing input file 'chapters/ch04-astar.aux' (or dependence on it) from following:
  No file chapters/ch04-astar.aux.
Latexmk: Missing input file 'chapters/ch05-lpastar-dstarlite.aux' (or dependence on it) from following:
  No file chapters/ch05-lpastar-dstarlite.aux.
Latexmk: Missing input file 'chapters/ch06-arastar.aux' (or dependence on it) from following:
  No file chapters/ch06-arastar.aux.
Latexmk: Missing input file 'chapters/ch07-mapf-problem.aux' (or dependence on it) from following:
  No file chapters/ch07-mapf-problem.aux.
Latexmk: Missing input file 'chapters/ch08-prioritized-planning.aux' (or dependence on it) from following:
  No file chapters/ch08-prioritized-planning.aux.
Latexmk: Missing input file 'chapters/ch09-cbs.aux' (or dependence on it) from following:
  No file chapters/ch09-cbs.aux.
Latexmk: Missing input file 'chapters/ch10-ecbs.aux' (or dependence on it) from following:
  No file chapters/ch10-ecbs.aux.
Latexmk: Missing input file 'chapters/ch11-mstar-push-and-swap.aux' (or dependence on it) from following:
  No file chapters/ch11-mstar-push-and-swap.aux.
Latexmk: Missing input file 'chapters/ch12-velocity-obstacles.aux' (or dependence on it) from following:
  No file chapters/ch12-velocity-obstacles.aux.
Latexmk: Missing input file 'chapters/ch13-rvo-orca.aux' (or dependence on it) from following:
  No file chapters/ch13-rvo-orca.aux.
Latexmk: Missing input file 'chapters/ch14-dwa.aux' (or dependence on it) from following:
  No file chapters/ch14-dwa.aux.
Latexmk: Missing input file 'chapters/ch16-rrt.aux' (or dependence on it) from following:
  No file chapters/ch16-rrt.aux.
Latexmk: Missing input file 'chapters/ch17-rrt-star.aux' (or dependence on it) from following:
  No file chapters/ch17-rrt-star.aux.
Latexmk: Missing input file 'chapters/ch18-kalman-filter.aux' (or dependence on it) from following:
  No file chapters/ch18-kalman-filter.aux.
Latexmk: Missing input file 'chapters/ch19-nonlinear-filters.aux' (or dependence on it) from following:
  No file chapters/ch19-nonlinear-filters.aux.
Latexmk: Missing input file 'chapters/ch20-trajectory-prediction.aux' (or dependence on it) from following:
  No file chapters/ch20-trajectory-prediction.aux.
Latexmk: Missing input file 'chapters/ch21-mpc.aux' (or dependence on it) from following:
  No file chapters/ch21-mpc.aux.
Latexmk: Missing input file 'chapters/ch22-milp.aux' (or dependence on it) from following:
  No file chapters/ch22-milp.aux.
Latexmk: Missing input file 'chapters/ch23-consensus-formation.aux' (or dependence on it) from following:
  No file chapters/ch23-consensus-formation.aux.
Latexmk: Missing input file 'chapters/ch24-hybrid-architecture.aux' (or dependence on it) from following:
  No file chapters/ch24-hybrid-architecture.aux.
Latexmk: Missing input file 'chapters/ch25-experiments.aux' (or dependence on it) from following:
  No file chapters/ch25-experiments.aux.
Latexmk: Missing input file 'appendices/appA-study-plan.aux' (or dependence on it) from following:
  No file appendices/appA-study-plan.aux.
Latexmk: Missing input file 'appendices/appB-math-refresher.aux' (or dependence on it) from following:
  No file appendices/appB-math-refresher.aux.
Latexmk: Missing input file 'appendices/appC-solutions.aux' (or dependence on it) from following:
  No file appendices/appC-solutions.aux.
Latexmk: Missing input file 'appendices/glossary.aux' (or dependence on it) from following:
  No file appendices/glossary.aux.
Latexmk: ====Undefined refs and citations with line #s in .tex file:
  Reference `ch:appA' on page i undefined on input line 28
  Reference `ch:appB' on page i undefined on input line 37
  Reference `ch:ch01' on page i undefined on input line 64
  Reference `ch:ch02' on page i undefined on input line 65
  Reference `ch:ch03' on page i undefined on input line 68
  Reference `ch:ch04' on page i undefined on input line 70
  Reference `ch:ch05' on page i undefined on input line 71
 And 182 more --- see log file 'build-ch15rev/ch15rev.log'
Latexmk: Getting log file 'build-ch15rev/ch15rev.log'
Latexmk: Examining 'build-ch15rev/ch15rev.fls'
Latexmk: Examining 'build-ch15rev/ch15rev.log'
Latexmk: Index file 'build-ch15rev/ch15rev.idx' was written
Latexmk: Found input bbl file 'build-ch15rev/ch15rev.bbl'
Latexmk: Log file says output to 'build-ch15rev/ch15rev.pdf'
Latexmk: Bibliography file(s) from .bcf file:
  bib/ch01-extra.bib
  bib/ch02-extra.bib
  bib/ch03-extra.bib
  bib/ch04-extra.bib
  bib/ch05-extra.bib
  bib/ch06-extra.bib
  bib/ch07-extra.bib
  bib/ch08-extra.bib
  bib/ch09-extra.bib
  bib/ch10-extra.bib
  bib/ch11-extra.bib
  bib/ch12-extra.bib
  bib/ch13-extra.bib
  bib/ch14-extra.bib
  bib/ch15-extra.bib
  bib/ch16-extra.bib
  bib/ch17-extra.bib
  bib/ch18-extra.bib
  bib/ch19-extra.bib
  bib/ch20-extra.bib
  bib/ch21-extra.bib
  bib/ch22-extra.bib
  bib/ch23-extra.bib
  bib/ch24-extra.bib
  bib/ch25-extra.bib
  references.bib
Latexmk: Summary of warnings from last run of *latex:
  Latex failed to resolve 189 reference(s)
Latexmk: All targets (build-ch15rev/ch15rev.pdf) are up-to-date

