Rc files read:
  /etc/LatexMk
  latexmkrc
Latexmk: This is Latexmk, John Collins, 31 Jan. 2024. Version 4.83.
No existing .aux file, so I'll make a simple one, and require run of *latex.
Force everything to be remade.
Latexmk: applying rule 'pdflatex'...
Rule 'pdflatex':  Reasons for rerun
Category 'other':
  Rerun of 'pdflatex' forced or previously required:
    Reason or flag: 'go_mode'

------------
Run number 1 of rule 'pdflatex'
------------
------------
Running 'pdflatex -interaction=nonstopmode -file-line-error -synctex=1  -recorder --jobname="only-appB-math-refresher" -output-directory="build-appB"  "./appBcheck.tex"'
------------
This is pdfTeX, Version 3.141592653-2.6-1.40.25 (TeX Live 2023/Debian) (preloaded format=pdflatex)
 restricted \write18 enabled.
entering extended mode
(./appBcheck.tex
LaTeX2e <2023-11-01> patch level 1
L3 programming layer <2024-01-22>
(./main.tex (/usr/share/texlive/texmf-dist/tex/latex/base/book.cls
Document Class: book 2023/05/17 v1.4n Standard LaTeX document class
(/usr/share/texlive/texmf-dist/tex/latex/base/bk11.clo)) (./searchbook.sty
(/usr/share/texlive/texmf-dist/tex/latex/base/fontenc.sty)
(/usr/share/texlive/texmf-dist/tex/latex/base/inputenc.sty)
(/usr/share/texmf/tex/latex/lm/lmodern.sty)
(/usr/share/texlive/texmf-dist/tex/latex/base/textcomp.sty)
(/usr/share/texlive/texmf-dist/tex/latex/geometry/geometry.sty
(/usr/share/texlive/texmf-dist/tex/latex/graphics/keyval.sty)
(/usr/share/texlive/texmf-dist/tex/generic/iftex/ifvtex.sty
(/usr/share/texlive/texmf-dist/tex/generic/iftex/iftex.sty)))
(/usr/share/texlive/texmf-dist/tex/latex/microtype/microtype.sty
(/usr/share/texlive/texmf-dist/tex/latex/etoolbox/etoolbox.sty)
(/usr/share/texlive/texmf-dist/tex/latex/microtype/microtype-pdftex.def)
(/usr/share/texlive/texmf-dist/tex/latex/microtype/microtype.cfg))
(/usr/share/texlive/texmf-dist/tex/latex/emptypage/emptypage.sty)
(/usr/share/texlive/texmf-dist/tex/latex/tools/xspace.sty)
(/usr/share/texlive/texmf-dist/tex/latex/needspace/needspace.sty)
(/usr/share/texlive/texmf-dist/tex/latex/amsmath/amsmath.sty
For additional information on amsmath, use the `?' option.
(/usr/share/texlive/texmf-dist/tex/latex/amsmath/amstext.sty
(/usr/share/texlive/texmf-dist/tex/latex/amsmath/amsgen.sty))
(/usr/share/texlive/texmf-dist/tex/latex/amsmath/amsbsy.sty)
(/usr/share/texlive/texmf-dist/tex/latex/amsmath/amsopn.sty))
(/usr/share/texlive/texmf-dist/tex/latex/amsfonts/amssymb.sty
(/usr/share/texlive/texmf-dist/tex/latex/amsfonts/amsfonts.sty))
(/usr/share/texlive/texmf-dist/tex/latex/amscls/amsthm.sty)
(/usr/share/texlive/texmf-dist/tex/latex/mathtools/mathtools.sty
(/usr/share/texlive/texmf-dist/tex/latex/tools/calc.sty)
(/usr/share/texlive/texmf-dist/tex/latex/mathtools/mhsetup.sty))
(/usr/share/texlive/texmf-dist/tex/latex/tools/bm.sty)
(/usr/share/texlive/texmf-dist/tex/latex/xcolor/xcolor.sty
(/usr/share/texlive/texmf-dist/tex/latex/graphics-cfg/color.cfg)
(/usr/share/texlive/texmf-dist/tex/latex/graphics-def/pdftex.def)
(/usr/share/texlive/texmf-dist/tex/latex/graphics/mathcolor.ltx))
(/usr/share/texlive/texmf-dist/tex/latex/graphics/dvipsnam.def)
(/usr/share/texlive/texmf-dist/tex/latex/xcolor/svgnam.def)
(/usr/share/texlive/texmf-dist/tex/latex/colortbl/colortbl.sty
(/usr/share/texlive/texmf-dist/tex/latex/tools/array.sty))
(/usr/share/texlive/texmf-dist/tex/latex/graphics/graphicx.sty
(/usr/share/texlive/texmf-dist/tex/latex/graphics/graphics.sty
(/usr/share/texlive/texmf-dist/tex/latex/graphics/trig.sty)
(/usr/share/texlive/texmf-dist/tex/latex/graphics-cfg/graphics.cfg)))
(/usr/share/texlive/texmf-dist/tex/latex/pgf/frontendlayer/tikz.sty
(/usr/share/texlive/texmf-dist/tex/latex/pgf/basiclayer/pgf.sty
(/usr/share/texlive/texmf-dist/tex/latex/pgf/utilities/pgfrcs.sty
(/usr/share/texlive/texmf-dist/tex/generic/pgf/utilities/pgfutil-common.tex)
(/usr/share/texlive/texmf-dist/tex/generic/pgf/utilities/pgfutil-latex.def)
(/usr/share/texlive/texmf-dist/tex/generic/pgf/utilities/pgfrcs.code.tex
(/usr/share/texlive/texmf-dist/tex/generic/pgf/pgf.revision.tex)))
(/usr/share/texlive/texmf-dist/tex/latex/pgf/basiclayer/pgfcore.sty
(/usr/share/texlive/texmf-dist/tex/latex/pgf/systemlayer/pgfsys.sty
(/usr/share/texlive/texmf-dist/tex/generic/pgf/systemlayer/pgfsys.code.tex
(/usr/share/texlive/texmf-dist/tex/generic/pgf/utilities/pgfkeys.code.tex
(/usr/share/texlive/texmf-dist/tex/generic/pgf/utilities/pgfkeyslibraryfiltered
.code.tex)) (/usr/share/texlive/texmf-dist/tex/generic/pgf/systemlayer/pgf.cfg)
(/usr/share/texlive/texmf-dist/tex/generic/pgf/systemlayer/pgfsys-pdftex.def
(/usr/share/texlive/texmf-dist/tex/generic/pgf/systemlayer/pgfsys-common-pdf.de
f)))
(/usr/share/texlive/texmf-dist/tex/generic/pgf/systemlayer/pgfsyssoftpath.code.
tex)
(/usr/share/texlive/texmf-dist/tex/generic/pgf/systemlayer/pgfsysprotocol.code.
tex))
(/usr/share/texlive/texmf-dist/tex/generic/pgf/basiclayer/pgfcore.code.tex
(/usr/share/texlive/texmf-dist/tex/generic/pgf/math/pgfmath.code.tex
(/usr/share/texlive/texmf-dist/tex/generic/pgf/math/pgfmathutil.code.tex)
(/usr/share/texlive/texmf-dist/tex/generic/pgf/math/pgfmathparser.code.tex)
(/usr/share/texlive/texmf-dist/tex/generic/pgf/math/pgfmathfunctions.code.tex)
(/usr/share/texlive/texmf-dist/tex/generic/pgf/math/pgfmathfunctions.basic.code
.tex)
(/usr/share/texlive/texmf-dist/tex/generic/pgf/math/pgfmathfunctions.trigonomet
ric.code.tex)
(/usr/share/texlive/texmf-dist/tex/generic/pgf/math/pgfmathfunctions.random.cod
e.tex)
(/usr/share/texlive/texmf-dist/tex/generic/pgf/math/pgfmathfunctions.comparison
.code.tex)
(/usr/share/texlive/texmf-dist/tex/generic/pgf/math/pgfmathfunctions.base.code.
tex)
(/usr/share/texlive/texmf-dist/tex/generic/pgf/math/pgfmathfunctions.round.code
.tex)
(/usr/share/texlive/texmf-dist/tex/generic/pgf/math/pgfmathfunctions.misc.code.
tex)
(/usr/share/texlive/texmf-dist/tex/generic/pgf/math/pgfmathfunctions.integerari
thmetics.code.tex)
(/usr/share/texlive/texmf-dist/tex/generic/pgf/math/pgfmathcalc.code.tex)
(/usr/share/texlive/texmf-dist/tex/generic/pgf/math/pgfmathfloat.code.tex))
(/usr/share/texlive/texmf-dist/tex/generic/pgf/math/pgfint.code.tex)
(/usr/share/texlive/texmf-dist/tex/generic/pgf/basiclayer/pgfcorepoints.code.te
x)
(/usr/share/texlive/texmf-dist/tex/generic/pgf/basiclayer/pgfcorepathconstruct.
code.tex)
(/usr/share/texlive/texmf-dist/tex/generic/pgf/basiclayer/pgfcorepathusage.code
.tex)
(/usr/share/texlive/texmf-dist/tex/generic/pgf/basiclayer/pgfcorescopes.code.te
x)
(/usr/share/texlive/texmf-dist/tex/generic/pgf/basiclayer/pgfcoregraphicstate.c
ode.tex)
(/usr/share/texlive/texmf-dist/tex/generic/pgf/basiclayer/pgfcoretransformation
s.code.tex)
(/usr/share/texlive/texmf-dist/tex/generic/pgf/basiclayer/pgfcorequick.code.tex
)
(/usr/share/texlive/texmf-dist/tex/generic/pgf/basiclayer/pgfcoreobjects.code.t
ex)
(/usr/share/texlive/texmf-dist/tex/generic/pgf/basiclayer/pgfcorepathprocessing
.code.tex)
(/usr/share/texlive/texmf-dist/tex/generic/pgf/basiclayer/pgfcorearrows.code.te
x)
(/usr/share/texlive/texmf-dist/tex/generic/pgf/basiclayer/pgfcoreshade.code.tex
)
(/usr/share/texlive/texmf-dist/tex/generic/pgf/basiclayer/pgfcoreimage.code.tex
)
(/usr/share/texlive/texmf-dist/tex/generic/pgf/basiclayer/pgfcoreexternal.code.
tex)
(/usr/share/texlive/texmf-dist/tex/generic/pgf/basiclayer/pgfcorelayers.code.te
x)
(/usr/share/texlive/texmf-dist/tex/generic/pgf/basiclayer/pgfcoretransparency.c
ode.tex)
(/usr/share/texlive/texmf-dist/tex/generic/pgf/basiclayer/pgfcorepatterns.code.
tex)
(/usr/share/texlive/texmf-dist/tex/generic/pgf/basiclayer/pgfcorerdf.code.tex))
)
(/usr/share/texlive/texmf-dist/tex/generic/pgf/modules/pgfmoduleshapes.code.tex
) (/usr/share/texlive/texmf-dist/tex/generic/pgf/modules/pgfmoduleplot.code.tex
)
(/usr/share/texlive/texmf-dist/tex/latex/pgf/compatibility/pgfcomp-version-0-65
.sty)
(/usr/share/texlive/texmf-dist/tex/latex/pgf/compatibility/pgfcomp-version-1-18
.sty)) (/usr/share/texlive/texmf-dist/tex/latex/pgf/utilities/pgffor.sty
(/usr/share/texlive/texmf-dist/tex/latex/pgf/utilities/pgfkeys.sty
(/usr/share/texlive/texmf-dist/tex/generic/pgf/utilities/pgfkeys.code.tex))
(/usr/share/texlive/texmf-dist/tex/latex/pgf/math/pgfmath.sty
(/usr/share/texlive/texmf-dist/tex/generic/pgf/math/pgfmath.code.tex))
(/usr/share/texlive/texmf-dist/tex/generic/pgf/utilities/pgffor.code.tex))
(/usr/share/texlive/texmf-dist/tex/generic/pgf/frontendlayer/tikz/tikz.code.tex

(/usr/share/texlive/texmf-dist/tex/generic/pgf/libraries/pgflibraryplothandlers
.code.tex)
(/usr/share/texlive/texmf-dist/tex/generic/pgf/modules/pgfmodulematrix.code.tex
)
(/usr/share/texlive/texmf-dist/tex/generic/pgf/frontendlayer/tikz/libraries/tik
zlibrarytopaths.code.tex)))
(/usr/share/texlive/texmf-dist/tex/generic/pgf/libraries/pgflibraryarrows.meta.
code.tex)
(/usr/share/texlive/texmf-dist/tex/generic/pgf/frontendlayer/tikz/libraries/tik
zlibrarypositioning.code.tex)
(/usr/share/texlive/texmf-dist/tex/generic/pgf/frontendlayer/tikz/libraries/tik
zlibrarycalc.code.tex)
(/usr/share/texlive/texmf-dist/tex/generic/pgf/frontendlayer/tikz/libraries/tik
zlibraryshapes.geometric.code.tex
(/usr/share/texlive/texmf-dist/tex/generic/pgf/libraries/shapes/pgflibraryshape
s.geometric.code.tex))
(/usr/share/texlive/texmf-dist/tex/generic/pgf/frontendlayer/tikz/libraries/tik
zlibraryshapes.misc.code.tex
(/usr/share/texlive/texmf-dist/tex/generic/pgf/libraries/shapes/pgflibraryshape
s.misc.code.tex))
(/usr/share/texlive/texmf-dist/tex/generic/pgf/frontendlayer/tikz/libraries/tik
zlibraryshapes.arrows.code.tex
(/usr/share/texlive/texmf-dist/tex/generic/pgf/libraries/shapes/pgflibraryshape
s.arrows.code.tex))
(/usr/share/texlive/texmf-dist/tex/generic/pgf/frontendlayer/tikz/libraries/tik
zlibrarypatterns.code.tex
(/usr/share/texlive/texmf-dist/tex/generic/pgf/libraries/pgflibrarypatterns.cod
e.tex))
(/usr/share/texlive/texmf-dist/tex/generic/pgf/frontendlayer/tikz/libraries/tik
zlibrarydecorations.pathreplacing.code.tex
(/usr/share/texlive/texmf-dist/tex/generic/pgf/frontendlayer/tikz/libraries/tik
zlibrarydecorations.code.tex
(/usr/share/texlive/texmf-dist/tex/generic/pgf/modules/pgfmoduledecorations.cod
e.tex))
(/usr/share/texlive/texmf-dist/tex/generic/pgf/libraries/decorations/pgflibrary
decorations.pathreplacing.code.tex))
(/usr/share/texlive/texmf-dist/tex/generic/pgf/frontendlayer/tikz/libraries/tik
zlibrarydecorations.markings.code.tex
(/usr/share/texlive/texmf-dist/tex/generic/pgf/libraries/decorations/pgflibrary
decorations.markings.code.tex))
(/usr/share/texlive/texmf-dist/tex/generic/pgf/frontendlayer/tikz/libraries/tik
zlibrarydecorations.pathmorphing.code.tex
(/usr/share/texlive/texmf-dist/tex/generic/pgf/libraries/decorations/pgflibrary
decorations.pathmorphing.code.tex))
(/usr/share/texlive/texmf-dist/tex/generic/pgf/frontendlayer/tikz/libraries/tik
zlibrarymatrix.code.tex)
(/usr/share/texlive/texmf-dist/tex/generic/pgf/frontendlayer/tikz/libraries/tik
zlibrarybackgrounds.code.tex)
(/usr/share/texlive/texmf-dist/tex/generic/pgf/frontendlayer/tikz/libraries/tik
zlibraryfit.code.tex)
(/usr/share/texlive/texmf-dist/tex/generic/pgf/frontendlayer/tikz/libraries/tik
zlibrarychains.code.tex)
(/usr/share/texlive/texmf-dist/tex/generic/pgf/frontendlayer/tikz/libraries/tik
zlibraryintersections.code.tex
(/usr/share/texlive/texmf-dist/tex/generic/pgf/libraries/pgflibraryintersection
s.code.tex
(/usr/share/texlive/texmf-dist/tex/generic/pgf/libraries/pgflibraryfpu.code.tex
)))
(/usr/share/texlive/texmf-dist/tex/generic/pgf/frontendlayer/tikz/libraries/tik
zlibraryangles.code.tex)
(/usr/share/texlive/texmf-dist/tex/generic/pgf/frontendlayer/tikz/libraries/tik
zlibraryquotes.code.tex)
(/usr/share/texlive/texmf-dist/tex/generic/pgf/frontendlayer/tikz/libraries/tik
zlibrary3d.code.tex)
(/usr/share/texlive/texmf-dist/tex/generic/pgf/frontendlayer/tikz/libraries/tik
zlibrarytrees.code.tex)
(/usr/share/texlive/texmf-dist/tex/generic/pgf/frontendlayer/tikz/libraries/tik
zlibraryshadows.code.tex
(/usr/share/texlive/texmf-dist/tex/generic/pgf/frontendlayer/tikz/libraries/tik
zlibraryfadings.code.tex
(/usr/share/texlive/texmf-dist/tex/generic/pgf/libraries/pgflibraryfadings.code
.tex)))
(/usr/share/texlive/texmf-dist/tex/generic/pgf/frontendlayer/tikz/libraries/tik
zlibraryshapes.multipart.code.tex
(/usr/share/texlive/texmf-dist/tex/generic/pgf/libraries/shapes/pgflibraryshape
s.multipart.code.tex))
(/usr/share/texlive/texmf-dist/tex/latex/pgfplots/pgfplots.sty
(/usr/share/texlive/texmf-dist/tex/generic/pgfplots/pgfplots.revision.tex)
(/usr/share/texlive/texmf-dist/tex/generic/pgfplots/pgfplots.code.tex
(/usr/share/texlive/texmf-dist/tex/generic/pgfplots/pgfplotscore.code.tex
(/usr/share/texlive/texmf-dist/tex/generic/pgfplots/sys/pgfplotssysgeneric.code
.tex))
(/usr/share/texlive/texmf-dist/tex/generic/pgfplots/libs/pgfplotslibrary.code.t
ex)
(/usr/share/texlive/texmf-dist/tex/generic/pgfplots/oldpgfcompatib/pgfplotsoldp
gfsupp_loader.code.tex
Package pgfplots: loading complementary utilities for your pgf version...

(/usr/share/texlive/texmf-dist/tex/generic/pgfplots/oldpgfcompatib/pgfplotsoldp
gfsupp_pgfutil-common-lists.tex))
(/usr/share/texlive/texmf-dist/tex/generic/pgfplots/util/pgfplotsutil.code.tex
(/usr/share/texlive/texmf-dist/tex/generic/pgfplots/liststructure/pgfplotslists
tructure.code.tex)
(/usr/share/texlive/texmf-dist/tex/generic/pgfplots/liststructure/pgfplotslists
tructureext.code.tex)
(/usr/share/texlive/texmf-dist/tex/generic/pgfplots/liststructure/pgfplotsarray
.code.tex)
(/usr/share/texlive/texmf-dist/tex/generic/pgfplots/liststructure/pgfplotsmatri
x.code.tex)
(/usr/share/texlive/texmf-dist/tex/generic/pgfplots/numtable/pgfplotstableshare
d.code.tex)
(/usr/share/texlive/texmf-dist/tex/generic/pgfplots/liststructure/pgfplotsdeque
.code.tex)
(/usr/share/texlive/texmf-dist/tex/generic/pgfplots/util/pgfplotsbinary.code.te
x
(/usr/share/texlive/texmf-dist/tex/generic/pgfplots/util/pgfplotsbinary.data.co
de.tex))
(/usr/share/texlive/texmf-dist/tex/generic/pgfplots/util/pgfplotsutil.verb.code
.tex)
(/usr/share/texlive/texmf-dist/tex/generic/pgfplots/libs/pgflibrarypgfplots.sur
fshading.code.tex
(/usr/share/texlive/texmf-dist/tex/generic/pgfplots/sys/pgflibrarypgfplots.surf
shading.pgfsys-pdftex.def)))
(/usr/share/texlive/texmf-dist/tex/generic/pgfplots/util/pgfplotscolormap.code.
tex
(/usr/share/texlive/texmf-dist/tex/generic/pgfplots/util/pgfplotscolor.code.tex
))
(/usr/share/texlive/texmf-dist/tex/generic/pgfplots/pgfplotsstackedplots.code.t
ex)
(/usr/share/texlive/texmf-dist/tex/generic/pgfplots/pgfplotsplothandlers.code.t
ex
(/usr/share/texlive/texmf-dist/tex/generic/pgfplots/pgfplotsmeshplothandler.cod
e.tex
(/usr/share/texlive/texmf-dist/tex/generic/pgfplots/pgfplotsmeshplotimage.code.
tex)))
(/usr/share/texlive/texmf-dist/tex/generic/pgfplots/pgfplots.scaling.code.tex)
(/usr/share/texlive/texmf-dist/tex/generic/pgfplots/pgfplotscoordprocessing.cod
e.tex)
(/usr/share/texlive/texmf-dist/tex/generic/pgfplots/pgfplots.errorbars.code.tex
) (/usr/share/texlive/texmf-dist/tex/generic/pgfplots/pgfplots.markers.code.tex
) (/usr/share/texlive/texmf-dist/tex/generic/pgfplots/pgfplotsticks.code.tex)
(/usr/share/texlive/texmf-dist/tex/generic/pgfplots/pgfplots.paths.code.tex)
(/usr/share/texlive/texmf-dist/tex/generic/pgfplots/libs/tikzlibrarypgfplots.co
ntourlua.code.tex))
(/usr/share/texlive/texmf-dist/tex/generic/pgf/frontendlayer/tikz/libraries/tik
zlibraryplotmarks.code.tex
(/usr/share/texlive/texmf-dist/tex/generic/pgf/libraries/pgflibraryplotmarks.co
de.tex)))
(/usr/share/texlive/texmf-dist/tex/generic/pgfplots/libs/tikzlibrarypgfplots.fi
llbetween.code.tex
(/usr/share/texlive/texmf-dist/tex/generic/pgfplots/pgfcontrib/tikzlibraryfillb
etween.code.tex
(/usr/share/texlive/texmf-dist/tex/generic/pgfplots/pgfcontrib/tikzlibrarydecor
ations.softclip.code.tex
(/usr/share/texlive/texmf-dist/tex/generic/pgfplots/pgfcontrib/pgflibraryfillbe
tween.code.tex)))
(/usr/share/texlive/texmf-dist/tex/generic/pgfplots/libs/tikzlibrarypgfplots.de
corations.softclip.code.tex))
(/usr/share/texlive/texmf-dist/tex/generic/pgfplots/libs/tikzlibrarypgfplots.gr
oupplots.code.tex)
(/usr/share/texlive/texmf-dist/tex/generic/pgfplots/libs/tikzlibrarypgfplots.st
atistics.code.tex) (/usr/share/texlive/texmf-dist/tex/latex/float/float.sty)
(/usr/share/texlive/texmf-dist/tex/latex/placeins/placeins.sty)
(/usr/share/texlive/texmf-dist/tex/latex/caption/caption.sty
(/usr/share/texlive/texmf-dist/tex/latex/caption/caption3.sty))
(/usr/share/texlive/texmf-dist/tex/latex/caption/subcaption.sty)
(/usr/share/texlive/texmf-dist/tex/latex/booktabs/booktabs.sty)
(/usr/share/texlive/texmf-dist/tex/latex/tools/tabularx.sty)
(/usr/share/texlive/texmf-dist/tex/latex/multirow/multirow.sty)
(/usr/share/texlive/texmf-dist/tex/latex/tools/longtable.sty)
(/usr/share/texlive/texmf-dist/tex/latex/makecell/makecell.sty)
(/usr/share/texlive/texmf-dist/tex/latex/enumitem/enumitem.sty)
(/usr/share/texlive/texmf-dist/tex/latex/algorithm2e/algorithm2e.sty
(/usr/share/texlive/texmf-dist/tex/latex/base/ifthen.sty)
(/usr/share/texlive/texmf-dist/tex/latex/ifoddpage/ifoddpage.sty)
(/usr/share/texlive/texmf-dist/tex/latex/relsize/relsize.sty))
(/usr/share/texlive/texmf-dist/tex/latex/listings/listings.sty
(/usr/share/texlive/texmf-dist/tex/latex/listings/lstmisc.sty)
(/usr/share/texlive/texmf-dist/tex/latex/listings/listings.cfg))
(/usr/share/texlive/texmf-dist/tex/latex/listings/lstlang1.sty)
(/usr/share/texlive/texmf-dist/tex/latex/titlesec/titlesec.sty)
(/usr/share/texlive/texmf-dist/tex/latex/fancyhdr/fancyhdr.sty)
(/usr/share/texlive/texmf-dist/tex/latex/biblatex/biblatex.sty
(/usr/share/texlive/texmf-dist/tex/generic/pdftexcmds/pdftexcmds.sty
(/usr/share/texlive/texmf-dist/tex/generic/infwarerr/infwarerr.sty)
(/usr/share/texlive/texmf-dist/tex/generic/ltxcmds/ltxcmds.sty))
(/usr/share/texlive/texmf-dist/tex/latex/kvoptions/kvoptions.sty
(/usr/share/texlive/texmf-dist/tex/latex/kvsetkeys/kvsetkeys.sty))
(/usr/share/texlive/texmf-dist/tex/latex/logreq/logreq.sty
(/usr/share/texlive/texmf-dist/tex/latex/logreq/logreq.def))
(/usr/share/texlive/texmf-dist/tex/latex/url/url.sty)
(/usr/share/texlive/texmf-dist/tex/latex/biblatex/blx-dm.def)
(/usr/share/texlive/texmf-dist/tex/latex/biblatex/blx-compat.def)
(/usr/share/texlive/texmf-dist/tex/latex/biblatex/biblatex.def)
(/usr/share/texlive/texmf-dist/tex/latex/biblatex/bbx/numeric-comp.bbx
(/usr/share/texlive/texmf-dist/tex/latex/biblatex/bbx/numeric.bbx
(/usr/share/texlive/texmf-dist/tex/latex/biblatex/bbx/standard.bbx)))
(/usr/share/texlive/texmf-dist/tex/latex/biblatex/cbx/numeric-comp.cbx)
(/usr/share/texlive/texmf-dist/tex/latex/biblatex/biblatex.cfg)
(/usr/share/texlive/texmf-dist/tex/latex/l3kernel/expl3.sty
(/usr/share/texlive/texmf-dist/tex/latex/l3backend/l3backend-pdftex.def))
(/usr/share/texlive/texmf-dist/tex/latex/biblatex/blx-case-expl3.sty
(/usr/share/texlive/texmf-dist/tex/latex/l3packages/xparse/xparse.sty)))
(/usr/share/texlive/texmf-dist/tex/latex/imakeidx/imakeidx.sty
(/usr/share/texlive/texmf-dist/tex/latex/xkeyval/xkeyval.sty
(/usr/share/texlive/texmf-dist/tex/generic/xkeyval/xkeyval.tex
(/usr/share/texlive/texmf-dist/tex/generic/xkeyval/xkvutils.tex)))
(/usr/share/texlive/texmf-dist/tex/generic/iftex/ifxetex.sty)
(/usr/share/texlive/texmf-dist/tex/generic/iftex/ifluatex.sty)
(/usr/share/texlive/texmf-dist/tex/latex/tools/multicol.sty))
(/usr/share/texlive/texmf-dist/tex/latex/tcolorbox/tcolorbox.sty
(/usr/share/texlive/texmf-dist/tex/latex/tools/verbatim.sty)
(/usr/share/texlive/texmf-dist/tex/latex/environ/environ.sty
(/usr/share/texlive/texmf-dist/tex/latex/trimspaces/trimspaces.sty))
(/usr/share/texlive/texmf-dist/tex/latex/tcolorbox/tcbraster.code.tex
Library (tcolorbox): 'tcbraster.code.tex' version '6.2.0'
) (/usr/share/texlive/texmf-dist/tex/latex/tcolorbox/tcbskins.code.tex
Library (tcolorbox): 'tcbskins.code.tex' version '6.2.0'
(/usr/share/texlive/texmf-dist/tex/latex/tikzfill/tikzfill.image.sty
(/usr/share/texlive/texmf-dist/tex/latex/tikzfill/tikzfill-common.sty)
(/usr/share/texlive/texmf-dist/tex/latex/tikzfill/tikzlibraryfill.image.code.te
x)) (/usr/share/texlive/texmf-dist/tex/latex/tcolorbox/tcbskinsjigsaw.code.tex
Library (tcolorbox): 'tcbskinsjigsaw.code.tex' version '6.2.0'
)) (/usr/share/texlive/texmf-dist/tex/latex/tcolorbox/tcbbreakable.code.tex
Library (tcolorbox): 'tcbbreakable.code.tex' version '6.2.0'
(/usr/share/texlive/texmf-dist/tex/latex/pdfcol/pdfcol.sty))
(/usr/share/texlive/texmf-dist/tex/latex/tcolorbox/tcbhooks.code.tex
Library (tcolorbox): 'tcbhooks.code.tex' version '6.2.0'
) (/usr/share/texlive/texmf-dist/tex/latex/tcolorbox/tcbtheorems.code.tex
Library (tcolorbox): 'tcbtheorems.code.tex' version '6.2.0'
) (/usr/share/texlive/texmf-dist/tex/latex/tcolorbox/tcbfitting.code.tex
Library (tcolorbox): 'tcbfitting.code.tex' version '6.2.0'
) (/usr/share/texlive/texmf-dist/tex/latex/tcolorbox/tcblistingsutf8.code.tex
Library (tcolorbox): 'tcblistingsutf8.code.tex' version '6.2.0'
(/usr/share/texlive/texmf-dist/tex/latex/tcolorbox/tcblistings.code.tex
Library (tcolorbox): 'tcblistings.code.tex' version '6.2.0'
(/usr/share/texlive/texmf-dist/tex/latex/tcolorbox/tcblistingscore.code.tex
Library (tcolorbox): 'tcblistingscore.code.tex' version '6.2.0'
(/usr/share/texlive/texmf-dist/tex/latex/tcolorbox/tcbprocessing.code.tex
Library (tcolorbox): 'tcbprocessing.code.tex' version '6.2.0'
))) (/usr/share/texlive/texmf-dist/tex/latex/listingsutf8/listingsutf8.sty
(/usr/share/texlive/texmf-dist/tex/generic/stringenc/stringenc.sty
(/usr/share/texlive/texmf-dist/tex/generic/pdfescape/pdfescape.sty))))
(/usr/share/texlive/texmf-dist/tex/latex/tcolorbox/tcbexternal.code.tex
Library (tcolorbox): 'tcbexternal.code.tex' version '6.2.0'
) (/usr/share/texlive/texmf-dist/tex/latex/tcolorbox/tcbmagazine.code.tex
Library (tcolorbox): 'tcbmagazine.code.tex' version '6.2.0'
) (/usr/share/texlive/texmf-dist/tex/latex/tcolorbox/tcbvignette.code.tex
Library (tcolorbox): 'tcbvignette.code.tex' version '6.2.0'
) (/usr/share/texlive/texmf-dist/tex/latex/tcolorbox/tcbposter.code.tex
Library (tcolorbox): 'tcbposter.code.tex' version '6.2.0'
)) (/usr/share/texlive/texmf-dist/tex/latex/oberdiek/aliascnt.sty)
(/usr/share/texlive/texmf-dist/tex/latex/psnfss/pifont.sty
(/usr/share/texlive/texmf-dist/tex/latex/psnfss/upzd.fd)
(/usr/share/texlive/texmf-dist/tex/latex/psnfss/upsy.fd))
(/usr/share/texlive/texmf-dist/tex/latex/hyperref/hyperref.sty
(/usr/share/texlive/texmf-dist/tex/generic/kvdefinekeys/kvdefinekeys.sty)
(/usr/share/texlive/texmf-dist/tex/latex/hycolor/hycolor.sty)
(/usr/share/texlive/texmf-dist/tex/latex/auxhook/auxhook.sty)
(/usr/share/texlive/texmf-dist/tex/latex/hyperref/nameref.sty
(/usr/share/texlive/texmf-dist/tex/latex/refcount/refcount.sty)
(/usr/share/texlive/texmf-dist/tex/generic/gettitlestring/gettitlestring.sty))
(/usr/share/texlive/texmf-dist/tex/latex/hyperref/pd1enc.def)
(/usr/share/texlive/texmf-dist/tex/generic/intcalc/intcalc.sty)
(/usr/share/texlive/texmf-dist/tex/latex/hyperref/puenc.def)
(/usr/share/texlive/texmf-dist/tex/generic/bitset/bitset.sty
(/usr/share/texlive/texmf-dist/tex/generic/bigintcalc/bigintcalc.sty))
(/usr/share/texlive/texmf-dist/tex/latex/base/atbegshi-ltx.sty))
(/usr/share/texlive/texmf-dist/tex/latex/hyperref/hpdftex.def
(/usr/share/texlive/texmf-dist/tex/latex/base/atveryend-ltx.sty)
(/usr/share/texlive/texmf-dist/tex/latex/rerunfilecheck/rerunfilecheck.sty
(/usr/share/texlive/texmf-dist/tex/generic/uniquecounter/uniquecounter.sty)))
(/usr/share/texlive/texmf-dist/tex/latex/bookmark/bookmark.sty
(/usr/share/texlive/texmf-dist/tex/latex/bookmark/bkm-pdftex.def))
(/usr/share/texlive/texmf-dist/tex/latex/cleveref/cleveref.sty))
Writing index file only-appB-math-refresher.idx
(/usr/share/texmf/tex/latex/lm/t1lmr.fd)
(build-appB/only-appB-math-refresher.aux)
*geometry* driver: auto-detecting
*geometry* detected driver: pdftex
(/usr/share/texlive/texmf-dist/tex/latex/microtype/mt-cmr.cfg)
(/usr/share/texlive/texmf-dist/tex/context/base/mkii/supp-pdf.mkii
[Loading MPS to PDF converter (version 2006.09.02).]
) (/usr/share/texlive/texmf-dist/tex/latex/epstopdf-pkg/epstopdf-base.sty
(/usr/share/texlive/texmf-dist/tex/latex/latexconfig/epstopdf-sys.cfg))
Package pgfplots notification 'compat/show suggested version=true': document ha
s been generated with the most recent feature set (\pgfplotsset{compat=1.18}).

(/usr/share/texlive/texmf-dist/tex/latex/caption/ltcaption.sty)
(/usr/share/texlive/texmf-dist/tex/latex/biblatex/lbx/english.lbx)
No file only-appB-math-refresher.bbl.
(./frontmatter/titlepage.tex (/usr/share/texmf/tex/latex/lm/t1lmss.fd) [1{/var/
lib/texmf/fonts/map/pdftex/updmap/pdftex.map}{/usr/share/texmf/fonts/enc/dvips/
lm/lm-ec.enc}]) (./frontmatter/copyright.tex
(/usr/share/texmf/tex/latex/lm/ot1lmr.fd)
(/usr/share/texmf/tex/latex/lm/omllmm.fd)
(/usr/share/texmf/tex/latex/lm/omslmsy.fd)
(/usr/share/texmf/tex/latex/lm/omxlmex.fd)
(/usr/share/texlive/texmf-dist/tex/latex/amsfonts/umsa.fd)
(/usr/share/texlive/texmf-dist/tex/latex/microtype/mt-msa.cfg)
(/usr/share/texlive/texmf-dist/tex/latex/amsfonts/umsb.fd)
(/usr/share/texlive/texmf-dist/tex/latex/microtype/mt-msb.cfg)
pdfTeX warning (ext4): destination with the same identifier (name{page.i}) has 
been already used, duplicate ignored
<to be read again> 
                   \relax 
l.24 \clearpage
                [1])
No file only-appB-math-refresher.toc.
[2]
No file only-appB-math-refresher.loa.
(./frontmatter/preface.tex [3]

LaTeX Warning: Reference `ch:appA' on page i undefined on input line 28.


LaTeX Warning: Reference `ch:appB' on page i undefined on input line 37.

(/usr/share/texmf/tex/latex/lm/ts1lmr.fd) [4{/usr/share/texmf/fonts/enc/dvips/l
m/lm-ts1.enc}]

LaTeX Warning: Reference `ch:ch01' on page i undefined on input line 64.


LaTeX Warning: Reference `ch:ch02' on page i undefined on input line 65.


LaTeX Warning: Reference `ch:ch03' on page i undefined on input line 68.


LaTeX Warning: Reference `ch:ch04' on page i undefined on input line 70.


LaTeX Warning: Reference `ch:ch05' on page i undefined on input line 71.


LaTeX Warning: Reference `ch:ch06' on page i undefined on input line 71.


LaTeX Warning: Reference `ch:ch07' on page i undefined on input line 73.


LaTeX Warning: Reference `ch:ch08' on page i undefined on input line 73.


LaTeX Warning: Reference `ch:ch09' on page i undefined on input line 74.


LaTeX Warning: Reference `ch:ch10' on page i undefined on input line 75.


LaTeX Warning: Reference `ch:ch11' on page i undefined on input line 76.


LaTeX Warning: Reference `ch:ch12' on page i undefined on input line 78.


LaTeX Warning: Reference `ch:ch13' on page i undefined on input line 78.


LaTeX Warning: Reference `ch:ch14' on page i undefined on input line 79.


LaTeX Warning: Reference `ch:ch15' on page i undefined on input line 80.


LaTeX Warning: Reference `ch:ch16' on page i undefined on input line 81.


LaTeX Warning: Reference `ch:ch17' on page i undefined on input line 82.


LaTeX Warning: Reference `ch:ch18' on page i undefined on input line 83.


LaTeX Warning: Reference `ch:ch19' on page i undefined on input line 84.


LaTeX Warning: Reference `ch:ch20' on page i undefined on input line 86.


LaTeX Warning: Reference `ch:ch21' on page i undefined on input line 88.


LaTeX Warning: Reference `ch:ch22' on page i undefined on input line 88.


LaTeX Warning: Reference `ch:ch23' on page i undefined on input line 89.


LaTeX Warning: Reference `ch:ch24' on page i undefined on input line 91.


LaTeX Warning: Reference `ch:ch25' on page i undefined on input line 91.


LaTeX Warning: Reference `ch:ch04' on page i undefined on input line 98.


LaTeX Warning: Reference `ch:ch05' on page i undefined on input line 98.


LaTeX Warning: Reference `ch:ch09' on page i undefined on input line 99.


LaTeX Warning: Reference `ch:ch07' on page i undefined on input line 99.


LaTeX Warning: Reference `ch:ch13' on page i undefined on input line 99.


LaTeX Warning: Reference `ch:ch12' on page i undefined on input line 99.


LaTeX Warning: Reference `ch:ch14' on page i undefined on input line 100.


LaTeX Warning: Reference `ch:ch17' on page i undefined on input line 100.


LaTeX Warning: Reference `ch:ch16' on page i undefined on input line 100.


LaTeX Warning: Reference `ch:ch21' on page i undefined on input line 101.


LaTeX Warning: Reference `ch:ch20' on page i undefined on input line 101.


LaTeX Warning: Reference `ch:ch24' on page i undefined on input line 102.


LaTeX Warning: Reference `ch:appC' on page i undefined on input line 118.

[5] (/usr/share/texmf/tex/latex/lm/t1lmtt.fd)) (./frontmatter/notation.tex
[6{/usr/share/texmf/fonts/enc/dvips/lm/lm-rm.enc}]
(/usr/share/texmf/tex/latex/lm/ot1lmss.fd)

LaTeX Warning: Reference `ch:ch02' on page i undefined on input line 60.


LaTeX Warning: Reference `ch:ch02' on page i undefined on input line 60.


LaTeX Warning: Reference `ch:ch02' on page i undefined on input line 60.


LaTeX Warning: Reference `ch:ch02' on page i undefined on input line 60.


LaTeX Warning: Reference `ch:ch02' on page i undefined on input line 60.


LaTeX Warning: Reference `ch:ch02' on page i undefined on input line 60.


LaTeX Warning: Reference `ch:ch02' on page i undefined on input line 60.


LaTeX Warning: Reference `ch:ch02' on page i undefined on input line 60.


LaTeX Warning: Reference `ch:ch02' on page i undefined on input line 60.


LaTeX Warning: Reference `ch:ch02' on page i undefined on input line 60.


LaTeX Warning: Reference `ch:ch18' on page i undefined on input line 60.


LaTeX Warning: Reference `ch:ch02' on page i undefined on input line 86.


LaTeX Warning: Reference `ch:ch02' on page i undefined on input line 86.


LaTeX Warning: Reference `ch:ch02' on page i undefined on input line 86.


LaTeX Warning: Reference `ch:ch03' on page i undefined on input line 86.


LaTeX Warning: Reference `ch:ch04' on page i undefined on input line 86.


LaTeX Warning: Reference `ch:ch02' on page i undefined on input line 86.


LaTeX Warning: Reference `ch:ch02' on page i undefined on input line 86.


LaTeX Warning: Reference `ch:ch03' on page i undefined on input line 86.


LaTeX Warning: Reference `ch:ch02' on page i undefined on input line 86.


LaTeX Warning: Reference `ch:ch02' on page i undefined on input line 86.


LaTeX Warning: Reference `ch:ch04' on page i undefined on input line 86.


LaTeX Warning: Reference `ch:ch04' on page i undefined on input line 86.


LaTeX Warning: Reference `ch:ch04' on page i undefined on input line 86.


LaTeX Warning: Reference `ch:ch03' on page i undefined on input line 86.


LaTeX Warning: Reference `ch:ch10' on page i undefined on input line 86.


LaTeX Warning: Reference `ch:ch04' on page i undefined on input line 86.


LaTeX Warning: Reference `ch:ch06' on page i undefined on input line 86.


LaTeX Warning: Reference `ch:ch05' on page i undefined on input line 86.


LaTeX Warning: Reference `ch:ch05' on page i undefined on input line 86.

[7{/usr/share/texmf/fonts/enc/dvips/lm/lm-mathit.enc}{/usr/share/texmf/fonts/en
c/dvips/lm/lm-mathsy.enc}]

LaTeX Warning: Reference `ch:ch07' on page i undefined on input line 109.


LaTeX Warning: Reference `ch:ch07' on page i undefined on input line 109.


LaTeX Warning: Reference `ch:ch07' on page i undefined on input line 109.


LaTeX Warning: Reference `ch:ch07' on page i undefined on input line 109.


LaTeX Warning: Reference `ch:ch07' on page i undefined on input line 109.


LaTeX Warning: Reference `ch:ch07' on page i undefined on input line 109.


LaTeX Warning: Reference `ch:ch07' on page i undefined on input line 109.


LaTeX Warning: Reference `ch:ch07' on page i undefined on input line 109.


LaTeX Warning: Reference `ch:ch09' on page i undefined on input line 109.


LaTeX Warning: Reference `ch:ch09' on page i undefined on input line 109.


LaTeX Warning: Reference `ch:ch08' on page i undefined on input line 109.


LaTeX Warning: Reference `ch:ch10' on page i undefined on input line 109.


LaTeX Warning: Reference `ch:ch11' on page i undefined on input line 109.


LaTeX Warning: Reference `ch:ch02' on page i undefined on input line 140.


LaTeX Warning: Reference `ch:ch02' on page i undefined on input line 140.


LaTeX Warning: Reference `ch:ch02' on page i undefined on input line 140.


LaTeX Warning: Reference `ch:ch02' on page i undefined on input line 140.


LaTeX Warning: Reference `ch:ch02' on page i undefined on input line 140.


LaTeX Warning: Reference `ch:ch02' on page i undefined on input line 140.


LaTeX Warning: Reference `ch:ch02' on page i undefined on input line 140.


LaTeX Warning: Reference `ch:ch02' on page i undefined on input line 140.


LaTeX Warning: Reference `ch:ch02' on page i undefined on input line 140.


LaTeX Warning: Reference `ch:ch02' on page i undefined on input line 140.


LaTeX Warning: Reference `ch:ch02' on page i undefined on input line 140.


LaTeX Warning: Reference `ch:ch01' on page i undefined on input line 140.


LaTeX Warning: Reference `ch:ch12' on page i undefined on input line 140.


LaTeX Warning: Reference `ch:ch12' on page i undefined on input line 140.


LaTeX Warning: Reference `ch:ch13' on page i undefined on input line 140.


LaTeX Warning: Reference `ch:ch13' on page i undefined on input line 140.


LaTeX Warning: Reference `ch:ch13' on page i undefined on input line 140.


LaTeX Warning: Reference `ch:ch13' on page i undefined on input line 140.


LaTeX Warning: Reference `ch:ch14' on page i undefined on input line 140.


LaTeX Warning: Reference `ch:ch15' on page i undefined on input line 140.


LaTeX Warning: Reference `ch:ch16' on page i undefined on input line 140.


LaTeX Warning: Reference `ch:ch16' on page i undefined on input line 140.

[8]

LaTeX Warning: Reference `ch:ch02' on page i undefined on input line 167.


LaTeX Warning: Reference `ch:ch02' on page i undefined on input line 167.


LaTeX Warning: Reference `ch:ch02' on page i undefined on input line 167.


LaTeX Warning: Reference `ch:ch02' on page i undefined on input line 167.


LaTeX Warning: Reference `ch:ch02' on page i undefined on input line 167.


LaTeX Warning: Reference `ch:ch18' on page i undefined on input line 167.


LaTeX Warning: Reference `ch:ch18' on page i undefined on input line 167.


LaTeX Warning: Reference `ch:ch18' on page i undefined on input line 167.


LaTeX Warning: Reference `ch:ch18' on page i undefined on input line 167.


LaTeX Warning: Reference `ch:ch18' on page i undefined on input line 167.


LaTeX Warning: Reference `ch:ch19' on page i undefined on input line 167.


LaTeX Warning: Reference `ch:ch19' on page i undefined on input line 167.


LaTeX Warning: Reference `ch:ch18' on page i undefined on input line 167.


LaTeX Warning: Reference `ch:ch19' on page i undefined on input line 167.


LaTeX Warning: Reference `ch:ch20' on page i undefined on input line 167.


LaTeX Warning: Reference `ch:ch20' on page i undefined on input line 167.


LaTeX Warning: Reference `ch:ch20' on page i undefined on input line 167.


LaTeX Warning: Reference `ch:ch21' on page i undefined on input line 174.


LaTeX Warning: Reference `ch:ch02' on page i undefined on input line 178.


LaTeX Warning: Reference `ch:ch21' on page i undefined on input line 178.

[9]

LaTeX Warning: Reference `ch:ch21' on page i undefined on input line 204.


LaTeX Warning: Reference `ch:ch21' on page i undefined on input line 204.


LaTeX Warning: Reference `ch:ch21' on page i undefined on input line 204.


LaTeX Warning: Reference `ch:ch21' on page i undefined on input line 204.


LaTeX Warning: Reference `ch:ch21' on page i undefined on input line 204.


LaTeX Warning: Reference `ch:ch21' on page i undefined on input line 204.


LaTeX Warning: Reference `ch:ch21' on page i undefined on input line 204.


LaTeX Warning: Reference `ch:ch21' on page i undefined on input line 204.


LaTeX Warning: Reference `ch:ch21' on page i undefined on input line 204.


LaTeX Warning: Reference `ch:ch21' on page i undefined on input line 204.


LaTeX Warning: Reference `ch:ch21' on page i undefined on input line 204.


LaTeX Warning: Reference `ch:ch21' on page i undefined on input line 204.


LaTeX Warning: Reference `ch:ch22' on page i undefined on input line 204.


LaTeX Warning: Reference `ch:ch22' on page i undefined on input line 204.


LaTeX Warning: Reference `ch:ch22' on page i undefined on input line 204.


LaTeX Warning: Reference `ch:ch23' on page i undefined on input line 225.


LaTeX Warning: Reference `ch:ch23' on page i undefined on input line 225.


LaTeX Warning: Reference `ch:ch23' on page i undefined on input line 225.


LaTeX Warning: Reference `ch:ch23' on page i undefined on input line 225.


LaTeX Warning: Reference `ch:ch23' on page i undefined on input line 225.


LaTeX Warning: Reference `ch:ch23' on page i undefined on input line 225.


LaTeX Warning: Reference `ch:ch23' on page i undefined on input line 225.


LaTeX Warning: Reference `ch:ch23' on page i undefined on input line 225.


LaTeX Warning: Reference `ch:ch23' on page i undefined on input line 225.


LaTeX Warning: Reference `ch:ch23' on page i undefined on input line 225.


LaTeX Warning: Reference `ch:ch23' on page i undefined on input line 225.

) [10] [1] [2] [3] [4] [5] [6] [7] [8] [9]
(./appendices/appB-math-refresher.tex
Appendix A.
[10]

LaTeX Warning: Reference `ch:ch13' on page 1 undefined on input line 77.


LaTeX Warning: Reference `ch:ch12' on page 1 undefined on input line 77.


LaTeX Warning: Reference `ch:ch02' on page 1 undefined on input line 77.


LaTeX Warning: Reference `ch:ch02' on page 1 undefined on input line 84.


LaTeX Warning: Reference `ch:ch13' on page 1 undefined on input line 89.


LaTeX Warning: Reference `ch:ch12' on page 1 undefined on input line 89.


LaTeX Warning: Reference `ch:ch04' on page 1 undefined on input line 89.


LaTeX Warning: Reference `tab:appB-identities' on page 1 undefined on input lin
e 121.


LaTeX Warning: Reference `ch:ch23' on page 1 undefined on input line 122.


LaTeX Warning: Reference `ch:ch21' on page 1 undefined on input line 122.


LaTeX Warning: Reference `ch:ch18' on page 1 undefined on input line 122.


LaTeX Warning: Reference `sec:appB-schur' on page 1 undefined on input line 124
.


LaTeX Warning: Reference `thm:appB-block' on page 1 undefined on input line 128
.


LaTeX Warning: Reference `thm:appB-block' on page 1 undefined on input line 128
.


LaTeX Warning: Reference `thm:appB-spectral' on page 1 undefined on input line 
139.


LaTeX Warning: Reference `thm:appB-block' on page 1 undefined on input line 141
.


LaTeX Warning: Reference `thm:appB-woodbury' on page 1 undefined on input line 
142.


LaTeX Warning: Reference `sec:appB-calculus' on page 1 undefined on input line 
143.


LaTeX Warning: Citation 'boyd2004convex' on page 11 undefined on input line 176
.

[11{/usr/share/texmf/fonts/enc/dvips/lm/lm-mathex.enc}]

LaTeX Warning: Citation 'boyd2004convex' on page 12 undefined on input line 206
.


LaTeX Warning: Reference `sec:appB-probability' on page 1 undefined on input li
ne 211.


LaTeX Warning: Reference `fig:appB-conditioning' on page 1 undefined on input l
ine 230.


LaTeX Warning: Reference `sec:appB-probability' on page 1 undefined on input li
ne 234.

[12]

LaTeX Warning: Reference `eq:appB-block-fact' on page 1 undefined on input line
 280.


LaTeX Warning: Reference `eq:appB-block-product' on page 1 undefined on input l
ine 280.


LaTeX Warning: Reference `eq:appB-block-inverse' on page 1 undefined on input l
ine 280.


LaTeX Warning: Reference `ex:appB-eigen' on page 1 undefined on input line 283.



LaTeX Warning: Reference `ch:ch18' on page 1 undefined on input line 287.


LaTeX Warning: Reference `thm:appB-block' on page 1 undefined on input line 300
.

[13]

LaTeX Warning: Reference `eq:appB-normal' on page 1 undefined on input line 316
.


LaTeX Warning: Reference `thm:appB-spectral' on page 1 undefined on input line 
316.


LaTeX Warning: Reference `eq:appB-normal' on page 1 undefined on input line 321
.


LaTeX Warning: Reference `ch:ch18' on page 1 undefined on input line 325.


LaTeX Warning: Reference `ch:ch21' on page 1 undefined on input line 327.


LaTeX Warning: Reference `sec:appB-qp' on page 1 undefined on input line 329.


LaTeX Warning: Reference `ch:ch19' on page 1 undefined on input line 332.


LaTeX Warning: Reference `ch:ch18' on page 1 undefined on input line 332.


LaTeX Warning: Reference `ch:ch20' on page 1 undefined on input line 355.

[14]

LaTeX Warning: Reference `ch:ch15' on page 1 undefined on input line 369.


LaTeX Warning: Reference `eq:appB-taylor1' on page 1 undefined on input line 38
5.


LaTeX Warning: Reference `ch:ch19' on page 1 undefined on input line 387.


LaTeX Warning: Reference `sec:appB-optimization' on page 1 undefined on input l
ine 392.


LaTeX Warning: Reference `eq:appB-taylor1' on page 1 undefined on input line 40
1.


LaTeX Warning: Reference `ex:appB-jacobian' on page 1 undefined on input line 4
05.


LaTeX Warning: Reference `ch:ch02' on page 1 undefined on input line 411.

[15]

LaTeX Warning: Reference `ch:ch18' on page 1 undefined on input line 430.


LaTeX Warning: Reference `ch:ch21' on page 1 undefined on input line 433.


LaTeX Warning: Reference `eq:appB-AB' on page 1 undefined on input line 433.


LaTeX Warning: Reference `ch:ch14' on page 1 undefined on input line 434.


LaTeX Warning: Reference `eq:appB-cov' on page 1 undefined on input line 470.


LaTeX Warning: Reference `eq:appB-cov-affine' on page 1 undefined on input line
 470.


LaTeX Warning: Reference `eq:appB-cov-affine' on page 1 undefined on input line
 473.


LaTeX Warning: Reference `ch:ch19' on page 1 undefined on input line 474.


LaTeX Warning: Reference `ch:ch18' on page 1 undefined on input line 474.

[16]

LaTeX Warning: Reference `thm:appB-spectral' on page 1 undefined on input line 
492.


LaTeX Warning: Reference `ch:ch02' on page 1 undefined on input line 493.


LaTeX Warning: Reference `thm:appB-chi2' on page 1 undefined on input line 498.



LaTeX Warning: Reference `thm:appB-cov-rules' on page 1 undefined on input line
 506.


LaTeX Warning: Reference `eq:appB-gaussian' on page 1 undefined on input line 5
06.


LaTeX Warning: Reference `thm:appB-conditioning' on page 1 undefined on input l
ine 506.


LaTeX Warning: Citation 'sarkka2013bayesian' on page 17 undefined on input line
 506.


LaTeX Warning: Reference `ch:ch18' on page 1 undefined on input line 512.


LaTeX Warning: Reference `thm:appB-block' on page 1 undefined on input line 533
.


LaTeX Warning: Reference `thm:appB-block' on page 1 undefined on input line 544
.


LaTeX Warning: Reference `eq:appB-conditional' on page 1 undefined on input lin
e 549.


LaTeX Warning: Reference `thm:appB-psd-tests' on page 1 undefined on input line
 549.

[17]

LaTeX Warning: Reference `thm:appB-affine' on page 1 undefined on input line 56
1.


LaTeX Warning: Reference `thm:appB-cov-rules' on page 1 undefined on input line
 561.


LaTeX Warning: Reference `eq:appB-conditional' on page 1 undefined on input lin
e 561.


LaTeX Warning: Reference `eq:appB-kalman-update' on page 1 undefined on input l
ine 564.


LaTeX Warning: Reference `ch:ch18' on page 1 undefined on input line 565.


LaTeX Warning: Reference `thm:appB-woodbury' on page 1 undefined on input line 
566.


LaTeX Warning: Reference `ex:appB-eigen' on page 1 undefined on input line 570.



LaTeX Warning: Reference `eq:appB-sigma' on page 1 undefined on input line 572.



LaTeX Warning: Reference `eq:appB-conditional' on page 1 undefined on input lin
e 572.


LaTeX Warning: Reference `fig:appB-conditioning' on page 1 undefined on input l
ine 577.

(./figures/appB/gaussian-conditioning.tex)

LaTeX Warning: Reference `ex:appB-conditioning' on page 1 undefined on input li
ne 583.


LaTeX Warning: Reference `ex:appB-conditioning' on page 1 undefined on input li
ne 583.


LaTeX Warning: Reference `eq:appB-joint' on page 1 undefined on input line 589.



LaTeX Warning: Reference `eq:appB-joint' on page 1 undefined on input line 589.



LaTeX Warning: Reference `thm:appB-affine' on page 1 undefined on input line 59
5.


LaTeX Warning: Reference `thm:appB-conditioning' on page 1 undefined on input l
ine 597.


LaTeX Warning: Reference `thm:appB-chi2' on page 1 undefined on input line 600.


[18]

LaTeX Warning: Reference `ch:ch19' on page 1 undefined on input line 624.


LaTeX Warning: Reference `ch:ch18' on page 1 undefined on input line 624.


LaTeX Warning: Reference `thm:appB-linear-update' on page 1 undefined on input 
line 636.


LaTeX Warning: Reference `thm:appB-affine' on page 1 undefined on input line 63
6.


LaTeX Warning: Reference `ch:ch19' on page 1 undefined on input line 637.


LaTeX Warning: Citation 'thrun2005probabilistic' on page 19 undefined on input 
line 639.


LaTeX Warning: Citation 'sarkka2013bayesian' on page 19 undefined on input line
 639.


LaTeX Warning: Reference `ch:ch25' on page 1 undefined on input line 659.


LaTeX Warning: Reference `thm:appB-affine' on page 1 undefined on input line 66
2.


LaTeX Warning: Reference `ex:appB-conditioning' on page 1 undefined on input li
ne 662.


LaTeX Warning: Reference `thm:appB-chi2' on page 1 undefined on input line 662.



LaTeX Warning: Reference `ch:ch19' on page 1 undefined on input line 666.


LaTeX Warning: Citation 'doucet2001sequential' on page 19 undefined on input li
ne 667.

[19]

LaTeX Warning: Reference `thm:appB-affine' on page 1 undefined on input line 67
7.


LaTeX Warning: Citation 'barshalom2001estimation' on page 20 undefined on input
 line 688.


LaTeX Warning: Reference `ch:ch19' on page 1 undefined on input line 689.


LaTeX Warning: Reference `ch:ch18' on page 1 undefined on input line 689.


LaTeX Warning: Reference `ch:ch24' on page 1 undefined on input line 690.


LaTeX Warning: Reference `ch:ch13' on page 1 undefined on input line 712.


LaTeX Warning: Reference `ch:ch12' on page 1 undefined on input line 713.


LaTeX Warning: Reference `fig:appB-convex' on page 1 undefined on input line 71
4.

[20]

LaTeX Warning: Citation 'boyd2004convex' on page 21 undefined on input line 726
.


LaTeX Warning: Citation 'boyd2004convex' on page 21 undefined on input line 731
.


LaTeX Warning: Reference `ch:ch21' on page 1 undefined on input line 732.


LaTeX Warning: Reference `ch:ch15' on page 1 undefined on input line 733.

(./figures/appB/convexity.tex)

LaTeX Warning: Reference `ch:ch13' on page 1 undefined on input line 739.


LaTeX Warning: Reference `ch:ch12' on page 1 undefined on input line 739.


LaTeX Warning: Reference `ch:ch13' on page 1 undefined on input line 739.


LaTeX Warning: Reference `ch:ch12' on page 1 undefined on input line 739.


LaTeX Warning: Reference `eq:appB-nlp' on page 1 undefined on input line 758.


LaTeX Warning: Citation 'nocedal2006numerical' on page 21 undefined on input li
ne 768.


LaTeX Warning: Citation 'boyd2004convex' on page 21 undefined on input line 769
.


LaTeX Warning: Reference `eq:appB-kkt-cs' on page 1 undefined on input line 771
.


LaTeX Warning: Reference `ch:ch21' on page 1 undefined on input line 774.


LaTeX Warning: Citation 'nocedal2006numerical' on page 21 undefined on input li
ne 777.

[21]

LaTeX Warning: Reference `eq:appB-lp' on page 1 undefined on input line 790.


LaTeX Warning: Reference `thm:appB-kkt' on page 1 undefined on input line 793.


LaTeX Warning: Reference `fig:appB-lp' on page 1 undefined on input line 796.


LaTeX Warning: Reference `eq:appB-lp' on page 1 undefined on input line 803.


LaTeX Warning: Citation 'nocedal2006numerical' on page 22 undefined on input li
ne 806.


LaTeX Warning: Reference `ch:ch22' on page 1 undefined on input line 810.


LaTeX Warning: Reference `sec:appB-milp' on page 1 undefined on input line 811.



LaTeX Warning: Reference `ch:ch13' on page 1 undefined on input line 812.


LaTeX Warning: Reference `fig:appB-lp' on page 1 undefined on input line 819.

(./figures/appB/lp-geometry.tex)

LaTeX Warning: Reference `ex:appB-lp' on page 1 undefined on input line 825.


LaTeX Warning: Reference `ex:appB-lp' on page 1 undefined on input line 825.


LaTeX Warning: Reference `ch:ch21' on page 1 undefined on input line 838.


LaTeX Warning: Reference `thm:appB-kkt' on page 1 undefined on input line 839.


LaTeX Warning: Reference `thm:appB-normal' on page 1 undefined on input line 84
2.

[22]

LaTeX Warning: Reference `thm:appB-block' on page 1 undefined on input line 853
.


LaTeX Warning: Reference `eq:appB-kkt-system' on page 1 undefined on input line
 855.


LaTeX Warning: Citation 'nocedal2006numerical' on page 23 undefined on input li
ne 856.


LaTeX Warning: Citation 'wolsey1998integer' on page 23 undefined on input line 
871.


LaTeX Warning: Reference `ch:ch22' on page 1 undefined on input line 881.

[23]

LaTeX Warning: Reference `ch:ch22' on page 1 undefined on input line 898.


LaTeX Warning: Reference `eq:appB-bigM' on page 1 undefined on input line 900.


LaTeX Warning: Reference `thm:appB-taylor' on page 1 undefined on input line 91
7.


LaTeX Warning: Reference `eq:appB-gd' on page 1 undefined on input line 923.


LaTeX Warning: Citation 'boyd2004convex' on page 24 undefined on input line 926
.


LaTeX Warning: Citation 'nocedal2006numerical' on page 24 undefined on input li
ne 927.


LaTeX Warning: Reference `fig:appB-gd' on page 1 undefined on input line 937.

[24] (./figures/appB/gradient-descent.tex)

LaTeX Warning: Reference `ex:appB-gd' on page 1 undefined on input line 943.


LaTeX Warning: Reference `ex:appB-gd' on page 1 undefined on input line 943.


LaTeX Warning: Reference `ch:ch15' on page 1 undefined on input line 948.


LaTeX Warning: Reference `fig:appB-gd' on page 1 undefined on input line 950.


LaTeX Warning: Reference `fig:appB-convex' on page 1 undefined on input line 95
1.


LaTeX Warning: Reference `ch:ch20' on page 1 undefined on input line 951.


LaTeX Warning: Reference `eq:appB-chain' on page 1 undefined on input line 953.



LaTeX Warning: Reference `ch:ch23' on page 1 undefined on input line 964.


LaTeX Warning: Reference `eq:appB-laplacian' on page 1 undefined on input line 
978.

[25]

LaTeX Warning: Reference `thm:appB-laplacian-form' on page 1 undefined on input
 line 1002.


LaTeX Warning: Reference `thm:appB-laplacian-form' on page 1 undefined on input
 line 1002.


LaTeX Warning: Citation 'fiedler1973algebraic' on page 26 undefined on input li
ne 1007.


LaTeX Warning: Reference `ch:ch23' on page 1 undefined on input line 1008.


LaTeX Warning: Citation 'olfatisaber2007consensus' on page 26 undefined on inpu
t line 1012.


LaTeX Warning: Reference `fig:appB-laplacian' on page 1 undefined on input line
 1019.


LaTeX Warning: Reference `thm:appB-laplacian' on page 1 undefined on input line
 1024.

(./figures/appB/laplacian.tex)

LaTeX Warning: Reference `ex:appB-laplacian' on page 1 undefined on input line 
1030.


LaTeX Warning: Reference `ex:appB-laplacian' on page 1 undefined on input line 
1030.


LaTeX Warning: Reference `ch:ch03' on page 1 undefined on input line 1043.


LaTeX Warning: Reference `ch:ch04' on page 1 undefined on input line 1045.


LaTeX Warning: Reference `ch:ch08' on page 1 undefined on input line 1050.


LaTeX Warning: Reference `ch:ch04' on page 1 undefined on input line 1050.

[26]

LaTeX Warning: Reference `ch:ch03' on page 1 undefined on input line 1071.


LaTeX Warning: Reference `ch:ch10' on page 1 undefined on input line 1074.


LaTeX Warning: Reference `ch:ch09' on page 1 undefined on input line 1074.


LaTeX Warning: Citation 'cormen2009clrs' on page 27 undefined on input line 108
9.


LaTeX Warning: Reference `tab:appB-heap' on page 1 undefined on input line 1089
.


LaTeX Warning: Citation 'cormen2009clrs' on page 27 undefined on input line 112
0.


LaTeX Warning: Reference `ch:ch04' on page 1 undefined on input line 1128.


LaTeX Warning: Reference `ch:ch03' on page 1 undefined on input line 1128.


LaTeX Warning: Reference `ch:ch04' on page 1 undefined on input line 1137.

[27]

LaTeX Warning: Reference `eq:appB-conditional' on page 1 undefined on input lin
e 1147.

[28]

LaTeX Warning: Citation 'boyd2004convex' on page 29 undefined on input line 115
7.


LaTeX Warning: Reference `sec:appB-linalg' on page 1 undefined on input line 11
58.


LaTeX Warning: Citation 'nocedal2006numerical' on page 29 undefined on input li
ne 1159.


LaTeX Warning: Citation 'wolsey1998integer' on page 29 undefined on input line 
1160.


LaTeX Warning: Citation 'thrun2005probabilistic' on page 29 undefined on input 
line 1161.


LaTeX Warning: Citation 'sarkka2013bayesian' on page 29 undefined on input line
 1161.


LaTeX Warning: Citation 'barshalom2001estimation' on page 29 undefined on input
 line 1162.


LaTeX Warning: Citation 'doucet2001sequential' on page 29 undefined on input li
ne 1163.


LaTeX Warning: Citation 'olfatisaber2007consensus' on page 29 undefined on inpu
t line 1164.


LaTeX Warning: Citation 'fiedler1973algebraic' on page 29 undefined on input li
ne 1165.


LaTeX Warning: Citation 'cormen2009clrs' on page 29 undefined on input line 116
6.


Overfull \hbox (29.30403pt too wide) in paragraph at lines 1156--1167
\T1/lmr/m/n/10.95 (-20) ing is treated in [] and se-quen-tial Monte Carlo in []
.
) [29]Input index file only-appB-math-refresher.idx not found.
Usage: makeindex [-ilqrcgLT] [-s sty] [-o ind] [-t log] [-p num] [idx0 idx1 ...]
system returned with code 256


LaTeX Warning: Empty bibliography on input line 113.

No file only-appB-math-refresher.ind.
(build-appB/only-appB-math-refresher.aux
No file chapters/ch01-introduction.aux.
No file chapters/ch02-toolbox.aux.
No file chapters/ch03-dijkstra.aux.
No file chapters/ch04-astar.aux.
No file chapters/ch05-lpastar-dstarlite.aux.
No file chapters/ch06-arastar.aux.
No file chapters/ch07-mapf-problem.aux.
No file chapters/ch08-prioritized-planning.aux.
No file chapters/ch09-cbs.aux.
No file chapters/ch10-ecbs.aux.
No file chapters/ch11-mstar-push-and-swap.aux.
No file chapters/ch12-velocity-obstacles.aux.
No file chapters/ch13-rvo-orca.aux.
No file chapters/ch14-dwa.aux.
No file chapters/ch15-potential-fields.aux.
No file chapters/ch16-rrt.aux.
No file chapters/ch17-rrt-star.aux.
No file chapters/ch18-kalman-filter.aux.
No file chapters/ch19-nonlinear-filters.aux.
No file chapters/ch20-trajectory-prediction.aux.
No file chapters/ch21-mpc.aux.
No file chapters/ch22-milp.aux.
No file chapters/ch23-consensus-formation.aux.
No file chapters/ch24-hybrid-architecture.aux.
No file chapters/ch25-experiments.aux.
No file appendices/appA-study-plan.aux.
(build-appB/appendices/appB-math-refresher.aux)
No file appendices/appC-solutions.aux.
No file appendices/glossary.aux.
)

LaTeX Warning: There were undefined references.


LaTeX Warning: Label(s) may have changed. Rerun to get cross-references right.


Package biblatex Warning: Please (re)run Biber on the file:
(biblatex)                only-appB-math-refresher
(biblatex)                and rerun LaTeX afterwards.

 ) )
(see the transcript file for additional information)</usr/share/texmf/fonts/typ
e1/public/lm/lmbx10.pfb></usr/share/texmf/fonts/type1/public/lm/lmbx12.pfb></us
r/share/texmf/fonts/type1/public/lm/lmbx7.pfb></usr/share/texmf/fonts/type1/pub
lic/lm/lmbx8.pfb></usr/share/texmf/fonts/type1/public/lm/lmbx9.pfb></usr/share/
texmf/fonts/type1/public/lm/lmbxi10.pfb></usr/share/texmf/fonts/type1/public/lm
/lmcsc10.pfb></usr/share/texmf/fonts/type1/public/lm/lmex10.pfb></usr/share/tex
mf/fonts/type1/public/lm/lmmi10.pfb></usr/share/texmf/fonts/type1/public/lm/lmm
i6.pfb></usr/share/texmf/fonts/type1/public/lm/lmmi7.pfb></usr/share/texmf/font
s/type1/public/lm/lmmi8.pfb></usr/share/texmf/fonts/type1/public/lm/lmmi9.pfb><
/usr/share/texmf/fonts/type1/public/lm/lmr10.pfb></usr/share/texmf/fonts/type1/
public/lm/lmr6.pfb></usr/share/texmf/fonts/type1/public/lm/lmr7.pfb></usr/share
/texmf/fonts/type1/public/lm/lmr8.pfb></usr/share/texmf/fonts/type1/public/lm/l
mr9.pfb></usr/share/texmf/fonts/type1/public/lm/lmri10.pfb></usr/share/texmf/fo
nts/type1/public/lm/lmss10.pfb></usr/share/texmf/fonts/type1/public/lm/lmss12.p
fb></usr/share/texmf/fonts/type1/public/lm/lmss8.pfb></usr/share/texmf/fonts/ty
pe1/public/lm/lmssbx10.pfb></usr/share/texmf/fonts/type1/public/lm/lmsy10.pfb><
/usr/share/texmf/fonts/type1/public/lm/lmsy6.pfb></usr/share/texmf/fonts/type1/
public/lm/lmsy7.pfb></usr/share/texmf/fonts/type1/public/lm/lmsy8.pfb></usr/sha
re/texmf/fonts/type1/public/lm/lmsy9.pfb></usr/share/texmf/fonts/type1/public/l
m/lmtk10.pfb></usr/share/texmf/fonts/type1/public/lm/lmtt10.pfb></usr/share/tex
live/texmf-dist/fonts/type1/public/amsfonts/symbols/msbm10.pfb></usr/share/texl
ive/texmf-dist/fonts/type1/urw/zapfding/uzdr.pfb>
Output written on build-appB/only-appB-math-refresher.pdf (40 pages, 733765 byt
es).
SyncTeX written on build-appB/only-appB-math-refresher.synctex.gz.
Transcript written on build-appB/only-appB-math-refresher.log.
Latexmk: Missing bbl file 'build-appB/only-appB-math-refresher.bbl' in following:
 No file only-appB-math-refresher.bbl.
Latexmk: Missing input file 'only-appB-math-refresher.toc' (or dependence on it) from following:
  No file only-appB-math-refresher.toc.
Latexmk: Missing input file 'only-appB-math-refresher.loa' (or dependence on it) from following:
  No file only-appB-math-refresher.loa.
Latexmk: Missing input file 'only-appB-math-refresher.ind' (or dependence on it) from following:
  No file only-appB-math-refresher.ind.
Latexmk: Missing input file 'chapters/ch01-introduction.aux' (or dependence on it) from following:
  No file chapters/ch01-introduction.aux.
Latexmk: Missing input file 'chapters/ch02-toolbox.aux' (or dependence on it) from following:
  No file chapters/ch02-toolbox.aux.
Latexmk: Missing input file 'chapters/ch03-dijkstra.aux' (or dependence on it) from following:
  No file chapters/ch03-dijkstra.aux.
Latexmk: Missing input file 'chapters/ch04-astar.aux' (or dependence on it) from following:
  No file chapters/ch04-astar.aux.
Latexmk: Missing input file 'chapters/ch05-lpastar-dstarlite.aux' (or dependence on it) from following:
  No file chapters/ch05-lpastar-dstarlite.aux.
Latexmk: Missing input file 'chapters/ch06-arastar.aux' (or dependence on it) from following:
  No file chapters/ch06-arastar.aux.
Latexmk: Missing input file 'chapters/ch07-mapf-problem.aux' (or dependence on it) from following:
  No file chapters/ch07-mapf-problem.aux.
Latexmk: Missing input file 'chapters/ch08-prioritized-planning.aux' (or dependence on it) from following:
  No file chapters/ch08-prioritized-planning.aux.
Latexmk: Missing input file 'chapters/ch09-cbs.aux' (or dependence on it) from following:
  No file chapters/ch09-cbs.aux.
Latexmk: Missing input file 'chapters/ch10-ecbs.aux' (or dependence on it) from following:
  No file chapters/ch10-ecbs.aux.
Latexmk: Missing input file 'chapters/ch11-mstar-push-and-swap.aux' (or dependence on it) from following:
  No file chapters/ch11-mstar-push-and-swap.aux.
Latexmk: Missing input file 'chapters/ch12-velocity-obstacles.aux' (or dependence on it) from following:
  No file chapters/ch12-velocity-obstacles.aux.
Latexmk: Missing input file 'chapters/ch13-rvo-orca.aux' (or dependence on it) from following:
  No file chapters/ch13-rvo-orca.aux.
Latexmk: Missing input file 'chapters/ch14-dwa.aux' (or dependence on it) from following:
  No file chapters/ch14-dwa.aux.
Latexmk: Missing input file 'chapters/ch15-potential-fields.aux' (or dependence on it) from following:
  No file chapters/ch15-potential-fields.aux.
Latexmk: Missing input file 'chapters/ch16-rrt.aux' (or dependence on it) from following:
  No file chapters/ch16-rrt.aux.
Latexmk: Missing input file 'chapters/ch17-rrt-star.aux' (or dependence on it) from following:
  No file chapters/ch17-rrt-star.aux.
Latexmk: Missing input file 'chapters/ch18-kalman-filter.aux' (or dependence on it) from following:
  No file chapters/ch18-kalman-filter.aux.
Latexmk: Missing input file 'chapters/ch19-nonlinear-filters.aux' (or dependence on it) from following:
  No file chapters/ch19-nonlinear-filters.aux.
Latexmk: Missing input file 'chapters/ch20-trajectory-prediction.aux' (or dependence on it) from following:
  No file chapters/ch20-trajectory-prediction.aux.
Latexmk: Missing input file 'chapters/ch21-mpc.aux' (or dependence on it) from following:
  No file chapters/ch21-mpc.aux.
Latexmk: Missing input file 'chapters/ch22-milp.aux' (or dependence on it) from following:
  No file chapters/ch22-milp.aux.
Latexmk: Missing input file 'chapters/ch23-consensus-formation.aux' (or dependence on it) from following:
  No file chapters/ch23-consensus-formation.aux.
Latexmk: Missing input file 'chapters/ch24-hybrid-architecture.aux' (or dependence on it) from following:
  No file chapters/ch24-hybrid-architecture.aux.
Latexmk: Missing input file 'chapters/ch25-experiments.aux' (or dependence on it) from following:
  No file chapters/ch25-experiments.aux.
Latexmk: Missing input file 'appendices/appA-study-plan.aux' (or dependence on it) from following:
  No file appendices/appA-study-plan.aux.
Latexmk: Missing input file 'appendices/appC-solutions.aux' (or dependence on it) from following:
  No file appendices/appC-solutions.aux.
Latexmk: Missing input file 'appendices/glossary.aux' (or dependence on it) from following:
  No file appendices/glossary.aux.
Latexmk: Getting log file 'build-appB/only-appB-math-refresher.log'
Latexmk: Examining 'build-appB/only-appB-math-refresher.fls'
Latexmk: Examining 'build-appB/only-appB-math-refresher.log'
Latexmk: Index file 'build-appB/only-appB-math-refresher.idx' was written
Latexmk: References changed.
Latexmk: Log file says output to 'build-appB/only-appB-math-refresher.pdf'
Latexmk: Log file says output to 'build-appB/only-appB-math-refresher.pdf'
Latexmk: Bibliography file(s) from .bcf file:
  bib/ch01-extra.bib
  bib/ch02-extra.bib
  bib/ch03-extra.bib
  bib/ch04-extra.bib
  bib/ch05-extra.bib
  bib/ch06-extra.bib
  bib/ch07-extra.bib
  bib/ch08-extra.bib
  bib/ch09-extra.bib
  bib/ch10-extra.bib
  bib/ch11-extra.bib
  bib/ch12-extra.bib
  bib/ch13-extra.bib
  bib/ch14-extra.bib
  bib/ch15-extra.bib
  bib/ch16-extra.bib
  bib/ch17-extra.bib
  bib/ch18-extra.bib
  bib/ch19-extra.bib
  bib/ch20-extra.bib
  bib/ch21-extra.bib
  bib/ch22-extra.bib
  bib/ch23-extra.bib
  bib/ch24-extra.bib
  bib/ch25-extra.bib
  references.bib
Latexmk: applying rule 'makeindex build-appB/only-appB-math-refresher.idx'...
Rule 'makeindex build-appB/only-appB-math-refresher.idx':  Reasons for rerun
Category 'other':
  Rerun of 'makeindex build-appB/only-appB-math-refresher.idx' forced or previously required:
    Reason or flag: 'Initial set up of rule'

------------
Run number 1 of rule 'makeindex build-appB/only-appB-math-refresher.idx'
------------
Latexmk: Change directory to 'build-appB/'.
------------
Running 'makeindex  -o "only-appB-math-refresher.ind" "only-appB-math-refresher.idx"'
------------
This is makeindex, version 2.17 [TeX Live 2023] (kpathsea + Thai support).
Scanning input file only-appB-math-refresher.idx....done (57 entries accepted, 0 rejected).
Sorting entries....done (346 comparisons).
Generating output file only-appB-math-refresher.ind....done (112 lines written, 0 warnings).
Output written in only-appB-math-refresher.ind.
Transcript written in only-appB-math-refresher.ilg.
Latexmk: Change directory back to '/home/user/searchbook/Overleaf'
Latexmk: applying rule 'biber build-appB/only-appB-math-refresher'...
Rule 'biber build-appB/only-appB-math-refresher':  Reasons for rerun
Category 'other':
  Rerun of 'biber build-appB/only-appB-math-refresher' forced or previously required:
    Reason or flag: 'Initial set up of rule'

------------
Run number 1 of rule 'biber build-appB/only-appB-math-refresher'
------------
------------
Running 'biber  "build-appB/only-appB-math-refresher.bcf"'
------------
INFO - This is Biber 2.19
INFO - Logfile is 'build-appB/only-appB-math-refresher.blg'
INFO - Reading 'build-appB/only-appB-math-refresher.bcf'
INFO - Found 10 citekeys in bib section 0
INFO - Processing section 0
INFO - Looking for bibtex file 'references.bib' for section 0
INFO - LaTeX decoding ...
INFO - Found BibTeX data source 'references.bib'
INFO - Looking for bibtex file 'bib/ch01-extra.bib' for section 0
INFO - Looking for bibtex file 'bib/ch02-extra.bib' for section 0
INFO - LaTeX decoding ...
INFO - Found BibTeX data source 'bib/ch02-extra.bib'
INFO - Looking for bibtex file 'bib/ch03-extra.bib' for section 0
INFO - LaTeX decoding ...
INFO - Found BibTeX data source 'bib/ch03-extra.bib'
INFO - Looking for bibtex file 'bib/ch04-extra.bib' for section 0
INFO - LaTeX decoding ...
INFO - Found BibTeX data source 'bib/ch04-extra.bib'
INFO - Looking for bibtex file 'bib/ch05-extra.bib' for section 0
INFO - LaTeX decoding ...
INFO - Found BibTeX data source 'bib/ch05-extra.bib'
INFO - Looking for bibtex file 'bib/ch06-extra.bib' for section 0
INFO - LaTeX decoding ...
INFO - Found BibTeX data source 'bib/ch06-extra.bib'
INFO - Looking for bibtex file 'bib/ch07-extra.bib' for section 0
INFO - LaTeX decoding ...
INFO - Found BibTeX data source 'bib/ch07-extra.bib'
INFO - Looking for bibtex file 'bib/ch08-extra.bib' for section 0
INFO - LaTeX decoding ...
INFO - Found BibTeX data source 'bib/ch08-extra.bib'
INFO - Looking for bibtex file 'bib/ch09-extra.bib' for section 0
INFO - LaTeX decoding ...
INFO - Found BibTeX data source 'bib/ch09-extra.bib'
INFO - Looking for bibtex file 'bib/ch10-extra.bib' for section 0
INFO - LaTeX decoding ...
INFO - Found BibTeX data source 'bib/ch10-extra.bib'
INFO - Looking for bibtex file 'bib/ch11-extra.bib' for section 0
INFO - LaTeX decoding ...
INFO - Found BibTeX data source 'bib/ch11-extra.bib'
INFO - Looking for bibtex file 'bib/ch12-extra.bib' for section 0
INFO - LaTeX decoding ...
INFO - Found BibTeX data source 'bib/ch12-extra.bib'
INFO - Looking for bibtex file 'bib/ch13-extra.bib' for section 0
INFO - LaTeX decoding ...
INFO - Found BibTeX data source 'bib/ch13-extra.bib'
INFO - Looking for bibtex file 'bib/ch14-extra.bib' for section 0
INFO - LaTeX decoding ...
INFO - Found BibTeX data source 'bib/ch14-extra.bib'
INFO - Looking for bibtex file 'bib/ch15-extra.bib' for section 0
INFO - LaTeX decoding ...
INFO - Found BibTeX data source 'bib/ch15-extra.bib'
INFO - Looking for bibtex file 'bib/ch16-extra.bib' for section 0
INFO - LaTeX decoding ...
INFO - Found BibTeX data source 'bib/ch16-extra.bib'
INFO - Looking for bibtex file 'bib/ch17-extra.bib' for section 0
INFO - LaTeX decoding ...
INFO - Found BibTeX data source 'bib/ch17-extra.bib'
INFO - Looking for bibtex file 'bib/ch18-extra.bib' for section 0
INFO - LaTeX decoding ...
INFO - Found BibTeX data source 'bib/ch18-extra.bib'
INFO - Looking for bibtex file 'bib/ch19-extra.bib' for section 0
INFO - LaTeX decoding ...
INFO - Found BibTeX data source 'bib/ch19-extra.bib'
INFO - Looking for bibtex file 'bib/ch20-extra.bib' for section 0
INFO - LaTeX decoding ...
INFO - Found BibTeX data source 'bib/ch20-extra.bib'
INFO - Looking for bibtex file 'bib/ch21-extra.bib' for section 0
INFO - LaTeX decoding ...
INFO - Found BibTeX data source 'bib/ch21-extra.bib'
INFO - Looking for bibtex file 'bib/ch22-extra.bib' for section 0
INFO - LaTeX decoding ...
INFO - Found BibTeX data source 'bib/ch22-extra.bib'
INFO - Looking for bibtex file 'bib/ch23-extra.bib' for section 0
INFO - LaTeX decoding ...
INFO - Found BibTeX data source 'bib/ch23-extra.bib'
INFO - Overriding locale 'en-US' defaults 'variable = shifted' with 'variable = non-ignorable'
INFO - Overriding locale 'en-US' defaults 'normalization = NFD' with 'normalization = prenormalized'
INFO - Sorting list 'nyt/global//global/global' of type 'entry' with template 'nyt' and locale 'en-US'
INFO - No sort tailoring available for locale 'en-US'
INFO - Writing 'build-appB/only-appB-math-refresher.bbl' with encoding 'UTF-8'
INFO - Output to build-appB/only-appB-math-refresher.bbl
WARN - Data source 'bib/ch01-extra.bib' contains no BibTeX entries/macros, ignoring
INFO - WARNINGS: 1
Biber warning: [940] Biber.pm:131> WARN - Data source 'bib/ch01-extra.bib' contains no BibTeX entries/macros, ignoring
Latexmk: Found biber source file(s) [bib/ch01-extra.bib, bib/ch02-extra.bib, bib/ch03-extra.bib, bib/ch04-extra.bib, bib/ch05-extra.bib, bib/ch06-extra.bib, bib/ch07-extra.bib, bib/ch08-extra.bib, bib/ch09-extra.bib, bib/ch10-extra.bib, bib/ch11-extra.bib, bib/ch12-extra.bib, bib/ch13-extra.bib, bib/ch14-extra.bib, bib/ch15-extra.bib, bib/ch16-extra.bib, bib/ch17-extra.bib, bib/ch18-extra.bib, bib/ch19-extra.bib, bib/ch20-extra.bib, bib/ch21-extra.bib, bib/ch22-extra.bib, bib/ch23-extra.bib, build-appB/only-appB-math-refresher.bcf, references.bib]
Latexmk: applying rule 'pdflatex'...
Rule 'pdflatex':  Reasons for rerun
Changed files or newly in use/created:
  build-appB/appendices/appB-math-refresher.aux
  build-appB/only-appB-math-refresher.aux
  build-appB/only-appB-math-refresher.bbl
  build-appB/only-appB-math-refresher.ind
  build-appB/only-appB-math-refresher.loa
  build-appB/only-appB-math-refresher.toc

------------
Run number 2 of rule 'pdflatex'
------------
------------
Running 'pdflatex -interaction=nonstopmode -file-line-error -synctex=1  -recorder --jobname="only-appB-math-refresher" -output-directory="build-appB"  "./appBcheck.tex"'
------------
This is pdfTeX, Version 3.141592653-2.6-1.40.25 (TeX Live 2023/Debian) (preloaded format=pdflatex)
 restricted \write18 enabled.
entering extended mode
(./appBcheck.tex
LaTeX2e <2023-11-01> patch level 1
L3 programming layer <2024-01-22>
(./main.tex (/usr/share/texlive/texmf-dist/tex/latex/base/book.cls
Document Class: book 2023/05/17 v1.4n Standard LaTeX document class
(/usr/share/texlive/texmf-dist/tex/latex/base/bk11.clo)) (./searchbook.sty
(/usr/share/texlive/texmf-dist/tex/latex/base/fontenc.sty)
(/usr/share/texlive/texmf-dist/tex/latex/base/inputenc.sty)
(/usr/share/texmf/tex/latex/lm/lmodern.sty)
(/usr/share/texlive/texmf-dist/tex/latex/base/textcomp.sty)
(/usr/share/texlive/texmf-dist/tex/latex/geometry/geometry.sty
(/usr/share/texlive/texmf-dist/tex/latex/graphics/keyval.sty)
(/usr/share/texlive/texmf-dist/tex/generic/iftex/ifvtex.sty
(/usr/share/texlive/texmf-dist/tex/generic/iftex/iftex.sty)))
(/usr/share/texlive/texmf-dist/tex/latex/microtype/microtype.sty
(/usr/share/texlive/texmf-dist/tex/latex/etoolbox/etoolbox.sty)
(/usr/share/texlive/texmf-dist/tex/latex/microtype/microtype-pdftex.def)
(/usr/share/texlive/texmf-dist/tex/latex/microtype/microtype.cfg))
(/usr/share/texlive/texmf-dist/tex/latex/emptypage/emptypage.sty)
(/usr/share/texlive/texmf-dist/tex/latex/tools/xspace.sty)
(/usr/share/texlive/texmf-dist/tex/latex/needspace/needspace.sty)
(/usr/share/texlive/texmf-dist/tex/latex/amsmath/amsmath.sty
For additional information on amsmath, use the `?' option.
(/usr/share/texlive/texmf-dist/tex/latex/amsmath/amstext.sty
(/usr/share/texlive/texmf-dist/tex/latex/amsmath/amsgen.sty))
(/usr/share/texlive/texmf-dist/tex/latex/amsmath/amsbsy.sty)
(/usr/share/texlive/texmf-dist/tex/latex/amsmath/amsopn.sty))
(/usr/share/texlive/texmf-dist/tex/latex/amsfonts/amssymb.sty
(/usr/share/texlive/texmf-dist/tex/latex/amsfonts/amsfonts.sty))
(/usr/share/texlive/texmf-dist/tex/latex/amscls/amsthm.sty)
(/usr/share/texlive/texmf-dist/tex/latex/mathtools/mathtools.sty
(/usr/share/texlive/texmf-dist/tex/latex/tools/calc.sty)
(/usr/share/texlive/texmf-dist/tex/latex/mathtools/mhsetup.sty))
(/usr/share/texlive/texmf-dist/tex/latex/tools/bm.sty)
(/usr/share/texlive/texmf-dist/tex/latex/xcolor/xcolor.sty
(/usr/share/texlive/texmf-dist/tex/latex/graphics-cfg/color.cfg)
(/usr/share/texlive/texmf-dist/tex/latex/graphics-def/pdftex.def)
(/usr/share/texlive/texmf-dist/tex/latex/graphics/mathcolor.ltx))
(/usr/share/texlive/texmf-dist/tex/latex/graphics/dvipsnam.def)
(/usr/share/texlive/texmf-dist/tex/latex/xcolor/svgnam.def)
(/usr/share/texlive/texmf-dist/tex/latex/colortbl/colortbl.sty
(/usr/share/texlive/texmf-dist/tex/latex/tools/array.sty))
(/usr/share/texlive/texmf-dist/tex/latex/graphics/graphicx.sty
(/usr/share/texlive/texmf-dist/tex/latex/graphics/graphics.sty
(/usr/share/texlive/texmf-dist/tex/latex/graphics/trig.sty)
(/usr/share/texlive/texmf-dist/tex/latex/graphics-cfg/graphics.cfg)))
(/usr/share/texlive/texmf-dist/tex/latex/pgf/frontendlayer/tikz.sty
(/usr/share/texlive/texmf-dist/tex/latex/pgf/basiclayer/pgf.sty
(/usr/share/texlive/texmf-dist/tex/latex/pgf/utilities/pgfrcs.sty
(/usr/share/texlive/texmf-dist/tex/generic/pgf/utilities/pgfutil-common.tex)
(/usr/share/texlive/texmf-dist/tex/generic/pgf/utilities/pgfutil-latex.def)
(/usr/share/texlive/texmf-dist/tex/generic/pgf/utilities/pgfrcs.code.tex
(/usr/share/texlive/texmf-dist/tex/generic/pgf/pgf.revision.tex)))
(/usr/share/texlive/texmf-dist/tex/latex/pgf/basiclayer/pgfcore.sty
(/usr/share/texlive/texmf-dist/tex/latex/pgf/systemlayer/pgfsys.sty
(/usr/share/texlive/texmf-dist/tex/generic/pgf/systemlayer/pgfsys.code.tex
(/usr/share/texlive/texmf-dist/tex/generic/pgf/utilities/pgfkeys.code.tex
(/usr/share/texlive/texmf-dist/tex/generic/pgf/utilities/pgfkeyslibraryfiltered
.code.tex)) (/usr/share/texlive/texmf-dist/tex/generic/pgf/systemlayer/pgf.cfg)
(/usr/share/texlive/texmf-dist/tex/generic/pgf/systemlayer/pgfsys-pdftex.def
(/usr/share/texlive/texmf-dist/tex/generic/pgf/systemlayer/pgfsys-common-pdf.de
f)))
(/usr/share/texlive/texmf-dist/tex/generic/pgf/systemlayer/pgfsyssoftpath.code.
tex)
(/usr/share/texlive/texmf-dist/tex/generic/pgf/systemlayer/pgfsysprotocol.code.
tex))
(/usr/share/texlive/texmf-dist/tex/generic/pgf/basiclayer/pgfcore.code.tex
(/usr/share/texlive/texmf-dist/tex/generic/pgf/math/pgfmath.code.tex
(/usr/share/texlive/texmf-dist/tex/generic/pgf/math/pgfmathutil.code.tex)
(/usr/share/texlive/texmf-dist/tex/generic/pgf/math/pgfmathparser.code.tex)
(/usr/share/texlive/texmf-dist/tex/generic/pgf/math/pgfmathfunctions.code.tex)
(/usr/share/texlive/texmf-dist/tex/generic/pgf/math/pgfmathfunctions.basic.code
.tex)
(/usr/share/texlive/texmf-dist/tex/generic/pgf/math/pgfmathfunctions.trigonomet
ric.code.tex)
(/usr/share/texlive/texmf-dist/tex/generic/pgf/math/pgfmathfunctions.random.cod
e.tex)
(/usr/share/texlive/texmf-dist/tex/generic/pgf/math/pgfmathfunctions.comparison
.code.tex)
(/usr/share/texlive/texmf-dist/tex/generic/pgf/math/pgfmathfunctions.base.code.
tex)
(/usr/share/texlive/texmf-dist/tex/generic/pgf/math/pgfmathfunctions.round.code
.tex)
(/usr/share/texlive/texmf-dist/tex/generic/pgf/math/pgfmathfunctions.misc.code.
tex)
(/usr/share/texlive/texmf-dist/tex/generic/pgf/math/pgfmathfunctions.integerari
thmetics.code.tex)
(/usr/share/texlive/texmf-dist/tex/generic/pgf/math/pgfmathcalc.code.tex)
(/usr/share/texlive/texmf-dist/tex/generic/pgf/math/pgfmathfloat.code.tex))
(/usr/share/texlive/texmf-dist/tex/generic/pgf/math/pgfint.code.tex)
(/usr/share/texlive/texmf-dist/tex/generic/pgf/basiclayer/pgfcorepoints.code.te
x)
(/usr/share/texlive/texmf-dist/tex/generic/pgf/basiclayer/pgfcorepathconstruct.
code.tex)
(/usr/share/texlive/texmf-dist/tex/generic/pgf/basiclayer/pgfcorepathusage.code
.tex)
(/usr/share/texlive/texmf-dist/tex/generic/pgf/basiclayer/pgfcorescopes.code.te
x)
(/usr/share/texlive/texmf-dist/tex/generic/pgf/basiclayer/pgfcoregraphicstate.c
ode.tex)
(/usr/share/texlive/texmf-dist/tex/generic/pgf/basiclayer/pgfcoretransformation
s.code.tex)
(/usr/share/texlive/texmf-dist/tex/generic/pgf/basiclayer/pgfcorequick.code.tex
)
(/usr/share/texlive/texmf-dist/tex/generic/pgf/basiclayer/pgfcoreobjects.code.t
ex)
(/usr/share/texlive/texmf-dist/tex/generic/pgf/basiclayer/pgfcorepathprocessing
.code.tex)
(/usr/share/texlive/texmf-dist/tex/generic/pgf/basiclayer/pgfcorearrows.code.te
x)
(/usr/share/texlive/texmf-dist/tex/generic/pgf/basiclayer/pgfcoreshade.code.tex
)
(/usr/share/texlive/texmf-dist/tex/generic/pgf/basiclayer/pgfcoreimage.code.tex
)
(/usr/share/texlive/texmf-dist/tex/generic/pgf/basiclayer/pgfcoreexternal.code.
tex)
(/usr/share/texlive/texmf-dist/tex/generic/pgf/basiclayer/pgfcorelayers.code.te
x)
(/usr/share/texlive/texmf-dist/tex/generic/pgf/basiclayer/pgfcoretransparency.c
ode.tex)
(/usr/share/texlive/texmf-dist/tex/generic/pgf/basiclayer/pgfcorepatterns.code.
tex)
(/usr/share/texlive/texmf-dist/tex/generic/pgf/basiclayer/pgfcorerdf.code.tex))
)
(/usr/share/texlive/texmf-dist/tex/generic/pgf/modules/pgfmoduleshapes.code.tex
) (/usr/share/texlive/texmf-dist/tex/generic/pgf/modules/pgfmoduleplot.code.tex
)
(/usr/share/texlive/texmf-dist/tex/latex/pgf/compatibility/pgfcomp-version-0-65
.sty)
(/usr/share/texlive/texmf-dist/tex/latex/pgf/compatibility/pgfcomp-version-1-18
.sty)) (/usr/share/texlive/texmf-dist/tex/latex/pgf/utilities/pgffor.sty
(/usr/share/texlive/texmf-dist/tex/latex/pgf/utilities/pgfkeys.sty
(/usr/share/texlive/texmf-dist/tex/generic/pgf/utilities/pgfkeys.code.tex))
(/usr/share/texlive/texmf-dist/tex/latex/pgf/math/pgfmath.sty
(/usr/share/texlive/texmf-dist/tex/generic/pgf/math/pgfmath.code.tex))
(/usr/share/texlive/texmf-dist/tex/generic/pgf/utilities/pgffor.code.tex))
(/usr/share/texlive/texmf-dist/tex/generic/pgf/frontendlayer/tikz/tikz.code.tex

(/usr/share/texlive/texmf-dist/tex/generic/pgf/libraries/pgflibraryplothandlers
.code.tex)
(/usr/share/texlive/texmf-dist/tex/generic/pgf/modules/pgfmodulematrix.code.tex
)
(/usr/share/texlive/texmf-dist/tex/generic/pgf/frontendlayer/tikz/libraries/tik
zlibrarytopaths.code.tex)))
(/usr/share/texlive/texmf-dist/tex/generic/pgf/libraries/pgflibraryarrows.meta.
code.tex)
(/usr/share/texlive/texmf-dist/tex/generic/pgf/frontendlayer/tikz/libraries/tik
zlibrarypositioning.code.tex)
(/usr/share/texlive/texmf-dist/tex/generic/pgf/frontendlayer/tikz/libraries/tik
zlibrarycalc.code.tex)
(/usr/share/texlive/texmf-dist/tex/generic/pgf/frontendlayer/tikz/libraries/tik
zlibraryshapes.geometric.code.tex
(/usr/share/texlive/texmf-dist/tex/generic/pgf/libraries/shapes/pgflibraryshape
s.geometric.code.tex))
(/usr/share/texlive/texmf-dist/tex/generic/pgf/frontendlayer/tikz/libraries/tik
zlibraryshapes.misc.code.tex
(/usr/share/texlive/texmf-dist/tex/generic/pgf/libraries/shapes/pgflibraryshape
s.misc.code.tex))
(/usr/share/texlive/texmf-dist/tex/generic/pgf/frontendlayer/tikz/libraries/tik
zlibraryshapes.arrows.code.tex
(/usr/share/texlive/texmf-dist/tex/generic/pgf/libraries/shapes/pgflibraryshape
s.arrows.code.tex))
(/usr/share/texlive/texmf-dist/tex/generic/pgf/frontendlayer/tikz/libraries/tik
zlibrarypatterns.code.tex
(/usr/share/texlive/texmf-dist/tex/generic/pgf/libraries/pgflibrarypatterns.cod
e.tex))
(/usr/share/texlive/texmf-dist/tex/generic/pgf/frontendlayer/tikz/libraries/tik
zlibrarydecorations.pathreplacing.code.tex
(/usr/share/texlive/texmf-dist/tex/generic/pgf/frontendlayer/tikz/libraries/tik
zlibrarydecorations.code.tex
(/usr/share/texlive/texmf-dist/tex/generic/pgf/modules/pgfmoduledecorations.cod
e.tex))
(/usr/share/texlive/texmf-dist/tex/generic/pgf/libraries/decorations/pgflibrary
decorations.pathreplacing.code.tex))
(/usr/share/texlive/texmf-dist/tex/generic/pgf/frontendlayer/tikz/libraries/tik
zlibrarydecorations.markings.code.tex
(/usr/share/texlive/texmf-dist/tex/generic/pgf/libraries/decorations/pgflibrary
decorations.markings.code.tex))
(/usr/share/texlive/texmf-dist/tex/generic/pgf/frontendlayer/tikz/libraries/tik
zlibrarydecorations.pathmorphing.code.tex
(/usr/share/texlive/texmf-dist/tex/generic/pgf/libraries/decorations/pgflibrary
decorations.pathmorphing.code.tex))
(/usr/share/texlive/texmf-dist/tex/generic/pgf/frontendlayer/tikz/libraries/tik
zlibrarymatrix.code.tex)
(/usr/share/texlive/texmf-dist/tex/generic/pgf/frontendlayer/tikz/libraries/tik
zlibrarybackgrounds.code.tex)
(/usr/share/texlive/texmf-dist/tex/generic/pgf/frontendlayer/tikz/libraries/tik
zlibraryfit.code.tex)
(/usr/share/texlive/texmf-dist/tex/generic/pgf/frontendlayer/tikz/libraries/tik
zlibrarychains.code.tex)
(/usr/share/texlive/texmf-dist/tex/generic/pgf/frontendlayer/tikz/libraries/tik
zlibraryintersections.code.tex
(/usr/share/texlive/texmf-dist/tex/generic/pgf/libraries/pgflibraryintersection
s.code.tex
(/usr/share/texlive/texmf-dist/tex/generic/pgf/libraries/pgflibraryfpu.code.tex
)))
(/usr/share/texlive/texmf-dist/tex/generic/pgf/frontendlayer/tikz/libraries/tik
zlibraryangles.code.tex)
(/usr/share/texlive/texmf-dist/tex/generic/pgf/frontendlayer/tikz/libraries/tik
zlibraryquotes.code.tex)
(/usr/share/texlive/texmf-dist/tex/generic/pgf/frontendlayer/tikz/libraries/tik
zlibrary3d.code.tex)
(/usr/share/texlive/texmf-dist/tex/generic/pgf/frontendlayer/tikz/libraries/tik
zlibrarytrees.code.tex)
(/usr/share/texlive/texmf-dist/tex/generic/pgf/frontendlayer/tikz/libraries/tik
zlibraryshadows.code.tex
(/usr/share/texlive/texmf-dist/tex/generic/pgf/frontendlayer/tikz/libraries/tik
zlibraryfadings.code.tex
(/usr/share/texlive/texmf-dist/tex/generic/pgf/libraries/pgflibraryfadings.code
.tex)))
(/usr/share/texlive/texmf-dist/tex/generic/pgf/frontendlayer/tikz/libraries/tik
zlibraryshapes.multipart.code.tex
(/usr/share/texlive/texmf-dist/tex/generic/pgf/libraries/shapes/pgflibraryshape
s.multipart.code.tex))
(/usr/share/texlive/texmf-dist/tex/latex/pgfplots/pgfplots.sty
(/usr/share/texlive/texmf-dist/tex/generic/pgfplots/pgfplots.revision.tex)
(/usr/share/texlive/texmf-dist/tex/generic/pgfplots/pgfplots.code.tex
(/usr/share/texlive/texmf-dist/tex/generic/pgfplots/pgfplotscore.code.tex
(/usr/share/texlive/texmf-dist/tex/generic/pgfplots/sys/pgfplotssysgeneric.code
.tex))
(/usr/share/texlive/texmf-dist/tex/generic/pgfplots/libs/pgfplotslibrary.code.t
ex)
(/usr/share/texlive/texmf-dist/tex/generic/pgfplots/oldpgfcompatib/pgfplotsoldp
gfsupp_loader.code.tex
Package pgfplots: loading complementary utilities for your pgf version...

(/usr/share/texlive/texmf-dist/tex/generic/pgfplots/oldpgfcompatib/pgfplotsoldp
gfsupp_pgfutil-common-lists.tex))
(/usr/share/texlive/texmf-dist/tex/generic/pgfplots/util/pgfplotsutil.code.tex
(/usr/share/texlive/texmf-dist/tex/generic/pgfplots/liststructure/pgfplotslists
tructure.code.tex)
(/usr/share/texlive/texmf-dist/tex/generic/pgfplots/liststructure/pgfplotslists
tructureext.code.tex)
(/usr/share/texlive/texmf-dist/tex/generic/pgfplots/liststructure/pgfplotsarray
.code.tex)
(/usr/share/texlive/texmf-dist/tex/generic/pgfplots/liststructure/pgfplotsmatri
x.code.tex)
(/usr/share/texlive/texmf-dist/tex/generic/pgfplots/numtable/pgfplotstableshare
d.code.tex)
(/usr/share/texlive/texmf-dist/tex/generic/pgfplots/liststructure/pgfplotsdeque
.code.tex)
(/usr/share/texlive/texmf-dist/tex/generic/pgfplots/util/pgfplotsbinary.code.te
x
(/usr/share/texlive/texmf-dist/tex/generic/pgfplots/util/pgfplotsbinary.data.co
de.tex))
(/usr/share/texlive/texmf-dist/tex/generic/pgfplots/util/pgfplotsutil.verb.code
.tex)
(/usr/share/texlive/texmf-dist/tex/generic/pgfplots/libs/pgflibrarypgfplots.sur
fshading.code.tex
(/usr/share/texlive/texmf-dist/tex/generic/pgfplots/sys/pgflibrarypgfplots.surf
shading.pgfsys-pdftex.def)))
(/usr/share/texlive/texmf-dist/tex/generic/pgfplots/util/pgfplotscolormap.code.
tex
(/usr/share/texlive/texmf-dist/tex/generic/pgfplots/util/pgfplotscolor.code.tex
))
(/usr/share/texlive/texmf-dist/tex/generic/pgfplots/pgfplotsstackedplots.code.t
ex)
(/usr/share/texlive/texmf-dist/tex/generic/pgfplots/pgfplotsplothandlers.code.t
ex
(/usr/share/texlive/texmf-dist/tex/generic/pgfplots/pgfplotsmeshplothandler.cod
e.tex
(/usr/share/texlive/texmf-dist/tex/generic/pgfplots/pgfplotsmeshplotimage.code.
tex)))
(/usr/share/texlive/texmf-dist/tex/generic/pgfplots/pgfplots.scaling.code.tex)
(/usr/share/texlive/texmf-dist/tex/generic/pgfplots/pgfplotscoordprocessing.cod
e.tex)
(/usr/share/texlive/texmf-dist/tex/generic/pgfplots/pgfplots.errorbars.code.tex
) (/usr/share/texlive/texmf-dist/tex/generic/pgfplots/pgfplots.markers.code.tex
) (/usr/share/texlive/texmf-dist/tex/generic/pgfplots/pgfplotsticks.code.tex)
(/usr/share/texlive/texmf-dist/tex/generic/pgfplots/pgfplots.paths.code.tex)
(/usr/share/texlive/texmf-dist/tex/generic/pgfplots/libs/tikzlibrarypgfplots.co
ntourlua.code.tex))
(/usr/share/texlive/texmf-dist/tex/generic/pgf/frontendlayer/tikz/libraries/tik
zlibraryplotmarks.code.tex
(/usr/share/texlive/texmf-dist/tex/generic/pgf/libraries/pgflibraryplotmarks.co
de.tex)))
(/usr/share/texlive/texmf-dist/tex/generic/pgfplots/libs/tikzlibrarypgfplots.fi
llbetween.code.tex
(/usr/share/texlive/texmf-dist/tex/generic/pgfplots/pgfcontrib/tikzlibraryfillb
etween.code.tex
(/usr/share/texlive/texmf-dist/tex/generic/pgfplots/pgfcontrib/tikzlibrarydecor
ations.softclip.code.tex
(/usr/share/texlive/texmf-dist/tex/generic/pgfplots/pgfcontrib/pgflibraryfillbe
tween.code.tex)))
(/usr/share/texlive/texmf-dist/tex/generic/pgfplots/libs/tikzlibrarypgfplots.de
corations.softclip.code.tex))
(/usr/share/texlive/texmf-dist/tex/generic/pgfplots/libs/tikzlibrarypgfplots.gr
oupplots.code.tex)
(/usr/share/texlive/texmf-dist/tex/generic/pgfplots/libs/tikzlibrarypgfplots.st
atistics.code.tex) (/usr/share/texlive/texmf-dist/tex/latex/float/float.sty)
(/usr/share/texlive/texmf-dist/tex/latex/placeins/placeins.sty)
(/usr/share/texlive/texmf-dist/tex/latex/caption/caption.sty
(/usr/share/texlive/texmf-dist/tex/latex/caption/caption3.sty))
(/usr/share/texlive/texmf-dist/tex/latex/caption/subcaption.sty)
(/usr/share/texlive/texmf-dist/tex/latex/booktabs/booktabs.sty)
(/usr/share/texlive/texmf-dist/tex/latex/tools/tabularx.sty)
(/usr/share/texlive/texmf-dist/tex/latex/multirow/multirow.sty)
(/usr/share/texlive/texmf-dist/tex/latex/tools/longtable.sty)
(/usr/share/texlive/texmf-dist/tex/latex/makecell/makecell.sty)
(/usr/share/texlive/texmf-dist/tex/latex/enumitem/enumitem.sty)
(/usr/share/texlive/texmf-dist/tex/latex/algorithm2e/algorithm2e.sty
(/usr/share/texlive/texmf-dist/tex/latex/base/ifthen.sty)
(/usr/share/texlive/texmf-dist/tex/latex/ifoddpage/ifoddpage.sty)
(/usr/share/texlive/texmf-dist/tex/latex/relsize/relsize.sty))
(/usr/share/texlive/texmf-dist/tex/latex/listings/listings.sty
(/usr/share/texlive/texmf-dist/tex/latex/listings/lstmisc.sty)
(/usr/share/texlive/texmf-dist/tex/latex/listings/listings.cfg))
(/usr/share/texlive/texmf-dist/tex/latex/listings/lstlang1.sty)
(/usr/share/texlive/texmf-dist/tex/latex/titlesec/titlesec.sty)
(/usr/share/texlive/texmf-dist/tex/latex/fancyhdr/fancyhdr.sty)
(/usr/share/texlive/texmf-dist/tex/latex/biblatex/biblatex.sty
(/usr/share/texlive/texmf-dist/tex/generic/pdftexcmds/pdftexcmds.sty
(/usr/share/texlive/texmf-dist/tex/generic/infwarerr/infwarerr.sty)
(/usr/share/texlive/texmf-dist/tex/generic/ltxcmds/ltxcmds.sty))
(/usr/share/texlive/texmf-dist/tex/latex/kvoptions/kvoptions.sty
(/usr/share/texlive/texmf-dist/tex/latex/kvsetkeys/kvsetkeys.sty))
(/usr/share/texlive/texmf-dist/tex/latex/logreq/logreq.sty
(/usr/share/texlive/texmf-dist/tex/latex/logreq/logreq.def))
(/usr/share/texlive/texmf-dist/tex/latex/url/url.sty)
(/usr/share/texlive/texmf-dist/tex/latex/biblatex/blx-dm.def)
(/usr/share/texlive/texmf-dist/tex/latex/biblatex/blx-compat.def)
(/usr/share/texlive/texmf-dist/tex/latex/biblatex/biblatex.def)
(/usr/share/texlive/texmf-dist/tex/latex/biblatex/bbx/numeric-comp.bbx
(/usr/share/texlive/texmf-dist/tex/latex/biblatex/bbx/numeric.bbx
(/usr/share/texlive/texmf-dist/tex/latex/biblatex/bbx/standard.bbx)))
(/usr/share/texlive/texmf-dist/tex/latex/biblatex/cbx/numeric-comp.cbx)
(/usr/share/texlive/texmf-dist/tex/latex/biblatex/biblatex.cfg)
(/usr/share/texlive/texmf-dist/tex/latex/l3kernel/expl3.sty
(/usr/share/texlive/texmf-dist/tex/latex/l3backend/l3backend-pdftex.def))
(/usr/share/texlive/texmf-dist/tex/latex/biblatex/blx-case-expl3.sty
(/usr/share/texlive/texmf-dist/tex/latex/l3packages/xparse/xparse.sty)))
(/usr/share/texlive/texmf-dist/tex/latex/imakeidx/imakeidx.sty
(/usr/share/texlive/texmf-dist/tex/latex/xkeyval/xkeyval.sty
(/usr/share/texlive/texmf-dist/tex/generic/xkeyval/xkeyval.tex
(/usr/share/texlive/texmf-dist/tex/generic/xkeyval/xkvutils.tex)))
(/usr/share/texlive/texmf-dist/tex/generic/iftex/ifxetex.sty)
(/usr/share/texlive/texmf-dist/tex/generic/iftex/ifluatex.sty)
(/usr/share/texlive/texmf-dist/tex/latex/tools/multicol.sty))
(/usr/share/texlive/texmf-dist/tex/latex/tcolorbox/tcolorbox.sty
(/usr/share/texlive/texmf-dist/tex/latex/tools/verbatim.sty)
(/usr/share/texlive/texmf-dist/tex/latex/environ/environ.sty
(/usr/share/texlive/texmf-dist/tex/latex/trimspaces/trimspaces.sty))
(/usr/share/texlive/texmf-dist/tex/latex/tcolorbox/tcbraster.code.tex
Library (tcolorbox): 'tcbraster.code.tex' version '6.2.0'
) (/usr/share/texlive/texmf-dist/tex/latex/tcolorbox/tcbskins.code.tex
Library (tcolorbox): 'tcbskins.code.tex' version '6.2.0'
(/usr/share/texlive/texmf-dist/tex/latex/tikzfill/tikzfill.image.sty
(/usr/share/texlive/texmf-dist/tex/latex/tikzfill/tikzfill-common.sty)
(/usr/share/texlive/texmf-dist/tex/latex/tikzfill/tikzlibraryfill.image.code.te
x)) (/usr/share/texlive/texmf-dist/tex/latex/tcolorbox/tcbskinsjigsaw.code.tex
Library (tcolorbox): 'tcbskinsjigsaw.code.tex' version '6.2.0'
)) (/usr/share/texlive/texmf-dist/tex/latex/tcolorbox/tcbbreakable.code.tex
Library (tcolorbox): 'tcbbreakable.code.tex' version '6.2.0'
(/usr/share/texlive/texmf-dist/tex/latex/pdfcol/pdfcol.sty))
(/usr/share/texlive/texmf-dist/tex/latex/tcolorbox/tcbhooks.code.tex
Library (tcolorbox): 'tcbhooks.code.tex' version '6.2.0'
) (/usr/share/texlive/texmf-dist/tex/latex/tcolorbox/tcbtheorems.code.tex
Library (tcolorbox): 'tcbtheorems.code.tex' version '6.2.0'
) (/usr/share/texlive/texmf-dist/tex/latex/tcolorbox/tcbfitting.code.tex
Library (tcolorbox): 'tcbfitting.code.tex' version '6.2.0'
) (/usr/share/texlive/texmf-dist/tex/latex/tcolorbox/tcblistingsutf8.code.tex
Library (tcolorbox): 'tcblistingsutf8.code.tex' version '6.2.0'
(/usr/share/texlive/texmf-dist/tex/latex/tcolorbox/tcblistings.code.tex
Library (tcolorbox): 'tcblistings.code.tex' version '6.2.0'
(/usr/share/texlive/texmf-dist/tex/latex/tcolorbox/tcblistingscore.code.tex
Library (tcolorbox): 'tcblistingscore.code.tex' version '6.2.0'
(/usr/share/texlive/texmf-dist/tex/latex/tcolorbox/tcbprocessing.code.tex
Library (tcolorbox): 'tcbprocessing.code.tex' version '6.2.0'
))) (/usr/share/texlive/texmf-dist/tex/latex/listingsutf8/listingsutf8.sty
(/usr/share/texlive/texmf-dist/tex/generic/stringenc/stringenc.sty
(/usr/share/texlive/texmf-dist/tex/generic/pdfescape/pdfescape.sty))))
(/usr/share/texlive/texmf-dist/tex/latex/tcolorbox/tcbexternal.code.tex
Library (tcolorbox): 'tcbexternal.code.tex' version '6.2.0'
) (/usr/share/texlive/texmf-dist/tex/latex/tcolorbox/tcbmagazine.code.tex
Library (tcolorbox): 'tcbmagazine.code.tex' version '6.2.0'
) (/usr/share/texlive/texmf-dist/tex/latex/tcolorbox/tcbvignette.code.tex
Library (tcolorbox): 'tcbvignette.code.tex' version '6.2.0'
) (/usr/share/texlive/texmf-dist/tex/latex/tcolorbox/tcbposter.code.tex
Library (tcolorbox): 'tcbposter.code.tex' version '6.2.0'
)) (/usr/share/texlive/texmf-dist/tex/latex/oberdiek/aliascnt.sty)
(/usr/share/texlive/texmf-dist/tex/latex/psnfss/pifont.sty
(/usr/share/texlive/texmf-dist/tex/latex/psnfss/upzd.fd)
(/usr/share/texlive/texmf-dist/tex/latex/psnfss/upsy.fd))
(/usr/share/texlive/texmf-dist/tex/latex/hyperref/hyperref.sty
(/usr/share/texlive/texmf-dist/tex/generic/kvdefinekeys/kvdefinekeys.sty)
(/usr/share/texlive/texmf-dist/tex/latex/hycolor/hycolor.sty)
(/usr/share/texlive/texmf-dist/tex/latex/auxhook/auxhook.sty)
(/usr/share/texlive/texmf-dist/tex/latex/hyperref/nameref.sty
(/usr/share/texlive/texmf-dist/tex/latex/refcount/refcount.sty)
(/usr/share/texlive/texmf-dist/tex/generic/gettitlestring/gettitlestring.sty))
(/usr/share/texlive/texmf-dist/tex/latex/hyperref/pd1enc.def)
(/usr/share/texlive/texmf-dist/tex/generic/intcalc/intcalc.sty)
(/usr/share/texlive/texmf-dist/tex/latex/hyperref/puenc.def)
(/usr/share/texlive/texmf-dist/tex/generic/bitset/bitset.sty
(/usr/share/texlive/texmf-dist/tex/generic/bigintcalc/bigintcalc.sty))
(/usr/share/texlive/texmf-dist/tex/latex/base/atbegshi-ltx.sty))
(/usr/share/texlive/texmf-dist/tex/latex/hyperref/hpdftex.def
(/usr/share/texlive/texmf-dist/tex/latex/base/atveryend-ltx.sty)
(/usr/share/texlive/texmf-dist/tex/latex/rerunfilecheck/rerunfilecheck.sty
(/usr/share/texlive/texmf-dist/tex/generic/uniquecounter/uniquecounter.sty)))
(/usr/share/texlive/texmf-dist/tex/latex/bookmark/bookmark.sty
(/usr/share/texlive/texmf-dist/tex/latex/bookmark/bkm-pdftex.def))
(/usr/share/texlive/texmf-dist/tex/latex/cleveref/cleveref.sty))
Writing index file only-appB-math-refresher.idx
(/usr/share/texmf/tex/latex/lm/t1lmr.fd)
(build-appB/only-appB-math-refresher.aux
No file chapters/ch01-introduction.aux.
No file chapters/ch02-toolbox.aux.
No file chapters/ch03-dijkstra.aux.
No file chapters/ch04-astar.aux.
No file chapters/ch05-lpastar-dstarlite.aux.
No file chapters/ch06-arastar.aux.
No file chapters/ch07-mapf-problem.aux.
No file chapters/ch08-prioritized-planning.aux.
No file chapters/ch09-cbs.aux.
No file chapters/ch10-ecbs.aux.
No file chapters/ch11-mstar-push-and-swap.aux.
No file chapters/ch12-velocity-obstacles.aux.
No file chapters/ch13-rvo-orca.aux.
No file chapters/ch14-dwa.aux.
No file chapters/ch15-potential-fields.aux.
No file chapters/ch16-rrt.aux.
No file chapters/ch17-rrt-star.aux.
No file chapters/ch18-kalman-filter.aux.
No file chapters/ch19-nonlinear-filters.aux.
No file chapters/ch20-trajectory-prediction.aux.
No file chapters/ch21-mpc.aux.
No file chapters/ch22-milp.aux.
No file chapters/ch23-consensus-formation.aux.
No file chapters/ch24-hybrid-architecture.aux.
No file chapters/ch25-experiments.aux.
No file appendices/appA-study-plan.aux.
(build-appB/appendices/appB-math-refresher.aux)
No file appendices/appC-solutions.aux.
No file appendices/glossary.aux.
)
*geometry* driver: auto-detecting
*geometry* detected driver: pdftex
(/usr/share/texlive/texmf-dist/tex/latex/microtype/mt-cmr.cfg)
(/usr/share/texlive/texmf-dist/tex/context/base/mkii/supp-pdf.mkii
[Loading MPS to PDF converter (version 2006.09.02).]
) (/usr/share/texlive/texmf-dist/tex/latex/epstopdf-pkg/epstopdf-base.sty
(/usr/share/texlive/texmf-dist/tex/latex/latexconfig/epstopdf-sys.cfg))
Package pgfplots notification 'compat/show suggested version=true': document ha
s been generated with the most recent feature set (\pgfplotsset{compat=1.18}).

(/usr/share/texlive/texmf-dist/tex/latex/caption/ltcaption.sty)
(/usr/share/texlive/texmf-dist/tex/latex/biblatex/lbx/english.lbx)
(build-appB/only-appB-math-refresher.bbl) (./frontmatter/titlepage.tex
(/usr/share/texmf/tex/latex/lm/t1lmss.fd) [1{/var/lib/texmf/fonts/map/pdftex/up
dmap/pdftex.map}{/usr/share/texmf/fonts/enc/dvips/lm/lm-ec.enc}])
(./frontmatter/copyright.tex (/usr/share/texmf/tex/latex/lm/ot1lmr.fd)
(/usr/share/texmf/tex/latex/lm/omllmm.fd)
(/usr/share/texmf/tex/latex/lm/omslmsy.fd)
(/usr/share/texmf/tex/latex/lm/omxlmex.fd)
(/usr/share/texlive/texmf-dist/tex/latex/amsfonts/umsa.fd)
(/usr/share/texlive/texmf-dist/tex/latex/microtype/mt-msa.cfg)
(/usr/share/texlive/texmf-dist/tex/latex/amsfonts/umsb.fd)
(/usr/share/texlive/texmf-dist/tex/latex/microtype/mt-msb.cfg)
pdfTeX warning (ext4): destination with the same identifier (name{page.i}) has 
been already used, duplicate ignored
<to be read again> 
                   \relax 
l.24 \clearpage
                [1]) (build-appB/only-appB-math-refresher.toc) [2]
(build-appB/only-appB-math-refresher.loa) (./frontmatter/preface.tex [3]

LaTeX Warning: Reference `ch:appA' on page i undefined on input line 28.

(/usr/share/texmf/tex/latex/lm/ts1lmr.fd) [4{/usr/share/texmf/fonts/enc/dvips/l
m/lm-ts1.enc}]

LaTeX Warning: Reference `ch:ch01' on page i undefined on input line 64.


LaTeX Warning: Reference `ch:ch02' on page i undefined on input line 65.


LaTeX Warning: Reference `ch:ch03' on page i undefined on input line 68.


LaTeX Warning: Reference `ch:ch04' on page i undefined on input line 70.


LaTeX Warning: Reference `ch:ch05' on page i undefined on input line 71.


LaTeX Warning: Reference `ch:ch06' on page i undefined on input line 71.


LaTeX Warning: Reference `ch:ch07' on page i undefined on input line 73.


LaTeX Warning: Reference `ch:ch08' on page i undefined on input line 73.


LaTeX Warning: Reference `ch:ch09' on page i undefined on input line 74.


LaTeX Warning: Reference `ch:ch10' on page i undefined on input line 75.


LaTeX Warning: Reference `ch:ch11' on page i undefined on input line 76.


LaTeX Warning: Reference `ch:ch12' on page i undefined on input line 78.


LaTeX Warning: Reference `ch:ch13' on page i undefined on input line 78.


LaTeX Warning: Reference `ch:ch14' on page i undefined on input line 79.


LaTeX Warning: Reference `ch:ch15' on page i undefined on input line 80.


LaTeX Warning: Reference `ch:ch16' on page i undefined on input line 81.


LaTeX Warning: Reference `ch:ch17' on page i undefined on input line 82.


LaTeX Warning: Reference `ch:ch18' on page i undefined on input line 83.


LaTeX Warning: Reference `ch:ch19' on page i undefined on input line 84.


LaTeX Warning: Reference `ch:ch20' on page i undefined on input line 86.


LaTeX Warning: Reference `ch:ch21' on page i undefined on input line 88.


LaTeX Warning: Reference `ch:ch22' on page i undefined on input line 88.


LaTeX Warning: Reference `ch:ch23' on page i undefined on input line 89.


LaTeX Warning: Reference `ch:ch24' on page i undefined on input line 91.


LaTeX Warning: Reference `ch:ch25' on page i undefined on input line 91.


LaTeX Warning: Reference `ch:ch04' on page i undefined on input line 98.


LaTeX Warning: Reference `ch:ch05' on page i undefined on input line 98.


LaTeX Warning: Reference `ch:ch09' on page i undefined on input line 99.


LaTeX Warning: Reference `ch:ch07' on page i undefined on input line 99.


LaTeX Warning: Reference `ch:ch13' on page i undefined on input line 99.


LaTeX Warning: Reference `ch:ch12' on page i undefined on input line 99.


LaTeX Warning: Reference `ch:ch14' on page i undefined on input line 100.


LaTeX Warning: Reference `ch:ch17' on page i undefined on input line 100.


LaTeX Warning: Reference `ch:ch16' on page i undefined on input line 100.


LaTeX Warning: Reference `ch:ch21' on page i undefined on input line 101.


LaTeX Warning: Reference `ch:ch20' on page i undefined on input line 101.


LaTeX Warning: Reference `ch:ch24' on page i undefined on input line 102.


LaTeX Warning: Reference `ch:appC' on page i undefined on input line 118.

[5] (/usr/share/texmf/tex/latex/lm/t1lmtt.fd)) (./frontmatter/notation.tex
[6{/usr/share/texmf/fonts/enc/dvips/lm/lm-rm.enc}]
(/usr/share/texmf/tex/latex/lm/ot1lmss.fd)

LaTeX Warning: Reference `ch:ch02' on page i undefined on input line 60.


LaTeX Warning: Reference `ch:ch02' on page i undefined on input line 60.


LaTeX Warning: Reference `ch:ch02' on page i undefined on input line 60.


LaTeX Warning: Reference `ch:ch02' on page i undefined on input line 60.


LaTeX Warning: Reference `ch:ch02' on page i undefined on input line 60.


LaTeX Warning: Reference `ch:ch02' on page i undefined on input line 60.


LaTeX Warning: Reference `ch:ch02' on page i undefined on input line 60.


LaTeX Warning: Reference `ch:ch02' on page i undefined on input line 60.


LaTeX Warning: Reference `ch:ch02' on page i undefined on input line 60.


LaTeX Warning: Reference `ch:ch02' on page i undefined on input line 60.


LaTeX Warning: Reference `ch:ch18' on page i undefined on input line 60.


LaTeX Warning: Reference `ch:ch02' on page i undefined on input line 86.


LaTeX Warning: Reference `ch:ch02' on page i undefined on input line 86.


LaTeX Warning: Reference `ch:ch02' on page i undefined on input line 86.


LaTeX Warning: Reference `ch:ch03' on page i undefined on input line 86.


LaTeX Warning: Reference `ch:ch04' on page i undefined on input line 86.


LaTeX Warning: Reference `ch:ch02' on page i undefined on input line 86.


LaTeX Warning: Reference `ch:ch02' on page i undefined on input line 86.


LaTeX Warning: Reference `ch:ch03' on page i undefined on input line 86.


LaTeX Warning: Reference `ch:ch02' on page i undefined on input line 86.


LaTeX Warning: Reference `ch:ch02' on page i undefined on input line 86.


LaTeX Warning: Reference `ch:ch04' on page i undefined on input line 86.


LaTeX Warning: Reference `ch:ch04' on page i undefined on input line 86.


LaTeX Warning: Reference `ch:ch04' on page i undefined on input line 86.


LaTeX Warning: Reference `ch:ch03' on page i undefined on input line 86.


LaTeX Warning: Reference `ch:ch10' on page i undefined on input line 86.


LaTeX Warning: Reference `ch:ch04' on page i undefined on input line 86.


LaTeX Warning: Reference `ch:ch06' on page i undefined on input line 86.


LaTeX Warning: Reference `ch:ch05' on page i undefined on input line 86.


LaTeX Warning: Reference `ch:ch05' on page i undefined on input line 86.

[7{/usr/share/texmf/fonts/enc/dvips/lm/lm-mathit.enc}{/usr/share/texmf/fonts/en
c/dvips/lm/lm-mathsy.enc}]

LaTeX Warning: Reference `ch:ch07' on page i undefined on input line 109.


LaTeX Warning: Reference `ch:ch07' on page i undefined on input line 109.


LaTeX Warning: Reference `ch:ch07' on page i undefined on input line 109.


LaTeX Warning: Reference `ch:ch07' on page i undefined on input line 109.


LaTeX Warning: Reference `ch:ch07' on page i undefined on input line 109.


LaTeX Warning: Reference `ch:ch07' on page i undefined on input line 109.


LaTeX Warning: Reference `ch:ch07' on page i undefined on input line 109.


LaTeX Warning: Reference `ch:ch07' on page i undefined on input line 109.


LaTeX Warning: Reference `ch:ch09' on page i undefined on input line 109.


LaTeX Warning: Reference `ch:ch09' on page i undefined on input line 109.


LaTeX Warning: Reference `ch:ch08' on page i undefined on input line 109.


LaTeX Warning: Reference `ch:ch10' on page i undefined on input line 109.


LaTeX Warning: Reference `ch:ch11' on page i undefined on input line 109.


LaTeX Warning: Reference `ch:ch02' on page i undefined on input line 140.


LaTeX Warning: Reference `ch:ch02' on page i undefined on input line 140.


LaTeX Warning: Reference `ch:ch02' on page i undefined on input line 140.


LaTeX Warning: Reference `ch:ch02' on page i undefined on input line 140.


LaTeX Warning: Reference `ch:ch02' on page i undefined on input line 140.


LaTeX Warning: Reference `ch:ch02' on page i undefined on input line 140.


LaTeX Warning: Reference `ch:ch02' on page i undefined on input line 140.


LaTeX Warning: Reference `ch:ch02' on page i undefined on input line 140.


LaTeX Warning: Reference `ch:ch02' on page i undefined on input line 140.


LaTeX Warning: Reference `ch:ch02' on page i undefined on input line 140.


LaTeX Warning: Reference `ch:ch02' on page i undefined on input line 140.


LaTeX Warning: Reference `ch:ch01' on page i undefined on input line 140.


LaTeX Warning: Reference `ch:ch12' on page i undefined on input line 140.


LaTeX Warning: Reference `ch:ch12' on page i undefined on input line 140.


LaTeX Warning: Reference `ch:ch13' on page i undefined on input line 140.


LaTeX Warning: Reference `ch:ch13' on page i undefined on input line 140.


LaTeX Warning: Reference `ch:ch13' on page i undefined on input line 140.


LaTeX Warning: Reference `ch:ch13' on page i undefined on input line 140.


LaTeX Warning: Reference `ch:ch14' on page i undefined on input line 140.


LaTeX Warning: Reference `ch:ch15' on page i undefined on input line 140.


LaTeX Warning: Reference `ch:ch16' on page i undefined on input line 140.


LaTeX Warning: Reference `ch:ch16' on page i undefined on input line 140.

[8]

LaTeX Warning: Reference `ch:ch02' on page i undefined on input line 167.


LaTeX Warning: Reference `ch:ch02' on page i undefined on input line 167.


LaTeX Warning: Reference `ch:ch02' on page i undefined on input line 167.


LaTeX Warning: Reference `ch:ch02' on page i undefined on input line 167.


LaTeX Warning: Reference `ch:ch02' on page i undefined on input line 167.


LaTeX Warning: Reference `ch:ch18' on page i undefined on input line 167.


LaTeX Warning: Reference `ch:ch18' on page i undefined on input line 167.


LaTeX Warning: Reference `ch:ch18' on page i undefined on input line 167.


LaTeX Warning: Reference `ch:ch18' on page i undefined on input line 167.


LaTeX Warning: Reference `ch:ch18' on page i undefined on input line 167.


LaTeX Warning: Reference `ch:ch19' on page i undefined on input line 167.


LaTeX Warning: Reference `ch:ch19' on page i undefined on input line 167.


LaTeX Warning: Reference `ch:ch18' on page i undefined on input line 167.


LaTeX Warning: Reference `ch:ch19' on page i undefined on input line 167.


LaTeX Warning: Reference `ch:ch20' on page i undefined on input line 167.


LaTeX Warning: Reference `ch:ch20' on page i undefined on input line 167.


LaTeX Warning: Reference `ch:ch20' on page i undefined on input line 167.


LaTeX Warning: Reference `ch:ch21' on page i undefined on input line 174.


LaTeX Warning: Reference `ch:ch02' on page i undefined on input line 178.


LaTeX Warning: Reference `ch:ch21' on page i undefined on input line 178.

[9]

LaTeX Warning: Reference `ch:ch21' on page i undefined on input line 204.


LaTeX Warning: Reference `ch:ch21' on page i undefined on input line 204.


LaTeX Warning: Reference `ch:ch21' on page i undefined on input line 204.


LaTeX Warning: Reference `ch:ch21' on page i undefined on input line 204.


LaTeX Warning: Reference `ch:ch21' on page i undefined on input line 204.


LaTeX Warning: Reference `ch:ch21' on page i undefined on input line 204.


LaTeX Warning: Reference `ch:ch21' on page i undefined on input line 204.


LaTeX Warning: Reference `ch:ch21' on page i undefined on input line 204.


LaTeX Warning: Reference `ch:ch21' on page i undefined on input line 204.


LaTeX Warning: Reference `ch:ch21' on page i undefined on input line 204.


LaTeX Warning: Reference `ch:ch21' on page i undefined on input line 204.


LaTeX Warning: Reference `ch:ch21' on page i undefined on input line 204.


LaTeX Warning: Reference `ch:ch22' on page i undefined on input line 204.


LaTeX Warning: Reference `ch:ch22' on page i undefined on input line 204.


LaTeX Warning: Reference `ch:ch22' on page i undefined on input line 204.


LaTeX Warning: Reference `ch:ch23' on page i undefined on input line 225.


LaTeX Warning: Reference `ch:ch23' on page i undefined on input line 225.


LaTeX Warning: Reference `ch:ch23' on page i undefined on input line 225.


LaTeX Warning: Reference `ch:ch23' on page i undefined on input line 225.


LaTeX Warning: Reference `ch:ch23' on page i undefined on input line 225.


LaTeX Warning: Reference `ch:ch23' on page i undefined on input line 225.


LaTeX Warning: Reference `ch:ch23' on page i undefined on input line 225.


LaTeX Warning: Reference `ch:ch23' on page i undefined on input line 225.


LaTeX Warning: Reference `ch:ch23' on page i undefined on input line 225.


LaTeX Warning: Reference `ch:ch23' on page i undefined on input line 225.


LaTeX Warning: Reference `ch:ch23' on page i undefined on input line 225.

) [10] [1] [2] [3] [4] [5] [6] [7] [8] [9]
(./appendices/appB-math-refresher.tex
Appendix A.
[10]

LaTeX Warning: Reference `ch:ch13' on page 1 undefined on input line 77.


LaTeX Warning: Reference `ch:ch12' on page 1 undefined on input line 77.


LaTeX Warning: Reference `ch:ch02' on page 1 undefined on input line 77.


LaTeX Warning: Reference `ch:ch02' on page 1 undefined on input line 84.


LaTeX Warning: Reference `ch:ch13' on page 1 undefined on input line 89.


LaTeX Warning: Reference `ch:ch12' on page 1 undefined on input line 89.


LaTeX Warning: Reference `ch:ch04' on page 1 undefined on input line 89.


LaTeX Warning: Reference `ch:ch23' on page 1 undefined on input line 122.


LaTeX Warning: Reference `ch:ch21' on page 1 undefined on input line 122.


LaTeX Warning: Reference `ch:ch18' on page 1 undefined on input line 122.

[11{/usr/share/texmf/fonts/enc/dvips/lm/lm-mathex.enc}] [12]

LaTeX Warning: Reference `ch:ch18' on page 1 undefined on input line 287.

[13]

LaTeX Warning: Reference `ch:ch18' on page 1 undefined on input line 325.


LaTeX Warning: Reference `ch:ch21' on page 1 undefined on input line 327.


LaTeX Warning: Reference `ch:ch19' on page 1 undefined on input line 332.


LaTeX Warning: Reference `ch:ch18' on page 1 undefined on input line 332.


LaTeX Warning: Reference `ch:ch20' on page 1 undefined on input line 355.

[14]

LaTeX Warning: Reference `ch:ch15' on page 1 undefined on input line 369.


LaTeX Warning: Reference `ch:ch19' on page 1 undefined on input line 387.


LaTeX Warning: Reference `ch:ch02' on page 1 undefined on input line 411.

[15]

LaTeX Warning: Reference `ch:ch18' on page 1 undefined on input line 430.


LaTeX Warning: Reference `ch:ch21' on page 1 undefined on input line 433.


LaTeX Warning: Reference `ch:ch14' on page 1 undefined on input line 434.


LaTeX Warning: Reference `ch:ch19' on page 1 undefined on input line 474.


LaTeX Warning: Reference `ch:ch18' on page 1 undefined on input line 474.

[16]

LaTeX Warning: Reference `ch:ch02' on page 1 undefined on input line 493.


LaTeX Warning: Reference `ch:ch18' on page 1 undefined on input line 512.

[17]

LaTeX Warning: Reference `ch:ch18' on page 1 undefined on input line 565.

(./figures/appB/gaussian-conditioning.tex) [18]

LaTeX Warning: Reference `ch:ch19' on page 1 undefined on input line 624.


LaTeX Warning: Reference `ch:ch18' on page 1 undefined on input line 624.


LaTeX Warning: Reference `ch:ch19' on page 1 undefined on input line 637.


LaTeX Warning: Reference `ch:ch25' on page 1 undefined on input line 659.


LaTeX Warning: Reference `ch:ch19' on page 1 undefined on input line 666.

[19]

LaTeX Warning: Reference `ch:ch19' on page 1 undefined on input line 689.


LaTeX Warning: Reference `ch:ch18' on page 1 undefined on input line 689.


LaTeX Warning: Reference `ch:ch24' on page 1 undefined on input line 690.


LaTeX Warning: Reference `ch:ch13' on page 1 undefined on input line 712.


LaTeX Warning: Reference `ch:ch12' on page 1 undefined on input line 713.

[20]

LaTeX Warning: Reference `ch:ch21' on page 1 undefined on input line 732.


LaTeX Warning: Reference `ch:ch15' on page 1 undefined on input line 733.

(./figures/appB/convexity.tex)

LaTeX Warning: Reference `ch:ch13' on page 1 undefined on input line 739.


LaTeX Warning: Reference `ch:ch12' on page 1 undefined on input line 739.


LaTeX Warning: Reference `ch:ch13' on page 1 undefined on input line 739.


LaTeX Warning: Reference `ch:ch12' on page 1 undefined on input line 739.


LaTeX Warning: Reference `ch:ch21' on page 1 undefined on input line 774.

[21]

LaTeX Warning: Reference `ch:ch22' on page 1 undefined on input line 810.


LaTeX Warning: Reference `ch:ch13' on page 1 undefined on input line 812.

(./figures/appB/lp-geometry.tex)

LaTeX Warning: Reference `ch:ch21' on page 1 undefined on input line 838.

[22]

LaTeX Warning: Reference `ch:ch22' on page 1 undefined on input line 881.

[23]

LaTeX Warning: Reference `ch:ch22' on page 1 undefined on input line 898.

[24] (./figures/appB/gradient-descent.tex)

LaTeX Warning: Reference `ch:ch15' on page 1 undefined on input line 948.


LaTeX Warning: Reference `ch:ch20' on page 1 undefined on input line 951.


LaTeX Warning: Reference `ch:ch23' on page 1 undefined on input line 964.

[25]

LaTeX Warning: Reference `ch:ch23' on page 1 undefined on input line 1008.

(./figures/appB/laplacian.tex)

LaTeX Warning: Reference `ch:ch03' on page 1 undefined on input line 1043.


LaTeX Warning: Reference `ch:ch04' on page 1 undefined on input line 1045.


LaTeX Warning: Reference `ch:ch08' on page 1 undefined on input line 1050.


LaTeX Warning: Reference `ch:ch04' on page 1 undefined on input line 1050.

[26]

LaTeX Warning: Reference `ch:ch03' on page 1 undefined on input line 1071.


LaTeX Warning: Reference `ch:ch10' on page 1 undefined on input line 1074.


LaTeX Warning: Reference `ch:ch09' on page 1 undefined on input line 1074.


LaTeX Warning: Reference `ch:ch04' on page 1 undefined on input line 1128.


LaTeX Warning: Reference `ch:ch03' on page 1 undefined on input line 1128.

[27]

LaTeX Warning: Reference `ch:ch04' on page 1 undefined on input line 1137.

[28]) [29] [30]Input index file only-appB-math-refresher.idx not found.
Usage: makeindex [-ilqrcgLT] [-s sty] [-o ind] [-t log] [-p num] [idx0 idx1 ...]
system returned with code 256
 (build-appB/only-appB-math-refresher.ind) [31]
(build-appB/only-appB-math-refresher.aux
No file chapters/ch01-introduction.aux.
No file chapters/ch02-toolbox.aux.
No file chapters/ch03-dijkstra.aux.
No file chapters/ch04-astar.aux.
No file chapters/ch05-lpastar-dstarlite.aux.
No file chapters/ch06-arastar.aux.
No file chapters/ch07-mapf-problem.aux.
No file chapters/ch08-prioritized-planning.aux.
No file chapters/ch09-cbs.aux.
No file chapters/ch10-ecbs.aux.
No file chapters/ch11-mstar-push-and-swap.aux.
No file chapters/ch12-velocity-obstacles.aux.
No file chapters/ch13-rvo-orca.aux.
No file chapters/ch14-dwa.aux.
No file chapters/ch15-potential-fields.aux.
No file chapters/ch16-rrt.aux.
No file chapters/ch17-rrt-star.aux.
No file chapters/ch18-kalman-filter.aux.
No file chapters/ch19-nonlinear-filters.aux.
No file chapters/ch20-trajectory-prediction.aux.
No file chapters/ch21-mpc.aux.
No file chapters/ch22-milp.aux.
No file chapters/ch23-consensus-formation.aux.
No file chapters/ch24-hybrid-architecture.aux.
No file chapters/ch25-experiments.aux.
No file appendices/appA-study-plan.aux.
(build-appB/appendices/appB-math-refresher.aux)
No file appendices/appC-solutions.aux.
No file appendices/glossary.aux.
)

LaTeX Warning: There were undefined references.


LaTeX Warning: Label(s) may have changed. Rerun to get cross-references right.


Package biblatex Warning: Please rerun LaTeX.

 ) )
(see the transcript file for additional information)</usr/share/texmf/fonts/typ
e1/public/lm/lmbx10.pfb></usr/share/texmf/fonts/type1/public/lm/lmbx12.pfb></us
r/share/texmf/fonts/type1/public/lm/lmbx7.pfb></usr/share/texmf/fonts/type1/pub
lic/lm/lmbx8.pfb></usr/share/texmf/fonts/type1/public/lm/lmbx9.pfb></usr/share/
texmf/fonts/type1/public/lm/lmbxi10.pfb></usr/share/texmf/fonts/type1/public/lm
/lmcsc10.pfb></usr/share/texmf/fonts/type1/public/lm/lmex10.pfb></usr/share/tex
mf/fonts/type1/public/lm/lmmi10.pfb></usr/share/texmf/fonts/type1/public/lm/lmm
i6.pfb></usr/share/texmf/fonts/type1/public/lm/lmmi7.pfb></usr/share/texmf/font
s/type1/public/lm/lmmi8.pfb></usr/share/texmf/fonts/type1/public/lm/lmmi9.pfb><
/usr/share/texmf/fonts/type1/public/lm/lmr10.pfb></usr/share/texmf/fonts/type1/
public/lm/lmr6.pfb></usr/share/texmf/fonts/type1/public/lm/lmr7.pfb></usr/share
/texmf/fonts/type1/public/lm/lmr8.pfb></usr/share/texmf/fonts/type1/public/lm/l
mr9.pfb></usr/share/texmf/fonts/type1/public/lm/lmri10.pfb></usr/share/texmf/fo
nts/type1/public/lm/lmss10.pfb></usr/share/texmf/fonts/type1/public/lm/lmss12.p
fb></usr/share/texmf/fonts/type1/public/lm/lmss8.pfb></usr/share/texmf/fonts/ty
pe1/public/lm/lmssbx10.pfb></usr/share/texmf/fonts/type1/public/lm/lmsy10.pfb><
/usr/share/texmf/fonts/type1/public/lm/lmsy6.pfb></usr/share/texmf/fonts/type1/
public/lm/lmsy7.pfb></usr/share/texmf/fonts/type1/public/lm/lmsy8.pfb></usr/sha
re/texmf/fonts/type1/public/lm/lmsy9.pfb></usr/share/texmf/fonts/type1/public/l
m/lmtk10.pfb></usr/share/texmf/fonts/type1/public/lm/lmtt10.pfb></usr/share/tex
live/texmf-dist/fonts/type1/public/amsfonts/symbols/msbm10.pfb></usr/share/texl
ive/texmf-dist/fonts/type1/urw/zapfding/uzdr.pfb>
Output written on build-appB/only-appB-math-refresher.pdf (42 pages, 750276 byt
es).
SyncTeX written on build-appB/only-appB-math-refresher.synctex.gz.
Transcript written on build-appB/only-appB-math-refresher.log.
Latexmk: Missing input file 'chapters/ch01-introduction.aux' (or dependence on it) from following:
  No file chapters/ch01-introduction.aux.
Latexmk: Missing input file 'chapters/ch02-toolbox.aux' (or dependence on it) from following:
  No file chapters/ch02-toolbox.aux.
Latexmk: Missing input file 'chapters/ch03-dijkstra.aux' (or dependence on it) from following:
  No file chapters/ch03-dijkstra.aux.
Latexmk: Missing input file 'chapters/ch04-astar.aux' (or dependence on it) from following:
  No file chapters/ch04-astar.aux.
Latexmk: Missing input file 'chapters/ch05-lpastar-dstarlite.aux' (or dependence on it) from following:
  No file chapters/ch05-lpastar-dstarlite.aux.
Latexmk: Missing input file 'chapters/ch06-arastar.aux' (or dependence on it) from following:
  No file chapters/ch06-arastar.aux.
Latexmk: Missing input file 'chapters/ch07-mapf-problem.aux' (or dependence on it) from following:
  No file chapters/ch07-mapf-problem.aux.
Latexmk: Missing input file 'chapters/ch08-prioritized-planning.aux' (or dependence on it) from following:
  No file chapters/ch08-prioritized-planning.aux.
Latexmk: Missing input file 'chapters/ch09-cbs.aux' (or dependence on it) from following:
  No file chapters/ch09-cbs.aux.
Latexmk: Missing input file 'chapters/ch10-ecbs.aux' (or dependence on it) from following:
  No file chapters/ch10-ecbs.aux.
Latexmk: Missing input file 'chapters/ch11-mstar-push-and-swap.aux' (or dependence on it) from following:
  No file chapters/ch11-mstar-push-and-swap.aux.
Latexmk: Missing input file 'chapters/ch12-velocity-obstacles.aux' (or dependence on it) from following:
  No file chapters/ch12-velocity-obstacles.aux.
Latexmk: Missing input file 'chapters/ch13-rvo-orca.aux' (or dependence on it) from following:
  No file chapters/ch13-rvo-orca.aux.
Latexmk: Missing input file 'chapters/ch14-dwa.aux' (or dependence on it) from following:
  No file chapters/ch14-dwa.aux.
Latexmk: Missing input file 'chapters/ch15-potential-fields.aux' (or dependence on it) from following:
  No file chapters/ch15-potential-fields.aux.
Latexmk: Missing input file 'chapters/ch16-rrt.aux' (or dependence on it) from following:
  No file chapters/ch16-rrt.aux.
Latexmk: Missing input file 'chapters/ch17-rrt-star.aux' (or dependence on it) from following:
  No file chapters/ch17-rrt-star.aux.
Latexmk: Missing input file 'chapters/ch18-kalman-filter.aux' (or dependence on it) from following:
  No file chapters/ch18-kalman-filter.aux.
Latexmk: Missing input file 'chapters/ch19-nonlinear-filters.aux' (or dependence on it) from following:
  No file chapters/ch19-nonlinear-filters.aux.
Latexmk: Missing input file 'chapters/ch20-trajectory-prediction.aux' (or dependence on it) from following:
  No file chapters/ch20-trajectory-prediction.aux.
Latexmk: Missing input file 'chapters/ch21-mpc.aux' (or dependence on it) from following:
  No file chapters/ch21-mpc.aux.
Latexmk: Missing input file 'chapters/ch22-milp.aux' (or dependence on it) from following:
  No file chapters/ch22-milp.aux.
Latexmk: Missing input file 'chapters/ch23-consensus-formation.aux' (or dependence on it) from following:
  No file chapters/ch23-consensus-formation.aux.
Latexmk: Missing input file 'chapters/ch24-hybrid-architecture.aux' (or dependence on it) from following:
  No file chapters/ch24-hybrid-architecture.aux.
Latexmk: Missing input file 'chapters/ch25-experiments.aux' (or dependence on it) from following:
  No file chapters/ch25-experiments.aux.
Latexmk: Missing input file 'appendices/appA-study-plan.aux' (or dependence on it) from following:
  No file appendices/appA-study-plan.aux.
Latexmk: Missing input file 'appendices/appC-solutions.aux' (or dependence on it) from following:
  No file appendices/appC-solutions.aux.
Latexmk: Missing input file 'appendices/glossary.aux' (or dependence on it) from following:
  No file appendices/glossary.aux.
Latexmk: Missing input file 'chapters/ch01-introduction.aux' (or dependence on it) from following:
  No file chapters/ch01-introduction.aux.
Latexmk: Missing input file 'chapters/ch02-toolbox.aux' (or dependence on it) from following:
  No file chapters/ch02-toolbox.aux.
Latexmk: Missing input file 'chapters/ch03-dijkstra.aux' (or dependence on it) from following:
  No file chapters/ch03-dijkstra.aux.
Latexmk: Missing input file 'chapters/ch04-astar.aux' (or dependence on it) from following:
  No file chapters/ch04-astar.aux.
Latexmk: Missing input file 'chapters/ch05-lpastar-dstarlite.aux' (or dependence on it) from following:
  No file chapters/ch05-lpastar-dstarlite.aux.
Latexmk: Missing input file 'chapters/ch06-arastar.aux' (or dependence on it) from following:
  No file chapters/ch06-arastar.aux.
Latexmk: Missing input file 'chapters/ch07-mapf-problem.aux' (or dependence on it) from following:
  No file chapters/ch07-mapf-problem.aux.
Latexmk: Missing input file 'chapters/ch08-prioritized-planning.aux' (or dependence on it) from following:
  No file chapters/ch08-prioritized-planning.aux.
Latexmk: Missing input file 'chapters/ch09-cbs.aux' (or dependence on it) from following:
  No file chapters/ch09-cbs.aux.
Latexmk: Missing input file 'chapters/ch10-ecbs.aux' (or dependence on it) from following:
  No file chapters/ch10-ecbs.aux.
Latexmk: Missing input file 'chapters/ch11-mstar-push-and-swap.aux' (or dependence on it) from following:
  No file chapters/ch11-mstar-push-and-swap.aux.
Latexmk: Missing input file 'chapters/ch12-velocity-obstacles.aux' (or dependence on it) from following:
  No file chapters/ch12-velocity-obstacles.aux.
Latexmk: Missing input file 'chapters/ch13-rvo-orca.aux' (or dependence on it) from following:
  No file chapters/ch13-rvo-orca.aux.
Latexmk: Missing input file 'chapters/ch14-dwa.aux' (or dependence on it) from following:
  No file chapters/ch14-dwa.aux.
Latexmk: Missing input file 'chapters/ch15-potential-fields.aux' (or dependence on it) from following:
  No file chapters/ch15-potential-fields.aux.
Latexmk: Missing input file 'chapters/ch16-rrt.aux' (or dependence on it) from following:
  No file chapters/ch16-rrt.aux.
Latexmk: Missing input file 'chapters/ch17-rrt-star.aux' (or dependence on it) from following:
  No file chapters/ch17-rrt-star.aux.
Latexmk: Missing input file 'chapters/ch18-kalman-filter.aux' (or dependence on it) from following:
  No file chapters/ch18-kalman-filter.aux.
Latexmk: Missing input file 'chapters/ch19-nonlinear-filters.aux' (or dependence on it) from following:
  No file chapters/ch19-nonlinear-filters.aux.
Latexmk: Missing input file 'chapters/ch20-trajectory-prediction.aux' (or dependence on it) from following:
  No file chapters/ch20-trajectory-prediction.aux.
Latexmk: Missing input file 'chapters/ch21-mpc.aux' (or dependence on it) from following:
  No file chapters/ch21-mpc.aux.
Latexmk: Missing input file 'chapters/ch22-milp.aux' (or dependence on it) from following:
  No file chapters/ch22-milp.aux.
Latexmk: Missing input file 'chapters/ch23-consensus-formation.aux' (or dependence on it) from following:
  No file chapters/ch23-consensus-formation.aux.
Latexmk: Missing input file 'chapters/ch24-hybrid-architecture.aux' (or dependence on it) from following:
  No file chapters/ch24-hybrid-architecture.aux.
Latexmk: Missing input file 'chapters/ch25-experiments.aux' (or dependence on it) from following:
  No file chapters/ch25-experiments.aux.
Latexmk: Missing input file 'appendices/appA-study-plan.aux' (or dependence on it) from following:
  No file appendices/appA-study-plan.aux.
Latexmk: Missing input file 'appendices/appC-solutions.aux' (or dependence on it) from following:
  No file appendices/appC-solutions.aux.
Latexmk: Missing input file 'appendices/glossary.aux' (or dependence on it) from following:
  No file appendices/glossary.aux.
Latexmk: Getting log file 'build-appB/only-appB-math-refresher.log'
Latexmk: Examining 'build-appB/only-appB-math-refresher.fls'
Latexmk: Examining 'build-appB/only-appB-math-refresher.log'
Latexmk: Index file 'build-appB/only-appB-math-refresher.idx' was written
Latexmk: Found input bbl file 'build-appB/only-appB-math-refresher.bbl'
Latexmk: References changed.
Latexmk: Log file says output to 'build-appB/only-appB-math-refresher.pdf'
Latexmk: Log file says output to 'build-appB/only-appB-math-refresher.pdf'
Latexmk: Bibliography file(s) from .bcf file:
  bib/ch01-extra.bib
  bib/ch02-extra.bib
  bib/ch03-extra.bib
  bib/ch04-extra.bib
  bib/ch05-extra.bib
  bib/ch06-extra.bib
  bib/ch07-extra.bib
  bib/ch08-extra.bib
  bib/ch09-extra.bib
  bib/ch10-extra.bib
  bib/ch11-extra.bib
  bib/ch12-extra.bib
  bib/ch13-extra.bib
  bib/ch14-extra.bib
  bib/ch15-extra.bib
  bib/ch16-extra.bib
  bib/ch17-extra.bib
  bib/ch18-extra.bib
  bib/ch19-extra.bib
  bib/ch20-extra.bib
  bib/ch21-extra.bib
  bib/ch22-extra.bib
  bib/ch23-extra.bib
  bib/ch24-extra.bib
  bib/ch25-extra.bib
  references.bib
Latexmk: applying rule 'makeindex build-appB/only-appB-math-refresher.idx'...
Rule 'makeindex build-appB/only-appB-math-refresher.idx':  Reasons for rerun
Changed files or newly in use/created:
  build-appB/only-appB-math-refresher.idx

------------
Run number 2 of rule 'makeindex build-appB/only-appB-math-refresher.idx'
------------
Latexmk: Change directory to 'build-appB/'.
------------
Running 'makeindex  -o "only-appB-math-refresher.ind" "only-appB-math-refresher.idx"'
------------
This is makeindex, version 2.17 [TeX Live 2023] (kpathsea + Thai support).
Scanning input file only-appB-math-refresher.idx....done (57 entries accepted, 0 rejected).
Sorting entries....done (346 comparisons).
Generating output file only-appB-math-refresher.ind....done (112 lines written, 0 warnings).
Output written in only-appB-math-refresher.ind.
Transcript written in only-appB-math-refresher.ilg.
Latexmk: Change directory back to '/home/user/searchbook/Overleaf'
Latexmk: applying rule 'biber build-appB/only-appB-math-refresher'...
Rule 'biber build-appB/only-appB-math-refresher':  Reasons for rerun
Changed files or newly in use/created:
  build-appB/only-appB-math-refresher.bcf

------------
Run number 2 of rule 'biber build-appB/only-appB-math-refresher'
------------
------------
Running 'biber  "build-appB/only-appB-math-refresher.bcf"'
------------
INFO - This is Biber 2.19
INFO - Logfile is 'build-appB/only-appB-math-refresher.blg'
INFO - Reading 'build-appB/only-appB-math-refresher.bcf'
INFO - Found 10 citekeys in bib section 0
INFO - Processing section 0
INFO - Looking for bibtex file 'references.bib' for section 0
INFO - LaTeX decoding ...
INFO - Found BibTeX data source 'references.bib'
INFO - Looking for bibtex file 'bib/ch01-extra.bib' for section 0
INFO - Looking for bibtex file 'bib/ch02-extra.bib' for section 0
INFO - LaTeX decoding ...
INFO - Found BibTeX data source 'bib/ch02-extra.bib'
INFO - Looking for bibtex file 'bib/ch03-extra.bib' for section 0
INFO - LaTeX decoding ...
INFO - Found BibTeX data source 'bib/ch03-extra.bib'
INFO - Looking for bibtex file 'bib/ch04-extra.bib' for section 0
INFO - LaTeX decoding ...
INFO - Found BibTeX data source 'bib/ch04-extra.bib'
INFO - Looking for bibtex file 'bib/ch05-extra.bib' for section 0
INFO - LaTeX decoding ...
INFO - Found BibTeX data source 'bib/ch05-extra.bib'
INFO - Looking for bibtex file 'bib/ch06-extra.bib' for section 0
INFO - LaTeX decoding ...
INFO - Found BibTeX data source 'bib/ch06-extra.bib'
INFO - Looking for bibtex file 'bib/ch07-extra.bib' for section 0
INFO - LaTeX decoding ...
INFO - Found BibTeX data source 'bib/ch07-extra.bib'
INFO - Looking for bibtex file 'bib/ch08-extra.bib' for section 0
INFO - LaTeX decoding ...
INFO - Found BibTeX data source 'bib/ch08-extra.bib'
INFO - Looking for bibtex file 'bib/ch09-extra.bib' for section 0
INFO - LaTeX decoding ...
INFO - Found BibTeX data source 'bib/ch09-extra.bib'
INFO - Looking for bibtex file 'bib/ch10-extra.bib' for section 0
INFO - LaTeX decoding ...
INFO - Found BibTeX data source 'bib/ch10-extra.bib'
INFO - Looking for bibtex file 'bib/ch11-extra.bib' for section 0
INFO - LaTeX decoding ...
INFO - Found BibTeX data source 'bib/ch11-extra.bib'
INFO - Looking for bibtex file 'bib/ch12-extra.bib' for section 0
INFO - LaTeX decoding ...
INFO - Found BibTeX data source 'bib/ch12-extra.bib'
INFO - Looking for bibtex file 'bib/ch13-extra.bib' for section 0
INFO - LaTeX decoding ...
INFO - Found BibTeX data source 'bib/ch13-extra.bib'
INFO - Looking for bibtex file 'bib/ch14-extra.bib' for section 0
INFO - LaTeX decoding ...
INFO - Found BibTeX data source 'bib/ch14-extra.bib'
INFO - Looking for bibtex file 'bib/ch15-extra.bib' for section 0
INFO - LaTeX decoding ...
INFO - Found BibTeX data source 'bib/ch15-extra.bib'
INFO - Looking for bibtex file 'bib/ch16-extra.bib' for section 0
INFO - LaTeX decoding ...
INFO - Found BibTeX data source 'bib/ch16-extra.bib'
INFO - Looking for bibtex file 'bib/ch17-extra.bib' for section 0
INFO - LaTeX decoding ...
INFO - Found BibTeX data source 'bib/ch17-extra.bib'
INFO - Looking for bibtex file 'bib/ch18-extra.bib' for section 0
INFO - LaTeX decoding ...
INFO - Found BibTeX data source 'bib/ch18-extra.bib'
INFO - Looking for bibtex file 'bib/ch19-extra.bib' for section 0
INFO - LaTeX decoding ...
INFO - Found BibTeX data source 'bib/ch19-extra.bib'
INFO - Looking for bibtex file 'bib/ch20-extra.bib' for section 0
INFO - LaTeX decoding ...
INFO - Found BibTeX data source 'bib/ch20-extra.bib'
INFO - Looking for bibtex file 'bib/ch21-extra.bib' for section 0
INFO - LaTeX decoding ...
INFO - Found BibTeX data source 'bib/ch21-extra.bib'
INFO - Looking for bibtex file 'bib/ch22-extra.bib' for section 0
INFO - LaTeX decoding ...
INFO - Found BibTeX data source 'bib/ch22-extra.bib'
INFO - Looking for bibtex file 'bib/ch23-extra.bib' for section 0
INFO - LaTeX decoding ...
INFO - Found BibTeX data source 'bib/ch23-extra.bib'
INFO - Overriding locale 'en-US' defaults 'variable = shifted' with 'variable = non-ignorable'
INFO - Overriding locale 'en-US' defaults 'normalization = NFD' with 'normalization = prenormalized'
INFO - Sorting list 'nyt/global//global/global' of type 'entry' with template 'nyt' and locale 'en-US'
INFO - No sort tailoring available for locale 'en-US'
INFO - Writing 'build-appB/only-appB-math-refresher.bbl' with encoding 'UTF-8'
INFO - Output to build-appB/only-appB-math-refresher.bbl
WARN - Data source 'bib/ch01-extra.bib' contains no BibTeX entries/macros, ignoring
INFO - WARNINGS: 1
Biber warning: [542] Biber.pm:131> WARN - Data source 'bib/ch01-extra.bib' contains no BibTeX entries/macros, ignoring
Latexmk: Found biber source file(s) [bib/ch01-extra.bib, bib/ch02-extra.bib, bib/ch03-extra.bib, bib/ch04-extra.bib, bib/ch05-extra.bib, bib/ch06-extra.bib, bib/ch07-extra.bib, bib/ch08-extra.bib, bib/ch09-extra.bib, bib/ch10-extra.bib, bib/ch11-extra.bib, bib/ch12-extra.bib, bib/ch13-extra.bib, bib/ch14-extra.bib, bib/ch15-extra.bib, bib/ch16-extra.bib, bib/ch17-extra.bib, bib/ch18-extra.bib, bib/ch19-extra.bib, bib/ch20-extra.bib, bib/ch21-extra.bib, bib/ch22-extra.bib, bib/ch23-extra.bib, build-appB/only-appB-math-refresher.bcf, references.bib]
Latexmk: applying rule 'pdflatex'...
Rule 'pdflatex':  Reasons for rerun
Changed files or newly in use/created:
  build-appB/appendices/appB-math-refresher.aux
  build-appB/only-appB-math-refresher.aux
  build-appB/only-appB-math-refresher.ind
  build-appB/only-appB-math-refresher.run.xml
  build-appB/only-appB-math-refresher.toc
  chapters/ch15-potential-fields.tex
Category 'changed_user':
  chapters/ch15-potential-fields.tex

------------
Run number 3 of rule 'pdflatex'
------------
------------
Running 'pdflatex -interaction=nonstopmode -file-line-error -synctex=1  -recorder --jobname="only-appB-math-refresher" -output-directory="build-appB"  "./appBcheck.tex"'
------------
This is pdfTeX, Version 3.141592653-2.6-1.40.25 (TeX Live 2023/Debian) (preloaded format=pdflatex)
 restricted \write18 enabled.
entering extended mode
(./appBcheck.tex
LaTeX2e <2023-11-01> patch level 1
L3 programming layer <2024-01-22>
(./main.tex (/usr/share/texlive/texmf-dist/tex/latex/base/book.cls
Document Class: book 2023/05/17 v1.4n Standard LaTeX document class
(/usr/share/texlive/texmf-dist/tex/latex/base/bk11.clo)) (./searchbook.sty
(/usr/share/texlive/texmf-dist/tex/latex/base/fontenc.sty)
(/usr/share/texlive/texmf-dist/tex/latex/base/inputenc.sty)
(/usr/share/texmf/tex/latex/lm/lmodern.sty)
(/usr/share/texlive/texmf-dist/tex/latex/base/textcomp.sty)
(/usr/share/texlive/texmf-dist/tex/latex/geometry/geometry.sty
(/usr/share/texlive/texmf-dist/tex/latex/graphics/keyval.sty)
(/usr/share/texlive/texmf-dist/tex/generic/iftex/ifvtex.sty
(/usr/share/texlive/texmf-dist/tex/generic/iftex/iftex.sty)))
(/usr/share/texlive/texmf-dist/tex/latex/microtype/microtype.sty
(/usr/share/texlive/texmf-dist/tex/latex/etoolbox/etoolbox.sty)
(/usr/share/texlive/texmf-dist/tex/latex/microtype/microtype-pdftex.def)
(/usr/share/texlive/texmf-dist/tex/latex/microtype/microtype.cfg))
(/usr/share/texlive/texmf-dist/tex/latex/emptypage/emptypage.sty)
(/usr/share/texlive/texmf-dist/tex/latex/tools/xspace.sty)
(/usr/share/texlive/texmf-dist/tex/latex/needspace/needspace.sty)
(/usr/share/texlive/texmf-dist/tex/latex/amsmath/amsmath.sty
For additional information on amsmath, use the `?' option.
(/usr/share/texlive/texmf-dist/tex/latex/amsmath/amstext.sty
(/usr/share/texlive/texmf-dist/tex/latex/amsmath/amsgen.sty))
(/usr/share/texlive/texmf-dist/tex/latex/amsmath/amsbsy.sty)
(/usr/share/texlive/texmf-dist/tex/latex/amsmath/amsopn.sty))
(/usr/share/texlive/texmf-dist/tex/latex/amsfonts/amssymb.sty
(/usr/share/texlive/texmf-dist/tex/latex/amsfonts/amsfonts.sty))
(/usr/share/texlive/texmf-dist/tex/latex/amscls/amsthm.sty)
(/usr/share/texlive/texmf-dist/tex/latex/mathtools/mathtools.sty
(/usr/share/texlive/texmf-dist/tex/latex/tools/calc.sty)
(/usr/share/texlive/texmf-dist/tex/latex/mathtools/mhsetup.sty))
(/usr/share/texlive/texmf-dist/tex/latex/tools/bm.sty)
(/usr/share/texlive/texmf-dist/tex/latex/xcolor/xcolor.sty
(/usr/share/texlive/texmf-dist/tex/latex/graphics-cfg/color.cfg)
(/usr/share/texlive/texmf-dist/tex/latex/graphics-def/pdftex.def)
(/usr/share/texlive/texmf-dist/tex/latex/graphics/mathcolor.ltx))
(/usr/share/texlive/texmf-dist/tex/latex/graphics/dvipsnam.def)
(/usr/share/texlive/texmf-dist/tex/latex/xcolor/svgnam.def)
(/usr/share/texlive/texmf-dist/tex/latex/colortbl/colortbl.sty
(/usr/share/texlive/texmf-dist/tex/latex/tools/array.sty))
(/usr/share/texlive/texmf-dist/tex/latex/graphics/graphicx.sty
(/usr/share/texlive/texmf-dist/tex/latex/graphics/graphics.sty
(/usr/share/texlive/texmf-dist/tex/latex/graphics/trig.sty)
(/usr/share/texlive/texmf-dist/tex/latex/graphics-cfg/graphics.cfg)))
(/usr/share/texlive/texmf-dist/tex/latex/pgf/frontendlayer/tikz.sty
(/usr/share/texlive/texmf-dist/tex/latex/pgf/basiclayer/pgf.sty
(/usr/share/texlive/texmf-dist/tex/latex/pgf/utilities/pgfrcs.sty
(/usr/share/texlive/texmf-dist/tex/generic/pgf/utilities/pgfutil-common.tex)
(/usr/share/texlive/texmf-dist/tex/generic/pgf/utilities/pgfutil-latex.def)
(/usr/share/texlive/texmf-dist/tex/generic/pgf/utilities/pgfrcs.code.tex
(/usr/share/texlive/texmf-dist/tex/generic/pgf/pgf.revision.tex)))
(/usr/share/texlive/texmf-dist/tex/latex/pgf/basiclayer/pgfcore.sty
(/usr/share/texlive/texmf-dist/tex/latex/pgf/systemlayer/pgfsys.sty
(/usr/share/texlive/texmf-dist/tex/generic/pgf/systemlayer/pgfsys.code.tex
(/usr/share/texlive/texmf-dist/tex/generic/pgf/utilities/pgfkeys.code.tex
(/usr/share/texlive/texmf-dist/tex/generic/pgf/utilities/pgfkeyslibraryfiltered
.code.tex)) (/usr/share/texlive/texmf-dist/tex/generic/pgf/systemlayer/pgf.cfg)
(/usr/share/texlive/texmf-dist/tex/generic/pgf/systemlayer/pgfsys-pdftex.def
(/usr/share/texlive/texmf-dist/tex/generic/pgf/systemlayer/pgfsys-common-pdf.de
f)))
(/usr/share/texlive/texmf-dist/tex/generic/pgf/systemlayer/pgfsyssoftpath.code.
tex)
(/usr/share/texlive/texmf-dist/tex/generic/pgf/systemlayer/pgfsysprotocol.code.
tex))
(/usr/share/texlive/texmf-dist/tex/generic/pgf/basiclayer/pgfcore.code.tex
(/usr/share/texlive/texmf-dist/tex/generic/pgf/math/pgfmath.code.tex
(/usr/share/texlive/texmf-dist/tex/generic/pgf/math/pgfmathutil.code.tex)
(/usr/share/texlive/texmf-dist/tex/generic/pgf/math/pgfmathparser.code.tex)
(/usr/share/texlive/texmf-dist/tex/generic/pgf/math/pgfmathfunctions.code.tex)
(/usr/share/texlive/texmf-dist/tex/generic/pgf/math/pgfmathfunctions.basic.code
.tex)
(/usr/share/texlive/texmf-dist/tex/generic/pgf/math/pgfmathfunctions.trigonomet
ric.code.tex)
(/usr/share/texlive/texmf-dist/tex/generic/pgf/math/pgfmathfunctions.random.cod
e.tex)
(/usr/share/texlive/texmf-dist/tex/generic/pgf/math/pgfmathfunctions.comparison
.code.tex)
(/usr/share/texlive/texmf-dist/tex/generic/pgf/math/pgfmathfunctions.base.code.
tex)
(/usr/share/texlive/texmf-dist/tex/generic/pgf/math/pgfmathfunctions.round.code
.tex)
(/usr/share/texlive/texmf-dist/tex/generic/pgf/math/pgfmathfunctions.misc.code.
tex)
(/usr/share/texlive/texmf-dist/tex/generic/pgf/math/pgfmathfunctions.integerari
thmetics.code.tex)
(/usr/share/texlive/texmf-dist/tex/generic/pgf/math/pgfmathcalc.code.tex)
(/usr/share/texlive/texmf-dist/tex/generic/pgf/math/pgfmathfloat.code.tex))
(/usr/share/texlive/texmf-dist/tex/generic/pgf/math/pgfint.code.tex)
(/usr/share/texlive/texmf-dist/tex/generic/pgf/basiclayer/pgfcorepoints.code.te
x)
(/usr/share/texlive/texmf-dist/tex/generic/pgf/basiclayer/pgfcorepathconstruct.
code.tex)
(/usr/share/texlive/texmf-dist/tex/generic/pgf/basiclayer/pgfcorepathusage.code
.tex)
(/usr/share/texlive/texmf-dist/tex/generic/pgf/basiclayer/pgfcorescopes.code.te
x)
(/usr/share/texlive/texmf-dist/tex/generic/pgf/basiclayer/pgfcoregraphicstate.c
ode.tex)
(/usr/share/texlive/texmf-dist/tex/generic/pgf/basiclayer/pgfcoretransformation
s.code.tex)
(/usr/share/texlive/texmf-dist/tex/generic/pgf/basiclayer/pgfcorequick.code.tex
)
(/usr/share/texlive/texmf-dist/tex/generic/pgf/basiclayer/pgfcoreobjects.code.t
ex)
(/usr/share/texlive/texmf-dist/tex/generic/pgf/basiclayer/pgfcorepathprocessing
.code.tex)
(/usr/share/texlive/texmf-dist/tex/generic/pgf/basiclayer/pgfcorearrows.code.te
x)
(/usr/share/texlive/texmf-dist/tex/generic/pgf/basiclayer/pgfcoreshade.code.tex
)
(/usr/share/texlive/texmf-dist/tex/generic/pgf/basiclayer/pgfcoreimage.code.tex
)
(/usr/share/texlive/texmf-dist/tex/generic/pgf/basiclayer/pgfcoreexternal.code.
tex)
(/usr/share/texlive/texmf-dist/tex/generic/pgf/basiclayer/pgfcorelayers.code.te
x)
(/usr/share/texlive/texmf-dist/tex/generic/pgf/basiclayer/pgfcoretransparency.c
ode.tex)
(/usr/share/texlive/texmf-dist/tex/generic/pgf/basiclayer/pgfcorepatterns.code.
tex)
(/usr/share/texlive/texmf-dist/tex/generic/pgf/basiclayer/pgfcorerdf.code.tex))
)
(/usr/share/texlive/texmf-dist/tex/generic/pgf/modules/pgfmoduleshapes.code.tex
) (/usr/share/texlive/texmf-dist/tex/generic/pgf/modules/pgfmoduleplot.code.tex
)
(/usr/share/texlive/texmf-dist/tex/latex/pgf/compatibility/pgfcomp-version-0-65
.sty)
(/usr/share/texlive/texmf-dist/tex/latex/pgf/compatibility/pgfcomp-version-1-18
.sty)) (/usr/share/texlive/texmf-dist/tex/latex/pgf/utilities/pgffor.sty
(/usr/share/texlive/texmf-dist/tex/latex/pgf/utilities/pgfkeys.sty
(/usr/share/texlive/texmf-dist/tex/generic/pgf/utilities/pgfkeys.code.tex))
(/usr/share/texlive/texmf-dist/tex/latex/pgf/math/pgfmath.sty
(/usr/share/texlive/texmf-dist/tex/generic/pgf/math/pgfmath.code.tex))
(/usr/share/texlive/texmf-dist/tex/generic/pgf/utilities/pgffor.code.tex))
(/usr/share/texlive/texmf-dist/tex/generic/pgf/frontendlayer/tikz/tikz.code.tex

(/usr/share/texlive/texmf-dist/tex/generic/pgf/libraries/pgflibraryplothandlers
.code.tex)
(/usr/share/texlive/texmf-dist/tex/generic/pgf/modules/pgfmodulematrix.code.tex
)
(/usr/share/texlive/texmf-dist/tex/generic/pgf/frontendlayer/tikz/libraries/tik
zlibrarytopaths.code.tex)))
(/usr/share/texlive/texmf-dist/tex/generic/pgf/libraries/pgflibraryarrows.meta.
code.tex)
(/usr/share/texlive/texmf-dist/tex/generic/pgf/frontendlayer/tikz/libraries/tik
zlibrarypositioning.code.tex)
(/usr/share/texlive/texmf-dist/tex/generic/pgf/frontendlayer/tikz/libraries/tik
zlibrarycalc.code.tex)
(/usr/share/texlive/texmf-dist/tex/generic/pgf/frontendlayer/tikz/libraries/tik
zlibraryshapes.geometric.code.tex
(/usr/share/texlive/texmf-dist/tex/generic/pgf/libraries/shapes/pgflibraryshape
s.geometric.code.tex))
(/usr/share/texlive/texmf-dist/tex/generic/pgf/frontendlayer/tikz/libraries/tik
zlibraryshapes.misc.code.tex
(/usr/share/texlive/texmf-dist/tex/generic/pgf/libraries/shapes/pgflibraryshape
s.misc.code.tex))
(/usr/share/texlive/texmf-dist/tex/generic/pgf/frontendlayer/tikz/libraries/tik
zlibraryshapes.arrows.code.tex
(/usr/share/texlive/texmf-dist/tex/generic/pgf/libraries/shapes/pgflibraryshape
s.arrows.code.tex))
(/usr/share/texlive/texmf-dist/tex/generic/pgf/frontendlayer/tikz/libraries/tik
zlibrarypatterns.code.tex
(/usr/share/texlive/texmf-dist/tex/generic/pgf/libraries/pgflibrarypatterns.cod
e.tex))
(/usr/share/texlive/texmf-dist/tex/generic/pgf/frontendlayer/tikz/libraries/tik
zlibrarydecorations.pathreplacing.code.tex
(/usr/share/texlive/texmf-dist/tex/generic/pgf/frontendlayer/tikz/libraries/tik
zlibrarydecorations.code.tex
(/usr/share/texlive/texmf-dist/tex/generic/pgf/modules/pgfmoduledecorations.cod
e.tex))
(/usr/share/texlive/texmf-dist/tex/generic/pgf/libraries/decorations/pgflibrary
decorations.pathreplacing.code.tex))
(/usr/share/texlive/texmf-dist/tex/generic/pgf/frontendlayer/tikz/libraries/tik
zlibrarydecorations.markings.code.tex
(/usr/share/texlive/texmf-dist/tex/generic/pgf/libraries/decorations/pgflibrary
decorations.markings.code.tex))
(/usr/share/texlive/texmf-dist/tex/generic/pgf/frontendlayer/tikz/libraries/tik
zlibrarydecorations.pathmorphing.code.tex
(/usr/share/texlive/texmf-dist/tex/generic/pgf/libraries/decorations/pgflibrary
decorations.pathmorphing.code.tex))
(/usr/share/texlive/texmf-dist/tex/generic/pgf/frontendlayer/tikz/libraries/tik
zlibrarymatrix.code.tex)
(/usr/share/texlive/texmf-dist/tex/generic/pgf/frontendlayer/tikz/libraries/tik
zlibrarybackgrounds.code.tex)
(/usr/share/texlive/texmf-dist/tex/generic/pgf/frontendlayer/tikz/libraries/tik
zlibraryfit.code.tex)
(/usr/share/texlive/texmf-dist/tex/generic/pgf/frontendlayer/tikz/libraries/tik
zlibrarychains.code.tex)
(/usr/share/texlive/texmf-dist/tex/generic/pgf/frontendlayer/tikz/libraries/tik
zlibraryintersections.code.tex
(/usr/share/texlive/texmf-dist/tex/generic/pgf/libraries/pgflibraryintersection
s.code.tex
(/usr/share/texlive/texmf-dist/tex/generic/pgf/libraries/pgflibraryfpu.code.tex
)))
(/usr/share/texlive/texmf-dist/tex/generic/pgf/frontendlayer/tikz/libraries/tik
zlibraryangles.code.tex)
(/usr/share/texlive/texmf-dist/tex/generic/pgf/frontendlayer/tikz/libraries/tik
zlibraryquotes.code.tex)
(/usr/share/texlive/texmf-dist/tex/generic/pgf/frontendlayer/tikz/libraries/tik
zlibrary3d.code.tex)
(/usr/share/texlive/texmf-dist/tex/generic/pgf/frontendlayer/tikz/libraries/tik
zlibrarytrees.code.tex)
(/usr/share/texlive/texmf-dist/tex/generic/pgf/frontendlayer/tikz/libraries/tik
zlibraryshadows.code.tex
(/usr/share/texlive/texmf-dist/tex/generic/pgf/frontendlayer/tikz/libraries/tik
zlibraryfadings.code.tex
(/usr/share/texlive/texmf-dist/tex/generic/pgf/libraries/pgflibraryfadings.code
.tex)))
(/usr/share/texlive/texmf-dist/tex/generic/pgf/frontendlayer/tikz/libraries/tik
zlibraryshapes.multipart.code.tex
(/usr/share/texlive/texmf-dist/tex/generic/pgf/libraries/shapes/pgflibraryshape
s.multipart.code.tex))
(/usr/share/texlive/texmf-dist/tex/latex/pgfplots/pgfplots.sty
(/usr/share/texlive/texmf-dist/tex/generic/pgfplots/pgfplots.revision.tex)
(/usr/share/texlive/texmf-dist/tex/generic/pgfplots/pgfplots.code.tex
(/usr/share/texlive/texmf-dist/tex/generic/pgfplots/pgfplotscore.code.tex
(/usr/share/texlive/texmf-dist/tex/generic/pgfplots/sys/pgfplotssysgeneric.code
.tex))
(/usr/share/texlive/texmf-dist/tex/generic/pgfplots/libs/pgfplotslibrary.code.t
ex)
(/usr/share/texlive/texmf-dist/tex/generic/pgfplots/oldpgfcompatib/pgfplotsoldp
gfsupp_loader.code.tex
Package pgfplots: loading complementary utilities for your pgf version...

(/usr/share/texlive/texmf-dist/tex/generic/pgfplots/oldpgfcompatib/pgfplotsoldp
gfsupp_pgfutil-common-lists.tex))
(/usr/share/texlive/texmf-dist/tex/generic/pgfplots/util/pgfplotsutil.code.tex
(/usr/share/texlive/texmf-dist/tex/generic/pgfplots/liststructure/pgfplotslists
tructure.code.tex)
(/usr/share/texlive/texmf-dist/tex/generic/pgfplots/liststructure/pgfplotslists
tructureext.code.tex)
(/usr/share/texlive/texmf-dist/tex/generic/pgfplots/liststructure/pgfplotsarray
.code.tex)
(/usr/share/texlive/texmf-dist/tex/generic/pgfplots/liststructure/pgfplotsmatri
x.code.tex)
(/usr/share/texlive/texmf-dist/tex/generic/pgfplots/numtable/pgfplotstableshare
d.code.tex)
(/usr/share/texlive/texmf-dist/tex/generic/pgfplots/liststructure/pgfplotsdeque
.code.tex)
(/usr/share/texlive/texmf-dist/tex/generic/pgfplots/util/pgfplotsbinary.code.te
x
(/usr/share/texlive/texmf-dist/tex/generic/pgfplots/util/pgfplotsbinary.data.co
de.tex))
(/usr/share/texlive/texmf-dist/tex/generic/pgfplots/util/pgfplotsutil.verb.code
.tex)
(/usr/share/texlive/texmf-dist/tex/generic/pgfplots/libs/pgflibrarypgfplots.sur
fshading.code.tex
(/usr/share/texlive/texmf-dist/tex/generic/pgfplots/sys/pgflibrarypgfplots.surf
shading.pgfsys-pdftex.def)))
(/usr/share/texlive/texmf-dist/tex/generic/pgfplots/util/pgfplotscolormap.code.
tex
(/usr/share/texlive/texmf-dist/tex/generic/pgfplots/util/pgfplotscolor.code.tex
))
(/usr/share/texlive/texmf-dist/tex/generic/pgfplots/pgfplotsstackedplots.code.t
ex)
(/usr/share/texlive/texmf-dist/tex/generic/pgfplots/pgfplotsplothandlers.code.t
ex
(/usr/share/texlive/texmf-dist/tex/generic/pgfplots/pgfplotsmeshplothandler.cod
e.tex
(/usr/share/texlive/texmf-dist/tex/generic/pgfplots/pgfplotsmeshplotimage.code.
tex)))
(/usr/share/texlive/texmf-dist/tex/generic/pgfplots/pgfplots.scaling.code.tex)
(/usr/share/texlive/texmf-dist/tex/generic/pgfplots/pgfplotscoordprocessing.cod
e.tex)
(/usr/share/texlive/texmf-dist/tex/generic/pgfplots/pgfplots.errorbars.code.tex
) (/usr/share/texlive/texmf-dist/tex/generic/pgfplots/pgfplots.markers.code.tex
) (/usr/share/texlive/texmf-dist/tex/generic/pgfplots/pgfplotsticks.code.tex)
(/usr/share/texlive/texmf-dist/tex/generic/pgfplots/pgfplots.paths.code.tex)
(/usr/share/texlive/texmf-dist/tex/generic/pgfplots/libs/tikzlibrarypgfplots.co
ntourlua.code.tex))
(/usr/share/texlive/texmf-dist/tex/generic/pgf/frontendlayer/tikz/libraries/tik
zlibraryplotmarks.code.tex
(/usr/share/texlive/texmf-dist/tex/generic/pgf/libraries/pgflibraryplotmarks.co
de.tex)))
(/usr/share/texlive/texmf-dist/tex/generic/pgfplots/libs/tikzlibrarypgfplots.fi
llbetween.code.tex
(/usr/share/texlive/texmf-dist/tex/generic/pgfplots/pgfcontrib/tikzlibraryfillb
etween.code.tex
(/usr/share/texlive/texmf-dist/tex/generic/pgfplots/pgfcontrib/tikzlibrarydecor
ations.softclip.code.tex
(/usr/share/texlive/texmf-dist/tex/generic/pgfplots/pgfcontrib/pgflibraryfillbe
tween.code.tex)))
(/usr/share/texlive/texmf-dist/tex/generic/pgfplots/libs/tikzlibrarypgfplots.de
corations.softclip.code.tex))
(/usr/share/texlive/texmf-dist/tex/generic/pgfplots/libs/tikzlibrarypgfplots.gr
oupplots.code.tex)
(/usr/share/texlive/texmf-dist/tex/generic/pgfplots/libs/tikzlibrarypgfplots.st
atistics.code.tex) (/usr/share/texlive/texmf-dist/tex/latex/float/float.sty)
(/usr/share/texlive/texmf-dist/tex/latex/placeins/placeins.sty)
(/usr/share/texlive/texmf-dist/tex/latex/caption/caption.sty
(/usr/share/texlive/texmf-dist/tex/latex/caption/caption3.sty))
(/usr/share/texlive/texmf-dist/tex/latex/caption/subcaption.sty)
(/usr/share/texlive/texmf-dist/tex/latex/booktabs/booktabs.sty)
(/usr/share/texlive/texmf-dist/tex/latex/tools/tabularx.sty)
(/usr/share/texlive/texmf-dist/tex/latex/multirow/multirow.sty)
(/usr/share/texlive/texmf-dist/tex/latex/tools/longtable.sty)
(/usr/share/texlive/texmf-dist/tex/latex/makecell/makecell.sty)
(/usr/share/texlive/texmf-dist/tex/latex/enumitem/enumitem.sty)
(/usr/share/texlive/texmf-dist/tex/latex/algorithm2e/algorithm2e.sty
(/usr/share/texlive/texmf-dist/tex/latex/base/ifthen.sty)
(/usr/share/texlive/texmf-dist/tex/latex/ifoddpage/ifoddpage.sty)
(/usr/share/texlive/texmf-dist/tex/latex/relsize/relsize.sty))
(/usr/share/texlive/texmf-dist/tex/latex/listings/listings.sty
(/usr/share/texlive/texmf-dist/tex/latex/listings/lstmisc.sty)
(/usr/share/texlive/texmf-dist/tex/latex/listings/listings.cfg))
(/usr/share/texlive/texmf-dist/tex/latex/listings/lstlang1.sty)
(/usr/share/texlive/texmf-dist/tex/latex/titlesec/titlesec.sty)
(/usr/share/texlive/texmf-dist/tex/latex/fancyhdr/fancyhdr.sty)
(/usr/share/texlive/texmf-dist/tex/latex/biblatex/biblatex.sty
(/usr/share/texlive/texmf-dist/tex/generic/pdftexcmds/pdftexcmds.sty
(/usr/share/texlive/texmf-dist/tex/generic/infwarerr/infwarerr.sty)
(/usr/share/texlive/texmf-dist/tex/generic/ltxcmds/ltxcmds.sty))
(/usr/share/texlive/texmf-dist/tex/latex/kvoptions/kvoptions.sty
(/usr/share/texlive/texmf-dist/tex/latex/kvsetkeys/kvsetkeys.sty))
(/usr/share/texlive/texmf-dist/tex/latex/logreq/logreq.sty
(/usr/share/texlive/texmf-dist/tex/latex/logreq/logreq.def))
(/usr/share/texlive/texmf-dist/tex/latex/url/url.sty)
(/usr/share/texlive/texmf-dist/tex/latex/biblatex/blx-dm.def)
(/usr/share/texlive/texmf-dist/tex/latex/biblatex/blx-compat.def)
(/usr/share/texlive/texmf-dist/tex/latex/biblatex/biblatex.def)
(/usr/share/texlive/texmf-dist/tex/latex/biblatex/bbx/numeric-comp.bbx
(/usr/share/texlive/texmf-dist/tex/latex/biblatex/bbx/numeric.bbx
(/usr/share/texlive/texmf-dist/tex/latex/biblatex/bbx/standard.bbx)))
(/usr/share/texlive/texmf-dist/tex/latex/biblatex/cbx/numeric-comp.cbx)
(/usr/share/texlive/texmf-dist/tex/latex/biblatex/biblatex.cfg)
(/usr/share/texlive/texmf-dist/tex/latex/l3kernel/expl3.sty
(/usr/share/texlive/texmf-dist/tex/latex/l3backend/l3backend-pdftex.def))
(/usr/share/texlive/texmf-dist/tex/latex/biblatex/blx-case-expl3.sty
(/usr/share/texlive/texmf-dist/tex/latex/l3packages/xparse/xparse.sty)))
(/usr/share/texlive/texmf-dist/tex/latex/imakeidx/imakeidx.sty
(/usr/share/texlive/texmf-dist/tex/latex/xkeyval/xkeyval.sty
(/usr/share/texlive/texmf-dist/tex/generic/xkeyval/xkeyval.tex
(/usr/share/texlive/texmf-dist/tex/generic/xkeyval/xkvutils.tex)))
(/usr/share/texlive/texmf-dist/tex/generic/iftex/ifxetex.sty)
(/usr/share/texlive/texmf-dist/tex/generic/iftex/ifluatex.sty)
(/usr/share/texlive/texmf-dist/tex/latex/tools/multicol.sty))
(/usr/share/texlive/texmf-dist/tex/latex/tcolorbox/tcolorbox.sty
(/usr/share/texlive/texmf-dist/tex/latex/tools/verbatim.sty)
(/usr/share/texlive/texmf-dist/tex/latex/environ/environ.sty
(/usr/share/texlive/texmf-dist/tex/latex/trimspaces/trimspaces.sty))
(/usr/share/texlive/texmf-dist/tex/latex/tcolorbox/tcbraster.code.tex
Library (tcolorbox): 'tcbraster.code.tex' version '6.2.0'
) (/usr/share/texlive/texmf-dist/tex/latex/tcolorbox/tcbskins.code.tex
Library (tcolorbox): 'tcbskins.code.tex' version '6.2.0'
(/usr/share/texlive/texmf-dist/tex/latex/tikzfill/tikzfill.image.sty
(/usr/share/texlive/texmf-dist/tex/latex/tikzfill/tikzfill-common.sty)
(/usr/share/texlive/texmf-dist/tex/latex/tikzfill/tikzlibraryfill.image.code.te
x)) (/usr/share/texlive/texmf-dist/tex/latex/tcolorbox/tcbskinsjigsaw.code.tex
Library (tcolorbox): 'tcbskinsjigsaw.code.tex' version '6.2.0'
)) (/usr/share/texlive/texmf-dist/tex/latex/tcolorbox/tcbbreakable.code.tex
Library (tcolorbox): 'tcbbreakable.code.tex' version '6.2.0'
(/usr/share/texlive/texmf-dist/tex/latex/pdfcol/pdfcol.sty))
(/usr/share/texlive/texmf-dist/tex/latex/tcolorbox/tcbhooks.code.tex
Library (tcolorbox): 'tcbhooks.code.tex' version '6.2.0'
) (/usr/share/texlive/texmf-dist/tex/latex/tcolorbox/tcbtheorems.code.tex
Library (tcolorbox): 'tcbtheorems.code.tex' version '6.2.0'
) (/usr/share/texlive/texmf-dist/tex/latex/tcolorbox/tcbfitting.code.tex
Library (tcolorbox): 'tcbfitting.code.tex' version '6.2.0'
) (/usr/share/texlive/texmf-dist/tex/latex/tcolorbox/tcblistingsutf8.code.tex
Library (tcolorbox): 'tcblistingsutf8.code.tex' version '6.2.0'
(/usr/share/texlive/texmf-dist/tex/latex/tcolorbox/tcblistings.code.tex
Library (tcolorbox): 'tcblistings.code.tex' version '6.2.0'
(/usr/share/texlive/texmf-dist/tex/latex/tcolorbox/tcblistingscore.code.tex
Library (tcolorbox): 'tcblistingscore.code.tex' version '6.2.0'
(/usr/share/texlive/texmf-dist/tex/latex/tcolorbox/tcbprocessing.code.tex
Library (tcolorbox): 'tcbprocessing.code.tex' version '6.2.0'
))) (/usr/share/texlive/texmf-dist/tex/latex/listingsutf8/listingsutf8.sty
(/usr/share/texlive/texmf-dist/tex/generic/stringenc/stringenc.sty
(/usr/share/texlive/texmf-dist/tex/generic/pdfescape/pdfescape.sty))))
(/usr/share/texlive/texmf-dist/tex/latex/tcolorbox/tcbexternal.code.tex
Library (tcolorbox): 'tcbexternal.code.tex' version '6.2.0'
) (/usr/share/texlive/texmf-dist/tex/latex/tcolorbox/tcbmagazine.code.tex
Library (tcolorbox): 'tcbmagazine.code.tex' version '6.2.0'
) (/usr/share/texlive/texmf-dist/tex/latex/tcolorbox/tcbvignette.code.tex
Library (tcolorbox): 'tcbvignette.code.tex' version '6.2.0'
) (/usr/share/texlive/texmf-dist/tex/latex/tcolorbox/tcbposter.code.tex
Library (tcolorbox): 'tcbposter.code.tex' version '6.2.0'
)) (/usr/share/texlive/texmf-dist/tex/latex/oberdiek/aliascnt.sty)
(/usr/share/texlive/texmf-dist/tex/latex/psnfss/pifont.sty
(/usr/share/texlive/texmf-dist/tex/latex/psnfss/upzd.fd)
(/usr/share/texlive/texmf-dist/tex/latex/psnfss/upsy.fd))
(/usr/share/texlive/texmf-dist/tex/latex/hyperref/hyperref.sty
(/usr/share/texlive/texmf-dist/tex/generic/kvdefinekeys/kvdefinekeys.sty)
(/usr/share/texlive/texmf-dist/tex/latex/hycolor/hycolor.sty)
(/usr/share/texlive/texmf-dist/tex/latex/auxhook/auxhook.sty)
(/usr/share/texlive/texmf-dist/tex/latex/hyperref/nameref.sty
(/usr/share/texlive/texmf-dist/tex/latex/refcount/refcount.sty)
(/usr/share/texlive/texmf-dist/tex/generic/gettitlestring/gettitlestring.sty))
(/usr/share/texlive/texmf-dist/tex/latex/hyperref/pd1enc.def)
(/usr/share/texlive/texmf-dist/tex/generic/intcalc/intcalc.sty)
(/usr/share/texlive/texmf-dist/tex/latex/hyperref/puenc.def)
(/usr/share/texlive/texmf-dist/tex/generic/bitset/bitset.sty
(/usr/share/texlive/texmf-dist/tex/generic/bigintcalc/bigintcalc.sty))
(/usr/share/texlive/texmf-dist/tex/latex/base/atbegshi-ltx.sty))
(/usr/share/texlive/texmf-dist/tex/latex/hyperref/hpdftex.def
(/usr/share/texlive/texmf-dist/tex/latex/base/atveryend-ltx.sty)
(/usr/share/texlive/texmf-dist/tex/latex/rerunfilecheck/rerunfilecheck.sty
(/usr/share/texlive/texmf-dist/tex/generic/uniquecounter/uniquecounter.sty)))
(/usr/share/texlive/texmf-dist/tex/latex/bookmark/bookmark.sty
(/usr/share/texlive/texmf-dist/tex/latex/bookmark/bkm-pdftex.def))
(/usr/share/texlive/texmf-dist/tex/latex/cleveref/cleveref.sty))
Writing index file only-appB-math-refresher.idx
(/usr/share/texmf/tex/latex/lm/t1lmr.fd)
(build-appB/only-appB-math-refresher.aux
No file chapters/ch01-introduction.aux.
No file chapters/ch02-toolbox.aux.
No file chapters/ch03-dijkstra.aux.
No file chapters/ch04-astar.aux.
No file chapters/ch05-lpastar-dstarlite.aux.
No file chapters/ch06-arastar.aux.
No file chapters/ch07-mapf-problem.aux.
No file chapters/ch08-prioritized-planning.aux.
No file chapters/ch09-cbs.aux.
No file chapters/ch10-ecbs.aux.
No file chapters/ch11-mstar-push-and-swap.aux.
No file chapters/ch12-velocity-obstacles.aux.
No file chapters/ch13-rvo-orca.aux.
No file chapters/ch14-dwa.aux.
No file chapters/ch15-potential-fields.aux.
No file chapters/ch16-rrt.aux.
No file chapters/ch17-rrt-star.aux.
No file chapters/ch18-kalman-filter.aux.
No file chapters/ch19-nonlinear-filters.aux.
No file chapters/ch20-trajectory-prediction.aux.
No file chapters/ch21-mpc.aux.
No file chapters/ch22-milp.aux.
No file chapters/ch23-consensus-formation.aux.
No file chapters/ch24-hybrid-architecture.aux.
No file chapters/ch25-experiments.aux.
No file appendices/appA-study-plan.aux.
(build-appB/appendices/appB-math-refresher.aux)
No file appendices/appC-solutions.aux.
No file appendices/glossary.aux.
)
*geometry* driver: auto-detecting
*geometry* detected driver: pdftex
(/usr/share/texlive/texmf-dist/tex/latex/microtype/mt-cmr.cfg)
(/usr/share/texlive/texmf-dist/tex/context/base/mkii/supp-pdf.mkii
[Loading MPS to PDF converter (version 2006.09.02).]
) (/usr/share/texlive/texmf-dist/tex/latex/epstopdf-pkg/epstopdf-base.sty
(/usr/share/texlive/texmf-dist/tex/latex/latexconfig/epstopdf-sys.cfg))
Package pgfplots notification 'compat/show suggested version=true': document ha
s been generated with the most recent feature set (\pgfplotsset{compat=1.18}).

(/usr/share/texlive/texmf-dist/tex/latex/caption/ltcaption.sty)
(/usr/share/texlive/texmf-dist/tex/latex/biblatex/lbx/english.lbx)
(build-appB/only-appB-math-refresher.bbl) (./frontmatter/titlepage.tex
(/usr/share/texmf/tex/latex/lm/t1lmss.fd) [1{/var/lib/texmf/fonts/map/pdftex/up
dmap/pdftex.map}{/usr/share/texmf/fonts/enc/dvips/lm/lm-ec.enc}])
(./frontmatter/copyright.tex (/usr/share/texmf/tex/latex/lm/ot1lmr.fd)
(/usr/share/texmf/tex/latex/lm/omllmm.fd)
(/usr/share/texmf/tex/latex/lm/omslmsy.fd)
(/usr/share/texmf/tex/latex/lm/omxlmex.fd)
(/usr/share/texlive/texmf-dist/tex/latex/amsfonts/umsa.fd)
(/usr/share/texlive/texmf-dist/tex/latex/microtype/mt-msa.cfg)
(/usr/share/texlive/texmf-dist/tex/latex/amsfonts/umsb.fd)
(/usr/share/texlive/texmf-dist/tex/latex/microtype/mt-msb.cfg)
pdfTeX warning (ext4): destination with the same identifier (name{page.i}) has 
been already used, duplicate ignored
<to be read again> 
                   \relax 
l.24 \clearpage
                [1]) (build-appB/only-appB-math-refresher.toc) [2]
(build-appB/only-appB-math-refresher.loa) (./frontmatter/preface.tex [3]

LaTeX Warning: Reference `ch:appA' on page i undefined on input line 28.

(/usr/share/texmf/tex/latex/lm/ts1lmr.fd) [4{/usr/share/texmf/fonts/enc/dvips/l
m/lm-ts1.enc}]

LaTeX Warning: Reference `ch:ch01' on page i undefined on input line 64.


LaTeX Warning: Reference `ch:ch02' on page i undefined on input line 65.


LaTeX Warning: Reference `ch:ch03' on page i undefined on input line 68.


LaTeX Warning: Reference `ch:ch04' on page i undefined on input line 70.


LaTeX Warning: Reference `ch:ch05' on page i undefined on input line 71.


LaTeX Warning: Reference `ch:ch06' on page i undefined on input line 71.


LaTeX Warning: Reference `ch:ch07' on page i undefined on input line 73.


LaTeX Warning: Reference `ch:ch08' on page i undefined on input line 73.


LaTeX Warning: Reference `ch:ch09' on page i undefined on input line 74.


LaTeX Warning: Reference `ch:ch10' on page i undefined on input line 75.


LaTeX Warning: Reference `ch:ch11' on page i undefined on input line 76.


LaTeX Warning: Reference `ch:ch12' on page i undefined on input line 78.


LaTeX Warning: Reference `ch:ch13' on page i undefined on input line 78.


LaTeX Warning: Reference `ch:ch14' on page i undefined on input line 79.


LaTeX Warning: Reference `ch:ch15' on page i undefined on input line 80.


LaTeX Warning: Reference `ch:ch16' on page i undefined on input line 81.


LaTeX Warning: Reference `ch:ch17' on page i undefined on input line 82.


LaTeX Warning: Reference `ch:ch18' on page i undefined on input line 83.


LaTeX Warning: Reference `ch:ch19' on page i undefined on input line 84.


LaTeX Warning: Reference `ch:ch20' on page i undefined on input line 86.


LaTeX Warning: Reference `ch:ch21' on page i undefined on input line 88.


LaTeX Warning: Reference `ch:ch22' on page i undefined on input line 88.


LaTeX Warning: Reference `ch:ch23' on page i undefined on input line 89.


LaTeX Warning: Reference `ch:ch24' on page i undefined on input line 91.


LaTeX Warning: Reference `ch:ch25' on page i undefined on input line 91.


LaTeX Warning: Reference `ch:ch04' on page i undefined on input line 98.


LaTeX Warning: Reference `ch:ch05' on page i undefined on input line 98.


LaTeX Warning: Reference `ch:ch09' on page i undefined on input line 99.


LaTeX Warning: Reference `ch:ch07' on page i undefined on input line 99.


LaTeX Warning: Reference `ch:ch13' on page i undefined on input line 99.


LaTeX Warning: Reference `ch:ch12' on page i undefined on input line 99.


LaTeX Warning: Reference `ch:ch14' on page i undefined on input line 100.


LaTeX Warning: Reference `ch:ch17' on page i undefined on input line 100.


LaTeX Warning: Reference `ch:ch16' on page i undefined on input line 100.


LaTeX Warning: Reference `ch:ch21' on page i undefined on input line 101.


LaTeX Warning: Reference `ch:ch20' on page i undefined on input line 101.


LaTeX Warning: Reference `ch:ch24' on page i undefined on input line 102.


LaTeX Warning: Reference `ch:appC' on page i undefined on input line 118.

[5] (/usr/share/texmf/tex/latex/lm/t1lmtt.fd)) (./frontmatter/notation.tex
[6{/usr/share/texmf/fonts/enc/dvips/lm/lm-rm.enc}]
(/usr/share/texmf/tex/latex/lm/ot1lmss.fd)

LaTeX Warning: Reference `ch:ch02' on page i undefined on input line 60.


LaTeX Warning: Reference `ch:ch02' on page i undefined on input line 60.


LaTeX Warning: Reference `ch:ch02' on page i undefined on input line 60.


LaTeX Warning: Reference `ch:ch02' on page i undefined on input line 60.


LaTeX Warning: Reference `ch:ch02' on page i undefined on input line 60.


LaTeX Warning: Reference `ch:ch02' on page i undefined on input line 60.


LaTeX Warning: Reference `ch:ch02' on page i undefined on input line 60.


LaTeX Warning: Reference `ch:ch02' on page i undefined on input line 60.


LaTeX Warning: Reference `ch:ch02' on page i undefined on input line 60.


LaTeX Warning: Reference `ch:ch02' on page i undefined on input line 60.


LaTeX Warning: Reference `ch:ch18' on page i undefined on input line 60.


LaTeX Warning: Reference `ch:ch02' on page i undefined on input line 86.


LaTeX Warning: Reference `ch:ch02' on page i undefined on input line 86.


LaTeX Warning: Reference `ch:ch02' on page i undefined on input line 86.


LaTeX Warning: Reference `ch:ch03' on page i undefined on input line 86.


LaTeX Warning: Reference `ch:ch04' on page i undefined on input line 86.


LaTeX Warning: Reference `ch:ch02' on page i undefined on input line 86.


LaTeX Warning: Reference `ch:ch02' on page i undefined on input line 86.


LaTeX Warning: Reference `ch:ch03' on page i undefined on input line 86.


LaTeX Warning: Reference `ch:ch02' on page i undefined on input line 86.


LaTeX Warning: Reference `ch:ch02' on page i undefined on input line 86.


LaTeX Warning: Reference `ch:ch04' on page i undefined on input line 86.


LaTeX Warning: Reference `ch:ch04' on page i undefined on input line 86.


LaTeX Warning: Reference `ch:ch04' on page i undefined on input line 86.


LaTeX Warning: Reference `ch:ch03' on page i undefined on input line 86.


LaTeX Warning: Reference `ch:ch10' on page i undefined on input line 86.


LaTeX Warning: Reference `ch:ch04' on page i undefined on input line 86.


LaTeX Warning: Reference `ch:ch06' on page i undefined on input line 86.


LaTeX Warning: Reference `ch:ch05' on page i undefined on input line 86.


LaTeX Warning: Reference `ch:ch05' on page i undefined on input line 86.

[7{/usr/share/texmf/fonts/enc/dvips/lm/lm-mathit.enc}{/usr/share/texmf/fonts/en
c/dvips/lm/lm-mathsy.enc}]

LaTeX Warning: Reference `ch:ch07' on page i undefined on input line 109.


LaTeX Warning: Reference `ch:ch07' on page i undefined on input line 109.


LaTeX Warning: Reference `ch:ch07' on page i undefined on input line 109.


LaTeX Warning: Reference `ch:ch07' on page i undefined on input line 109.


LaTeX Warning: Reference `ch:ch07' on page i undefined on input line 109.


LaTeX Warning: Reference `ch:ch07' on page i undefined on input line 109.


LaTeX Warning: Reference `ch:ch07' on page i undefined on input line 109.


LaTeX Warning: Reference `ch:ch07' on page i undefined on input line 109.


LaTeX Warning: Reference `ch:ch09' on page i undefined on input line 109.


LaTeX Warning: Reference `ch:ch09' on page i undefined on input line 109.


LaTeX Warning: Reference `ch:ch08' on page i undefined on input line 109.


LaTeX Warning: Reference `ch:ch10' on page i undefined on input line 109.


LaTeX Warning: Reference `ch:ch11' on page i undefined on input line 109.


LaTeX Warning: Reference `ch:ch02' on page i undefined on input line 140.


LaTeX Warning: Reference `ch:ch02' on page i undefined on input line 140.


LaTeX Warning: Reference `ch:ch02' on page i undefined on input line 140.


LaTeX Warning: Reference `ch:ch02' on page i undefined on input line 140.


LaTeX Warning: Reference `ch:ch02' on page i undefined on input line 140.


LaTeX Warning: Reference `ch:ch02' on page i undefined on input line 140.


LaTeX Warning: Reference `ch:ch02' on page i undefined on input line 140.


LaTeX Warning: Reference `ch:ch02' on page i undefined on input line 140.


LaTeX Warning: Reference `ch:ch02' on page i undefined on input line 140.


LaTeX Warning: Reference `ch:ch02' on page i undefined on input line 140.


LaTeX Warning: Reference `ch:ch02' on page i undefined on input line 140.


LaTeX Warning: Reference `ch:ch01' on page i undefined on input line 140.


LaTeX Warning: Reference `ch:ch12' on page i undefined on input line 140.


LaTeX Warning: Reference `ch:ch12' on page i undefined on input line 140.


LaTeX Warning: Reference `ch:ch13' on page i undefined on input line 140.


LaTeX Warning: Reference `ch:ch13' on page i undefined on input line 140.


LaTeX Warning: Reference `ch:ch13' on page i undefined on input line 140.


LaTeX Warning: Reference `ch:ch13' on page i undefined on input line 140.


LaTeX Warning: Reference `ch:ch14' on page i undefined on input line 140.


LaTeX Warning: Reference `ch:ch15' on page i undefined on input line 140.


LaTeX Warning: Reference `ch:ch16' on page i undefined on input line 140.


LaTeX Warning: Reference `ch:ch16' on page i undefined on input line 140.

[8]

LaTeX Warning: Reference `ch:ch02' on page i undefined on input line 167.


LaTeX Warning: Reference `ch:ch02' on page i undefined on input line 167.


LaTeX Warning: Reference `ch:ch02' on page i undefined on input line 167.


LaTeX Warning: Reference `ch:ch02' on page i undefined on input line 167.


LaTeX Warning: Reference `ch:ch02' on page i undefined on input line 167.


LaTeX Warning: Reference `ch:ch18' on page i undefined on input line 167.


LaTeX Warning: Reference `ch:ch18' on page i undefined on input line 167.


LaTeX Warning: Reference `ch:ch18' on page i undefined on input line 167.


LaTeX Warning: Reference `ch:ch18' on page i undefined on input line 167.


LaTeX Warning: Reference `ch:ch18' on page i undefined on input line 167.


LaTeX Warning: Reference `ch:ch19' on page i undefined on input line 167.


LaTeX Warning: Reference `ch:ch19' on page i undefined on input line 167.


LaTeX Warning: Reference `ch:ch18' on page i undefined on input line 167.


LaTeX Warning: Reference `ch:ch19' on page i undefined on input line 167.


LaTeX Warning: Reference `ch:ch20' on page i undefined on input line 167.


LaTeX Warning: Reference `ch:ch20' on page i undefined on input line 167.


LaTeX Warning: Reference `ch:ch20' on page i undefined on input line 167.


LaTeX Warning: Reference `ch:ch21' on page i undefined on input line 174.


LaTeX Warning: Reference `ch:ch02' on page i undefined on input line 178.


LaTeX Warning: Reference `ch:ch21' on page i undefined on input line 178.

[9]

LaTeX Warning: Reference `ch:ch21' on page i undefined on input line 204.


LaTeX Warning: Reference `ch:ch21' on page i undefined on input line 204.


LaTeX Warning: Reference `ch:ch21' on page i undefined on input line 204.


LaTeX Warning: Reference `ch:ch21' on page i undefined on input line 204.


LaTeX Warning: Reference `ch:ch21' on page i undefined on input line 204.


LaTeX Warning: Reference `ch:ch21' on page i undefined on input line 204.


LaTeX Warning: Reference `ch:ch21' on page i undefined on input line 204.


LaTeX Warning: Reference `ch:ch21' on page i undefined on input line 204.


LaTeX Warning: Reference `ch:ch21' on page i undefined on input line 204.


LaTeX Warning: Reference `ch:ch21' on page i undefined on input line 204.


LaTeX Warning: Reference `ch:ch21' on page i undefined on input line 204.


LaTeX Warning: Reference `ch:ch21' on page i undefined on input line 204.


LaTeX Warning: Reference `ch:ch22' on page i undefined on input line 204.


LaTeX Warning: Reference `ch:ch22' on page i undefined on input line 204.


LaTeX Warning: Reference `ch:ch22' on page i undefined on input line 204.


LaTeX Warning: Reference `ch:ch23' on page i undefined on input line 225.


LaTeX Warning: Reference `ch:ch23' on page i undefined on input line 225.


LaTeX Warning: Reference `ch:ch23' on page i undefined on input line 225.


LaTeX Warning: Reference `ch:ch23' on page i undefined on input line 225.


LaTeX Warning: Reference `ch:ch23' on page i undefined on input line 225.


LaTeX Warning: Reference `ch:ch23' on page i undefined on input line 225.


LaTeX Warning: Reference `ch:ch23' on page i undefined on input line 225.


LaTeX Warning: Reference `ch:ch23' on page i undefined on input line 225.


LaTeX Warning: Reference `ch:ch23' on page i undefined on input line 225.


LaTeX Warning: Reference `ch:ch23' on page i undefined on input line 225.


LaTeX Warning: Reference `ch:ch23' on page i undefined on input line 225.

) [10] [1] [2] [3] [4] [5] [6] [7] [8] [9]
(./appendices/appB-math-refresher.tex
Appendix A.
[10]

LaTeX Warning: Reference `ch:ch13' on page 1 undefined on input line 77.


LaTeX Warning: Reference `ch:ch12' on page 1 undefined on input line 77.


LaTeX Warning: Reference `ch:ch02' on page 1 undefined on input line 77.


LaTeX Warning: Reference `ch:ch02' on page 1 undefined on input line 84.


LaTeX Warning: Reference `ch:ch13' on page 1 undefined on input line 89.


LaTeX Warning: Reference `ch:ch12' on page 1 undefined on input line 89.


LaTeX Warning: Reference `ch:ch04' on page 1 undefined on input line 89.


LaTeX Warning: Reference `ch:ch23' on page 1 undefined on input line 122.


LaTeX Warning: Reference `ch:ch21' on page 1 undefined on input line 122.


LaTeX Warning: Reference `ch:ch18' on page 1 undefined on input line 122.

[11{/usr/share/texmf/fonts/enc/dvips/lm/lm-mathex.enc}] [12]

LaTeX Warning: Reference `ch:ch18' on page 1 undefined on input line 287.

[13]

LaTeX Warning: Reference `ch:ch18' on page 1 undefined on input line 325.


LaTeX Warning: Reference `ch:ch21' on page 1 undefined on input line 327.


LaTeX Warning: Reference `ch:ch19' on page 1 undefined on input line 332.


LaTeX Warning: Reference `ch:ch18' on page 1 undefined on input line 332.


LaTeX Warning: Reference `ch:ch20' on page 1 undefined on input line 355.

[14]

LaTeX Warning: Reference `ch:ch15' on page 1 undefined on input line 369.


LaTeX Warning: Reference `ch:ch19' on page 1 undefined on input line 387.


LaTeX Warning: Reference `ch:ch02' on page 1 undefined on input line 411.

[15]

LaTeX Warning: Reference `ch:ch18' on page 1 undefined on input line 430.


LaTeX Warning: Reference `ch:ch21' on page 1 undefined on input line 433.


LaTeX Warning: Reference `ch:ch14' on page 1 undefined on input line 434.


LaTeX Warning: Reference `ch:ch19' on page 1 undefined on input line 474.


LaTeX Warning: Reference `ch:ch18' on page 1 undefined on input line 474.

[16]

LaTeX Warning: Reference `ch:ch02' on page 1 undefined on input line 493.


LaTeX Warning: Reference `ch:ch18' on page 1 undefined on input line 512.

[17]

LaTeX Warning: Reference `ch:ch18' on page 1 undefined on input line 565.

(./figures/appB/gaussian-conditioning.tex) [18]

LaTeX Warning: Reference `ch:ch19' on page 1 undefined on input line 624.


LaTeX Warning: Reference `ch:ch18' on page 1 undefined on input line 624.


LaTeX Warning: Reference `ch:ch19' on page 1 undefined on input line 637.


LaTeX Warning: Reference `ch:ch25' on page 1 undefined on input line 659.


LaTeX Warning: Reference `ch:ch19' on page 1 undefined on input line 666.

[19]

LaTeX Warning: Reference `ch:ch19' on page 1 undefined on input line 689.


LaTeX Warning: Reference `ch:ch18' on page 1 undefined on input line 689.


LaTeX Warning: Reference `ch:ch24' on page 1 undefined on input line 690.


LaTeX Warning: Reference `ch:ch13' on page 1 undefined on input line 712.


LaTeX Warning: Reference `ch:ch12' on page 1 undefined on input line 713.

[20]

LaTeX Warning: Reference `ch:ch21' on page 1 undefined on input line 732.


LaTeX Warning: Reference `ch:ch15' on page 1 undefined on input line 733.

(./figures/appB/convexity.tex)

LaTeX Warning: Reference `ch:ch13' on page 1 undefined on input line 739.


LaTeX Warning: Reference `ch:ch12' on page 1 undefined on input line 739.


LaTeX Warning: Reference `ch:ch13' on page 1 undefined on input line 739.


LaTeX Warning: Reference `ch:ch12' on page 1 undefined on input line 739.


LaTeX Warning: Reference `ch:ch21' on page 1 undefined on input line 774.

[21]

LaTeX Warning: Reference `ch:ch22' on page 1 undefined on input line 810.


LaTeX Warning: Reference `ch:ch13' on page 1 undefined on input line 812.

(./figures/appB/lp-geometry.tex)

LaTeX Warning: Reference `ch:ch21' on page 1 undefined on input line 838.

[22]

LaTeX Warning: Reference `ch:ch22' on page 1 undefined on input line 881.

[23]

LaTeX Warning: Reference `ch:ch22' on page 1 undefined on input line 898.

[24] (./figures/appB/gradient-descent.tex)

LaTeX Warning: Reference `ch:ch15' on page 1 undefined on input line 948.


LaTeX Warning: Reference `ch:ch20' on page 1 undefined on input line 951.


LaTeX Warning: Reference `ch:ch23' on page 1 undefined on input line 964.

[25]

LaTeX Warning: Reference `ch:ch23' on page 1 undefined on input line 1008.

(./figures/appB/laplacian.tex)

LaTeX Warning: Reference `ch:ch03' on page 1 undefined on input line 1043.


LaTeX Warning: Reference `ch:ch04' on page 1 undefined on input line 1045.


LaTeX Warning: Reference `ch:ch08' on page 1 undefined on input line 1050.


LaTeX Warning: Reference `ch:ch04' on page 1 undefined on input line 1050.

[26]

LaTeX Warning: Reference `ch:ch03' on page 1 undefined on input line 1071.


LaTeX Warning: Reference `ch:ch10' on page 1 undefined on input line 1074.


LaTeX Warning: Reference `ch:ch09' on page 1 undefined on input line 1074.


LaTeX Warning: Reference `ch:ch04' on page 1 undefined on input line 1128.


LaTeX Warning: Reference `ch:ch03' on page 1 undefined on input line 1128.

[27]

LaTeX Warning: Reference `ch:ch04' on page 1 undefined on input line 1137.

[28]) [29] [30]Input index file only-appB-math-refresher.idx not found.
Usage: makeindex [-ilqrcgLT] [-s sty] [-o ind] [-t log] [-p num] [idx0 idx1 ...]
system returned with code 256
 (build-appB/only-appB-math-refresher.ind) [31]
(build-appB/only-appB-math-refresher.aux
No file chapters/ch01-introduction.aux.
No file chapters/ch02-toolbox.aux.
No file chapters/ch03-dijkstra.aux.
No file chapters/ch04-astar.aux.
No file chapters/ch05-lpastar-dstarlite.aux.
No file chapters/ch06-arastar.aux.
No file chapters/ch07-mapf-problem.aux.
No file chapters/ch08-prioritized-planning.aux.
No file chapters/ch09-cbs.aux.
No file chapters/ch10-ecbs.aux.
No file chapters/ch11-mstar-push-and-swap.aux.
No file chapters/ch12-velocity-obstacles.aux.
No file chapters/ch13-rvo-orca.aux.
No file chapters/ch14-dwa.aux.
No file chapters/ch15-potential-fields.aux.
No file chapters/ch16-rrt.aux.
No file chapters/ch17-rrt-star.aux.
No file chapters/ch18-kalman-filter.aux.
No file chapters/ch19-nonlinear-filters.aux.
No file chapters/ch20-trajectory-prediction.aux.
No file chapters/ch21-mpc.aux.
No file chapters/ch22-milp.aux.
No file chapters/ch23-consensus-formation.aux.
No file chapters/ch24-hybrid-architecture.aux.
No file chapters/ch25-experiments.aux.
No file appendices/appA-study-plan.aux.
(build-appB/appendices/appB-math-refresher.aux)
No file appendices/appC-solutions.aux.
No file appendices/glossary.aux.
)

LaTeX Warning: There were undefined references.

 ) )
(see the transcript file for additional information)</usr/share/texmf/fonts/typ
e1/public/lm/lmbx10.pfb></usr/share/texmf/fonts/type1/public/lm/lmbx12.pfb></us
r/share/texmf/fonts/type1/public/lm/lmbx7.pfb></usr/share/texmf/fonts/type1/pub
lic/lm/lmbx8.pfb></usr/share/texmf/fonts/type1/public/lm/lmbx9.pfb></usr/share/
texmf/fonts/type1/public/lm/lmbxi10.pfb></usr/share/texmf/fonts/type1/public/lm
/lmcsc10.pfb></usr/share/texmf/fonts/type1/public/lm/lmex10.pfb></usr/share/tex
mf/fonts/type1/public/lm/lmmi10.pfb></usr/share/texmf/fonts/type1/public/lm/lmm
i6.pfb></usr/share/texmf/fonts/type1/public/lm/lmmi7.pfb></usr/share/texmf/font
s/type1/public/lm/lmmi8.pfb></usr/share/texmf/fonts/type1/public/lm/lmmi9.pfb><
/usr/share/texmf/fonts/type1/public/lm/lmr10.pfb></usr/share/texmf/fonts/type1/
public/lm/lmr6.pfb></usr/share/texmf/fonts/type1/public/lm/lmr7.pfb></usr/share
/texmf/fonts/type1/public/lm/lmr8.pfb></usr/share/texmf/fonts/type1/public/lm/l
mr9.pfb></usr/share/texmf/fonts/type1/public/lm/lmri10.pfb></usr/share/texmf/fo
nts/type1/public/lm/lmss10.pfb></usr/share/texmf/fonts/type1/public/lm/lmss12.p
fb></usr/share/texmf/fonts/type1/public/lm/lmss8.pfb></usr/share/texmf/fonts/ty
pe1/public/lm/lmssbx10.pfb></usr/share/texmf/fonts/type1/public/lm/lmsy10.pfb><
/usr/share/texmf/fonts/type1/public/lm/lmsy6.pfb></usr/share/texmf/fonts/type1/
public/lm/lmsy7.pfb></usr/share/texmf/fonts/type1/public/lm/lmsy8.pfb></usr/sha
re/texmf/fonts/type1/public/lm/lmsy9.pfb></usr/share/texmf/fonts/type1/public/l
m/lmtk10.pfb></usr/share/texmf/fonts/type1/public/lm/lmtt10.pfb></usr/share/tex
live/texmf-dist/fonts/type1/public/amsfonts/symbols/msbm10.pfb></usr/share/texl
ive/texmf-dist/fonts/type1/urw/zapfding/uzdr.pfb>
Output written on build-appB/only-appB-math-refresher.pdf (42 pages, 750491 byt
es).
SyncTeX written on build-appB/only-appB-math-refresher.synctex.gz.
Transcript written on build-appB/only-appB-math-refresher.log.
Latexmk: Missing input file 'chapters/ch01-introduction.aux' (or dependence on it) from following:
  No file chapters/ch01-introduction.aux.
Latexmk: Missing input file 'chapters/ch02-toolbox.aux' (or dependence on it) from following:
  No file chapters/ch02-toolbox.aux.
Latexmk: Missing input file 'chapters/ch03-dijkstra.aux' (or dependence on it) from following:
  No file chapters/ch03-dijkstra.aux.
Latexmk: Missing input file 'chapters/ch04-astar.aux' (or dependence on it) from following:
  No file chapters/ch04-astar.aux.
Latexmk: Missing input file 'chapters/ch05-lpastar-dstarlite.aux' (or dependence on it) from following:
  No file chapters/ch05-lpastar-dstarlite.aux.
Latexmk: Missing input file 'chapters/ch06-arastar.aux' (or dependence on it) from following:
  No file chapters/ch06-arastar.aux.
Latexmk: Missing input file 'chapters/ch07-mapf-problem.aux' (or dependence on it) from following:
  No file chapters/ch07-mapf-problem.aux.
Latexmk: Missing input file 'chapters/ch08-prioritized-planning.aux' (or dependence on it) from following:
  No file chapters/ch08-prioritized-planning.aux.
Latexmk: Missing input file 'chapters/ch09-cbs.aux' (or dependence on it) from following:
  No file chapters/ch09-cbs.aux.
Latexmk: Missing input file 'chapters/ch10-ecbs.aux' (or dependence on it) from following:
  No file chapters/ch10-ecbs.aux.
Latexmk: Missing input file 'chapters/ch11-mstar-push-and-swap.aux' (or dependence on it) from following:
  No file chapters/ch11-mstar-push-and-swap.aux.
Latexmk: Missing input file 'chapters/ch12-velocity-obstacles.aux' (or dependence on it) from following:
  No file chapters/ch12-velocity-obstacles.aux.
Latexmk: Missing input file 'chapters/ch13-rvo-orca.aux' (or dependence on it) from following:
  No file chapters/ch13-rvo-orca.aux.
Latexmk: Missing input file 'chapters/ch14-dwa.aux' (or dependence on it) from following:
  No file chapters/ch14-dwa.aux.
Latexmk: Missing input file 'chapters/ch15-potential-fields.aux' (or dependence on it) from following:
  No file chapters/ch15-potential-fields.aux.
Latexmk: Missing input file 'chapters/ch16-rrt.aux' (or dependence on it) from following:
  No file chapters/ch16-rrt.aux.
Latexmk: Missing input file 'chapters/ch17-rrt-star.aux' (or dependence on it) from following:
  No file chapters/ch17-rrt-star.aux.
Latexmk: Missing input file 'chapters/ch18-kalman-filter.aux' (or dependence on it) from following:
  No file chapters/ch18-kalman-filter.aux.
Latexmk: Missing input file 'chapters/ch19-nonlinear-filters.aux' (or dependence on it) from following:
  No file chapters/ch19-nonlinear-filters.aux.
Latexmk: Missing input file 'chapters/ch20-trajectory-prediction.aux' (or dependence on it) from following:
  No file chapters/ch20-trajectory-prediction.aux.
Latexmk: Missing input file 'chapters/ch21-mpc.aux' (or dependence on it) from following:
  No file chapters/ch21-mpc.aux.
Latexmk: Missing input file 'chapters/ch22-milp.aux' (or dependence on it) from following:
  No file chapters/ch22-milp.aux.
Latexmk: Missing input file 'chapters/ch23-consensus-formation.aux' (or dependence on it) from following:
  No file chapters/ch23-consensus-formation.aux.
Latexmk: Missing input file 'chapters/ch24-hybrid-architecture.aux' (or dependence on it) from following:
  No file chapters/ch24-hybrid-architecture.aux.
Latexmk: Missing input file 'chapters/ch25-experiments.aux' (or dependence on it) from following:
  No file chapters/ch25-experiments.aux.
Latexmk: Missing input file 'appendices/appA-study-plan.aux' (or dependence on it) from following:
  No file appendices/appA-study-plan.aux.
Latexmk: Missing input file 'appendices/appC-solutions.aux' (or dependence on it) from following:
  No file appendices/appC-solutions.aux.
Latexmk: Missing input file 'appendices/glossary.aux' (or dependence on it) from following:
  No file appendices/glossary.aux.
Latexmk: Missing input file 'chapters/ch01-introduction.aux' (or dependence on it) from following:
  No file chapters/ch01-introduction.aux.
Latexmk: Missing input file 'chapters/ch02-toolbox.aux' (or dependence on it) from following:
  No file chapters/ch02-toolbox.aux.
Latexmk: Missing input file 'chapters/ch03-dijkstra.aux' (or dependence on it) from following:
  No file chapters/ch03-dijkstra.aux.
Latexmk: Missing input file 'chapters/ch04-astar.aux' (or dependence on it) from following:
  No file chapters/ch04-astar.aux.
Latexmk: Missing input file 'chapters/ch05-lpastar-dstarlite.aux' (or dependence on it) from following:
  No file chapters/ch05-lpastar-dstarlite.aux.
Latexmk: Missing input file 'chapters/ch06-arastar.aux' (or dependence on it) from following:
  No file chapters/ch06-arastar.aux.
Latexmk: Missing input file 'chapters/ch07-mapf-problem.aux' (or dependence on it) from following:
  No file chapters/ch07-mapf-problem.aux.
Latexmk: Missing input file 'chapters/ch08-prioritized-planning.aux' (or dependence on it) from following:
  No file chapters/ch08-prioritized-planning.aux.
Latexmk: Missing input file 'chapters/ch09-cbs.aux' (or dependence on it) from following:
  No file chapters/ch09-cbs.aux.
Latexmk: Missing input file 'chapters/ch10-ecbs.aux' (or dependence on it) from following:
  No file chapters/ch10-ecbs.aux.
Latexmk: Missing input file 'chapters/ch11-mstar-push-and-swap.aux' (or dependence on it) from following:
  No file chapters/ch11-mstar-push-and-swap.aux.
Latexmk: Missing input file 'chapters/ch12-velocity-obstacles.aux' (or dependence on it) from following:
  No file chapters/ch12-velocity-obstacles.aux.
Latexmk: Missing input file 'chapters/ch13-rvo-orca.aux' (or dependence on it) from following:
  No file chapters/ch13-rvo-orca.aux.
Latexmk: Missing input file 'chapters/ch14-dwa.aux' (or dependence on it) from following:
  No file chapters/ch14-dwa.aux.
Latexmk: Missing input file 'chapters/ch15-potential-fields.aux' (or dependence on it) from following:
  No file chapters/ch15-potential-fields.aux.
Latexmk: Missing input file 'chapters/ch16-rrt.aux' (or dependence on it) from following:
  No file chapters/ch16-rrt.aux.
Latexmk: Missing input file 'chapters/ch17-rrt-star.aux' (or dependence on it) from following:
  No file chapters/ch17-rrt-star.aux.
Latexmk: Missing input file 'chapters/ch18-kalman-filter.aux' (or dependence on it) from following:
  No file chapters/ch18-kalman-filter.aux.
Latexmk: Missing input file 'chapters/ch19-nonlinear-filters.aux' (or dependence on it) from following:
  No file chapters/ch19-nonlinear-filters.aux.
Latexmk: Missing input file 'chapters/ch20-trajectory-prediction.aux' (or dependence on it) from following:
  No file chapters/ch20-trajectory-prediction.aux.
Latexmk: Missing input file 'chapters/ch21-mpc.aux' (or dependence on it) from following:
  No file chapters/ch21-mpc.aux.
Latexmk: Missing input file 'chapters/ch22-milp.aux' (or dependence on it) from following:
  No file chapters/ch22-milp.aux.
Latexmk: Missing input file 'chapters/ch23-consensus-formation.aux' (or dependence on it) from following:
  No file chapters/ch23-consensus-formation.aux.
Latexmk: Missing input file 'chapters/ch24-hybrid-architecture.aux' (or dependence on it) from following:
  No file chapters/ch24-hybrid-architecture.aux.
Latexmk: Missing input file 'chapters/ch25-experiments.aux' (or dependence on it) from following:
  No file chapters/ch25-experiments.aux.
Latexmk: Missing input file 'appendices/appA-study-plan.aux' (or dependence on it) from following:
  No file appendices/appA-study-plan.aux.
Latexmk: Missing input file 'appendices/appC-solutions.aux' (or dependence on it) from following:
  No file appendices/appC-solutions.aux.
Latexmk: Missing input file 'appendices/glossary.aux' (or dependence on it) from following:
  No file appendices/glossary.aux.
Latexmk: Getting log file 'build-appB/only-appB-math-refresher.log'
Latexmk: Examining 'build-appB/only-appB-math-refresher.fls'
Latexmk: Examining 'build-appB/only-appB-math-refresher.log'
Latexmk: Index file 'build-appB/only-appB-math-refresher.idx' was written
Latexmk: Found input bbl file 'build-appB/only-appB-math-refresher.bbl'
Latexmk: Log file says output to 'build-appB/only-appB-math-refresher.pdf'
Latexmk: Log file says output to 'build-appB/only-appB-math-refresher.pdf'
Latexmk: Bibliography file(s) from .bcf file:
  bib/ch01-extra.bib
  bib/ch02-extra.bib
  bib/ch03-extra.bib
  bib/ch04-extra.bib
  bib/ch05-extra.bib
  bib/ch06-extra.bib
  bib/ch07-extra.bib
  bib/ch08-extra.bib
  bib/ch09-extra.bib
  bib/ch10-extra.bib
  bib/ch11-extra.bib
  bib/ch12-extra.bib
  bib/ch13-extra.bib
  bib/ch14-extra.bib
  bib/ch15-extra.bib
  bib/ch16-extra.bib
  bib/ch17-extra.bib
  bib/ch18-extra.bib
  bib/ch19-extra.bib
  bib/ch20-extra.bib
  bib/ch21-extra.bib
  bib/ch22-extra.bib
  bib/ch23-extra.bib
  bib/ch24-extra.bib
  bib/ch25-extra.bib
  references.bib
Latexmk: applying rule 'pdflatex'...
Rule 'pdflatex':  Reasons for rerun
Changed files or newly in use/created:
  build-appB/only-appB-math-refresher.run.xml
  chapters/ch05-lpastar-dstarlite.tex
Category 'changed_user':
  chapters/ch05-lpastar-dstarlite.tex

------------
Run number 4 of rule 'pdflatex'
------------
------------
Running 'pdflatex -interaction=nonstopmode -file-line-error -synctex=1  -recorder --jobname="only-appB-math-refresher" -output-directory="build-appB"  "./appBcheck.tex"'
------------
This is pdfTeX, Version 3.141592653-2.6-1.40.25 (TeX Live 2023/Debian) (preloaded format=pdflatex)
 restricted \write18 enabled.
entering extended mode
(./appBcheck.tex
LaTeX2e <2023-11-01> patch level 1
L3 programming layer <2024-01-22>
(./main.tex (/usr/share/texlive/texmf-dist/tex/latex/base/book.cls
Document Class: book 2023/05/17 v1.4n Standard LaTeX document class
(/usr/share/texlive/texmf-dist/tex/latex/base/bk11.clo)) (./searchbook.sty
(/usr/share/texlive/texmf-dist/tex/latex/base/fontenc.sty)
(/usr/share/texlive/texmf-dist/tex/latex/base/inputenc.sty)
(/usr/share/texmf/tex/latex/lm/lmodern.sty)
(/usr/share/texlive/texmf-dist/tex/latex/base/textcomp.sty)
(/usr/share/texlive/texmf-dist/tex/latex/geometry/geometry.sty
(/usr/share/texlive/texmf-dist/tex/latex/graphics/keyval.sty)
(/usr/share/texlive/texmf-dist/tex/generic/iftex/ifvtex.sty
(/usr/share/texlive/texmf-dist/tex/generic/iftex/iftex.sty)))
(/usr/share/texlive/texmf-dist/tex/latex/microtype/microtype.sty
(/usr/share/texlive/texmf-dist/tex/latex/etoolbox/etoolbox.sty)
(/usr/share/texlive/texmf-dist/tex/latex/microtype/microtype-pdftex.def)
(/usr/share/texlive/texmf-dist/tex/latex/microtype/microtype.cfg))
(/usr/share/texlive/texmf-dist/tex/latex/emptypage/emptypage.sty)
(/usr/share/texlive/texmf-dist/tex/latex/tools/xspace.sty)
(/usr/share/texlive/texmf-dist/tex/latex/needspace/needspace.sty)
(/usr/share/texlive/texmf-dist/tex/latex/amsmath/amsmath.sty
For additional information on amsmath, use the `?' option.
(/usr/share/texlive/texmf-dist/tex/latex/amsmath/amstext.sty
(/usr/share/texlive/texmf-dist/tex/latex/amsmath/amsgen.sty))
(/usr/share/texlive/texmf-dist/tex/latex/amsmath/amsbsy.sty)
(/usr/share/texlive/texmf-dist/tex/latex/amsmath/amsopn.sty))
(/usr/share/texlive/texmf-dist/tex/latex/amsfonts/amssymb.sty
(/usr/share/texlive/texmf-dist/tex/latex/amsfonts/amsfonts.sty))
(/usr/share/texlive/texmf-dist/tex/latex/amscls/amsthm.sty)
(/usr/share/texlive/texmf-dist/tex/latex/mathtools/mathtools.sty
(/usr/share/texlive/texmf-dist/tex/latex/tools/calc.sty)
(/usr/share/texlive/texmf-dist/tex/latex/mathtools/mhsetup.sty))
(/usr/share/texlive/texmf-dist/tex/latex/tools/bm.sty)
(/usr/share/texlive/texmf-dist/tex/latex/xcolor/xcolor.sty
(/usr/share/texlive/texmf-dist/tex/latex/graphics-cfg/color.cfg)
(/usr/share/texlive/texmf-dist/tex/latex/graphics-def/pdftex.def)
(/usr/share/texlive/texmf-dist/tex/latex/graphics/mathcolor.ltx))
(/usr/share/texlive/texmf-dist/tex/latex/graphics/dvipsnam.def)
(/usr/share/texlive/texmf-dist/tex/latex/xcolor/svgnam.def)
(/usr/share/texlive/texmf-dist/tex/latex/colortbl/colortbl.sty
(/usr/share/texlive/texmf-dist/tex/latex/tools/array.sty))
(/usr/share/texlive/texmf-dist/tex/latex/graphics/graphicx.sty
(/usr/share/texlive/texmf-dist/tex/latex/graphics/graphics.sty
(/usr/share/texlive/texmf-dist/tex/latex/graphics/trig.sty)
(/usr/share/texlive/texmf-dist/tex/latex/graphics-cfg/graphics.cfg)))
(/usr/share/texlive/texmf-dist/tex/latex/pgf/frontendlayer/tikz.sty
(/usr/share/texlive/texmf-dist/tex/latex/pgf/basiclayer/pgf.sty
(/usr/share/texlive/texmf-dist/tex/latex/pgf/utilities/pgfrcs.sty
(/usr/share/texlive/texmf-dist/tex/generic/pgf/utilities/pgfutil-common.tex)
(/usr/share/texlive/texmf-dist/tex/generic/pgf/utilities/pgfutil-latex.def)
(/usr/share/texlive/texmf-dist/tex/generic/pgf/utilities/pgfrcs.code.tex
(/usr/share/texlive/texmf-dist/tex/generic/pgf/pgf.revision.tex)))
(/usr/share/texlive/texmf-dist/tex/latex/pgf/basiclayer/pgfcore.sty
(/usr/share/texlive/texmf-dist/tex/latex/pgf/systemlayer/pgfsys.sty
(/usr/share/texlive/texmf-dist/tex/generic/pgf/systemlayer/pgfsys.code.tex
(/usr/share/texlive/texmf-dist/tex/generic/pgf/utilities/pgfkeys.code.tex
(/usr/share/texlive/texmf-dist/tex/generic/pgf/utilities/pgfkeyslibraryfiltered
.code.tex)) (/usr/share/texlive/texmf-dist/tex/generic/pgf/systemlayer/pgf.cfg)
(/usr/share/texlive/texmf-dist/tex/generic/pgf/systemlayer/pgfsys-pdftex.def
(/usr/share/texlive/texmf-dist/tex/generic/pgf/systemlayer/pgfsys-common-pdf.de
f)))
(/usr/share/texlive/texmf-dist/tex/generic/pgf/systemlayer/pgfsyssoftpath.code.
tex)
(/usr/share/texlive/texmf-dist/tex/generic/pgf/systemlayer/pgfsysprotocol.code.
tex))
(/usr/share/texlive/texmf-dist/tex/generic/pgf/basiclayer/pgfcore.code.tex
(/usr/share/texlive/texmf-dist/tex/generic/pgf/math/pgfmath.code.tex
(/usr/share/texlive/texmf-dist/tex/generic/pgf/math/pgfmathutil.code.tex)
(/usr/share/texlive/texmf-dist/tex/generic/pgf/math/pgfmathparser.code.tex)
(/usr/share/texlive/texmf-dist/tex/generic/pgf/math/pgfmathfunctions.code.tex)
(/usr/share/texlive/texmf-dist/tex/generic/pgf/math/pgfmathfunctions.basic.code
.tex)
(/usr/share/texlive/texmf-dist/tex/generic/pgf/math/pgfmathfunctions.trigonomet
ric.code.tex)
(/usr/share/texlive/texmf-dist/tex/generic/pgf/math/pgfmathfunctions.random.cod
e.tex)
(/usr/share/texlive/texmf-dist/tex/generic/pgf/math/pgfmathfunctions.comparison
.code.tex)
(/usr/share/texlive/texmf-dist/tex/generic/pgf/math/pgfmathfunctions.base.code.
tex)
(/usr/share/texlive/texmf-dist/tex/generic/pgf/math/pgfmathfunctions.round.code
.tex)
(/usr/share/texlive/texmf-dist/tex/generic/pgf/math/pgfmathfunctions.misc.code.
tex)
(/usr/share/texlive/texmf-dist/tex/generic/pgf/math/pgfmathfunctions.integerari
thmetics.code.tex)
(/usr/share/texlive/texmf-dist/tex/generic/pgf/math/pgfmathcalc.code.tex)
(/usr/share/texlive/texmf-dist/tex/generic/pgf/math/pgfmathfloat.code.tex))
(/usr/share/texlive/texmf-dist/tex/generic/pgf/math/pgfint.code.tex)
(/usr/share/texlive/texmf-dist/tex/generic/pgf/basiclayer/pgfcorepoints.code.te
x)
(/usr/share/texlive/texmf-dist/tex/generic/pgf/basiclayer/pgfcorepathconstruct.
code.tex)
(/usr/share/texlive/texmf-dist/tex/generic/pgf/basiclayer/pgfcorepathusage.code
.tex)
(/usr/share/texlive/texmf-dist/tex/generic/pgf/basiclayer/pgfcorescopes.code.te
x)
(/usr/share/texlive/texmf-dist/tex/generic/pgf/basiclayer/pgfcoregraphicstate.c
ode.tex)
(/usr/share/texlive/texmf-dist/tex/generic/pgf/basiclayer/pgfcoretransformation
s.code.tex)
(/usr/share/texlive/texmf-dist/tex/generic/pgf/basiclayer/pgfcorequick.code.tex
)
(/usr/share/texlive/texmf-dist/tex/generic/pgf/basiclayer/pgfcoreobjects.code.t
ex)
(/usr/share/texlive/texmf-dist/tex/generic/pgf/basiclayer/pgfcorepathprocessing
.code.tex)
(/usr/share/texlive/texmf-dist/tex/generic/pgf/basiclayer/pgfcorearrows.code.te
x)
(/usr/share/texlive/texmf-dist/tex/generic/pgf/basiclayer/pgfcoreshade.code.tex
)
(/usr/share/texlive/texmf-dist/tex/generic/pgf/basiclayer/pgfcoreimage.code.tex
)
(/usr/share/texlive/texmf-dist/tex/generic/pgf/basiclayer/pgfcoreexternal.code.
tex)
(/usr/share/texlive/texmf-dist/tex/generic/pgf/basiclayer/pgfcorelayers.code.te
x)
(/usr/share/texlive/texmf-dist/tex/generic/pgf/basiclayer/pgfcoretransparency.c
ode.tex)
(/usr/share/texlive/texmf-dist/tex/generic/pgf/basiclayer/pgfcorepatterns.code.
tex)
(/usr/share/texlive/texmf-dist/tex/generic/pgf/basiclayer/pgfcorerdf.code.tex))
)
(/usr/share/texlive/texmf-dist/tex/generic/pgf/modules/pgfmoduleshapes.code.tex
) (/usr/share/texlive/texmf-dist/tex/generic/pgf/modules/pgfmoduleplot.code.tex
)
(/usr/share/texlive/texmf-dist/tex/latex/pgf/compatibility/pgfcomp-version-0-65
.sty)
(/usr/share/texlive/texmf-dist/tex/latex/pgf/compatibility/pgfcomp-version-1-18
.sty)) (/usr/share/texlive/texmf-dist/tex/latex/pgf/utilities/pgffor.sty
(/usr/share/texlive/texmf-dist/tex/latex/pgf/utilities/pgfkeys.sty
(/usr/share/texlive/texmf-dist/tex/generic/pgf/utilities/pgfkeys.code.tex))
(/usr/share/texlive/texmf-dist/tex/latex/pgf/math/pgfmath.sty
(/usr/share/texlive/texmf-dist/tex/generic/pgf/math/pgfmath.code.tex))
(/usr/share/texlive/texmf-dist/tex/generic/pgf/utilities/pgffor.code.tex))
(/usr/share/texlive/texmf-dist/tex/generic/pgf/frontendlayer/tikz/tikz.code.tex

(/usr/share/texlive/texmf-dist/tex/generic/pgf/libraries/pgflibraryplothandlers
.code.tex)
(/usr/share/texlive/texmf-dist/tex/generic/pgf/modules/pgfmodulematrix.code.tex
)
(/usr/share/texlive/texmf-dist/tex/generic/pgf/frontendlayer/tikz/libraries/tik
zlibrarytopaths.code.tex)))
(/usr/share/texlive/texmf-dist/tex/generic/pgf/libraries/pgflibraryarrows.meta.
code.tex)
(/usr/share/texlive/texmf-dist/tex/generic/pgf/frontendlayer/tikz/libraries/tik
zlibrarypositioning.code.tex)
(/usr/share/texlive/texmf-dist/tex/generic/pgf/frontendlayer/tikz/libraries/tik
zlibrarycalc.code.tex)
(/usr/share/texlive/texmf-dist/tex/generic/pgf/frontendlayer/tikz/libraries/tik
zlibraryshapes.geometric.code.tex
(/usr/share/texlive/texmf-dist/tex/generic/pgf/libraries/shapes/pgflibraryshape
s.geometric.code.tex))
(/usr/share/texlive/texmf-dist/tex/generic/pgf/frontendlayer/tikz/libraries/tik
zlibraryshapes.misc.code.tex
(/usr/share/texlive/texmf-dist/tex/generic/pgf/libraries/shapes/pgflibraryshape
s.misc.code.tex))
(/usr/share/texlive/texmf-dist/tex/generic/pgf/frontendlayer/tikz/libraries/tik
zlibraryshapes.arrows.code.tex
(/usr/share/texlive/texmf-dist/tex/generic/pgf/libraries/shapes/pgflibraryshape
s.arrows.code.tex))
(/usr/share/texlive/texmf-dist/tex/generic/pgf/frontendlayer/tikz/libraries/tik
zlibrarypatterns.code.tex
(/usr/share/texlive/texmf-dist/tex/generic/pgf/libraries/pgflibrarypatterns.cod
e.tex))
(/usr/share/texlive/texmf-dist/tex/generic/pgf/frontendlayer/tikz/libraries/tik
zlibrarydecorations.pathreplacing.code.tex
(/usr/share/texlive/texmf-dist/tex/generic/pgf/frontendlayer/tikz/libraries/tik
zlibrarydecorations.code.tex
(/usr/share/texlive/texmf-dist/tex/generic/pgf/modules/pgfmoduledecorations.cod
e.tex))
(/usr/share/texlive/texmf-dist/tex/generic/pgf/libraries/decorations/pgflibrary
decorations.pathreplacing.code.tex))
(/usr/share/texlive/texmf-dist/tex/generic/pgf/frontendlayer/tikz/libraries/tik
zlibrarydecorations.markings.code.tex
(/usr/share/texlive/texmf-dist/tex/generic/pgf/libraries/decorations/pgflibrary
decorations.markings.code.tex))
(/usr/share/texlive/texmf-dist/tex/generic/pgf/frontendlayer/tikz/libraries/tik
zlibrarydecorations.pathmorphing.code.tex
(/usr/share/texlive/texmf-dist/tex/generic/pgf/libraries/decorations/pgflibrary
decorations.pathmorphing.code.tex))
(/usr/share/texlive/texmf-dist/tex/generic/pgf/frontendlayer/tikz/libraries/tik
zlibrarymatrix.code.tex)
(/usr/share/texlive/texmf-dist/tex/generic/pgf/frontendlayer/tikz/libraries/tik
zlibrarybackgrounds.code.tex)
(/usr/share/texlive/texmf-dist/tex/generic/pgf/frontendlayer/tikz/libraries/tik
zlibraryfit.code.tex)
(/usr/share/texlive/texmf-dist/tex/generic/pgf/frontendlayer/tikz/libraries/tik
zlibrarychains.code.tex)
(/usr/share/texlive/texmf-dist/tex/generic/pgf/frontendlayer/tikz/libraries/tik
zlibraryintersections.code.tex
(/usr/share/texlive/texmf-dist/tex/generic/pgf/libraries/pgflibraryintersection
s.code.tex
(/usr/share/texlive/texmf-dist/tex/generic/pgf/libraries/pgflibraryfpu.code.tex
)))
(/usr/share/texlive/texmf-dist/tex/generic/pgf/frontendlayer/tikz/libraries/tik
zlibraryangles.code.tex)
(/usr/share/texlive/texmf-dist/tex/generic/pgf/frontendlayer/tikz/libraries/tik
zlibraryquotes.code.tex)
(/usr/share/texlive/texmf-dist/tex/generic/pgf/frontendlayer/tikz/libraries/tik
zlibrary3d.code.tex)
(/usr/share/texlive/texmf-dist/tex/generic/pgf/frontendlayer/tikz/libraries/tik
zlibrarytrees.code.tex)
(/usr/share/texlive/texmf-dist/tex/generic/pgf/frontendlayer/tikz/libraries/tik
zlibraryshadows.code.tex
(/usr/share/texlive/texmf-dist/tex/generic/pgf/frontendlayer/tikz/libraries/tik
zlibraryfadings.code.tex
(/usr/share/texlive/texmf-dist/tex/generic/pgf/libraries/pgflibraryfadings.code
.tex)))
(/usr/share/texlive/texmf-dist/tex/generic/pgf/frontendlayer/tikz/libraries/tik
zlibraryshapes.multipart.code.tex
(/usr/share/texlive/texmf-dist/tex/generic/pgf/libraries/shapes/pgflibraryshape
s.multipart.code.tex))
(/usr/share/texlive/texmf-dist/tex/latex/pgfplots/pgfplots.sty
(/usr/share/texlive/texmf-dist/tex/generic/pgfplots/pgfplots.revision.tex)
(/usr/share/texlive/texmf-dist/tex/generic/pgfplots/pgfplots.code.tex
(/usr/share/texlive/texmf-dist/tex/generic/pgfplots/pgfplotscore.code.tex
(/usr/share/texlive/texmf-dist/tex/generic/pgfplots/sys/pgfplotssysgeneric.code
.tex))
(/usr/share/texlive/texmf-dist/tex/generic/pgfplots/libs/pgfplotslibrary.code.t
ex)
(/usr/share/texlive/texmf-dist/tex/generic/pgfplots/oldpgfcompatib/pgfplotsoldp
gfsupp_loader.code.tex
Package pgfplots: loading complementary utilities for your pgf version...

(/usr/share/texlive/texmf-dist/tex/generic/pgfplots/oldpgfcompatib/pgfplotsoldp
gfsupp_pgfutil-common-lists.tex))
(/usr/share/texlive/texmf-dist/tex/generic/pgfplots/util/pgfplotsutil.code.tex
(/usr/share/texlive/texmf-dist/tex/generic/pgfplots/liststructure/pgfplotslists
tructure.code.tex)
(/usr/share/texlive/texmf-dist/tex/generic/pgfplots/liststructure/pgfplotslists
tructureext.code.tex)
(/usr/share/texlive/texmf-dist/tex/generic/pgfplots/liststructure/pgfplotsarray
.code.tex)
(/usr/share/texlive/texmf-dist/tex/generic/pgfplots/liststructure/pgfplotsmatri
x.code.tex)
(/usr/share/texlive/texmf-dist/tex/generic/pgfplots/numtable/pgfplotstableshare
d.code.tex)
(/usr/share/texlive/texmf-dist/tex/generic/pgfplots/liststructure/pgfplotsdeque
.code.tex)
(/usr/share/texlive/texmf-dist/tex/generic/pgfplots/util/pgfplotsbinary.code.te
x
(/usr/share/texlive/texmf-dist/tex/generic/pgfplots/util/pgfplotsbinary.data.co
de.tex))
(/usr/share/texlive/texmf-dist/tex/generic/pgfplots/util/pgfplotsutil.verb.code
.tex)
(/usr/share/texlive/texmf-dist/tex/generic/pgfplots/libs/pgflibrarypgfplots.sur
fshading.code.tex
(/usr/share/texlive/texmf-dist/tex/generic/pgfplots/sys/pgflibrarypgfplots.surf
shading.pgfsys-pdftex.def)))
(/usr/share/texlive/texmf-dist/tex/generic/pgfplots/util/pgfplotscolormap.code.
tex
(/usr/share/texlive/texmf-dist/tex/generic/pgfplots/util/pgfplotscolor.code.tex
))
(/usr/share/texlive/texmf-dist/tex/generic/pgfplots/pgfplotsstackedplots.code.t
ex)
(/usr/share/texlive/texmf-dist/tex/generic/pgfplots/pgfplotsplothandlers.code.t
ex
(/usr/share/texlive/texmf-dist/tex/generic/pgfplots/pgfplotsmeshplothandler.cod
e.tex
(/usr/share/texlive/texmf-dist/tex/generic/pgfplots/pgfplotsmeshplotimage.code.
tex)))
(/usr/share/texlive/texmf-dist/tex/generic/pgfplots/pgfplots.scaling.code.tex)
(/usr/share/texlive/texmf-dist/tex/generic/pgfplots/pgfplotscoordprocessing.cod
e.tex)
(/usr/share/texlive/texmf-dist/tex/generic/pgfplots/pgfplots.errorbars.code.tex
) (/usr/share/texlive/texmf-dist/tex/generic/pgfplots/pgfplots.markers.code.tex
) (/usr/share/texlive/texmf-dist/tex/generic/pgfplots/pgfplotsticks.code.tex)
(/usr/share/texlive/texmf-dist/tex/generic/pgfplots/pgfplots.paths.code.tex)
(/usr/share/texlive/texmf-dist/tex/generic/pgfplots/libs/tikzlibrarypgfplots.co
ntourlua.code.tex))
(/usr/share/texlive/texmf-dist/tex/generic/pgf/frontendlayer/tikz/libraries/tik
zlibraryplotmarks.code.tex
(/usr/share/texlive/texmf-dist/tex/generic/pgf/libraries/pgflibraryplotmarks.co
de.tex)))
(/usr/share/texlive/texmf-dist/tex/generic/pgfplots/libs/tikzlibrarypgfplots.fi
llbetween.code.tex
(/usr/share/texlive/texmf-dist/tex/generic/pgfplots/pgfcontrib/tikzlibraryfillb
etween.code.tex
(/usr/share/texlive/texmf-dist/tex/generic/pgfplots/pgfcontrib/tikzlibrarydecor
ations.softclip.code.tex
(/usr/share/texlive/texmf-dist/tex/generic/pgfplots/pgfcontrib/pgflibraryfillbe
tween.code.tex)))
(/usr/share/texlive/texmf-dist/tex/generic/pgfplots/libs/tikzlibrarypgfplots.de
corations.softclip.code.tex))
(/usr/share/texlive/texmf-dist/tex/generic/pgfplots/libs/tikzlibrarypgfplots.gr
oupplots.code.tex)
(/usr/share/texlive/texmf-dist/tex/generic/pgfplots/libs/tikzlibrarypgfplots.st
atistics.code.tex) (/usr/share/texlive/texmf-dist/tex/latex/float/float.sty)
(/usr/share/texlive/texmf-dist/tex/latex/placeins/placeins.sty)
(/usr/share/texlive/texmf-dist/tex/latex/caption/caption.sty
(/usr/share/texlive/texmf-dist/tex/latex/caption/caption3.sty))
(/usr/share/texlive/texmf-dist/tex/latex/caption/subcaption.sty)
(/usr/share/texlive/texmf-dist/tex/latex/booktabs/booktabs.sty)
(/usr/share/texlive/texmf-dist/tex/latex/tools/tabularx.sty)
(/usr/share/texlive/texmf-dist/tex/latex/multirow/multirow.sty)
(/usr/share/texlive/texmf-dist/tex/latex/tools/longtable.sty)
(/usr/share/texlive/texmf-dist/tex/latex/makecell/makecell.sty)
(/usr/share/texlive/texmf-dist/tex/latex/enumitem/enumitem.sty)
(/usr/share/texlive/texmf-dist/tex/latex/algorithm2e/algorithm2e.sty
(/usr/share/texlive/texmf-dist/tex/latex/base/ifthen.sty)
(/usr/share/texlive/texmf-dist/tex/latex/ifoddpage/ifoddpage.sty)
(/usr/share/texlive/texmf-dist/tex/latex/relsize/relsize.sty))
(/usr/share/texlive/texmf-dist/tex/latex/listings/listings.sty
(/usr/share/texlive/texmf-dist/tex/latex/listings/lstmisc.sty)
(/usr/share/texlive/texmf-dist/tex/latex/listings/listings.cfg))
(/usr/share/texlive/texmf-dist/tex/latex/listings/lstlang1.sty)
(/usr/share/texlive/texmf-dist/tex/latex/titlesec/titlesec.sty)
(/usr/share/texlive/texmf-dist/tex/latex/fancyhdr/fancyhdr.sty)
(/usr/share/texlive/texmf-dist/tex/latex/biblatex/biblatex.sty
(/usr/share/texlive/texmf-dist/tex/generic/pdftexcmds/pdftexcmds.sty
(/usr/share/texlive/texmf-dist/tex/generic/infwarerr/infwarerr.sty)
(/usr/share/texlive/texmf-dist/tex/generic/ltxcmds/ltxcmds.sty))
(/usr/share/texlive/texmf-dist/tex/latex/kvoptions/kvoptions.sty
(/usr/share/texlive/texmf-dist/tex/latex/kvsetkeys/kvsetkeys.sty))
(/usr/share/texlive/texmf-dist/tex/latex/logreq/logreq.sty
(/usr/share/texlive/texmf-dist/tex/latex/logreq/logreq.def))
(/usr/share/texlive/texmf-dist/tex/latex/url/url.sty)
(/usr/share/texlive/texmf-dist/tex/latex/biblatex/blx-dm.def)
(/usr/share/texlive/texmf-dist/tex/latex/biblatex/blx-compat.def)
(/usr/share/texlive/texmf-dist/tex/latex/biblatex/biblatex.def)
(/usr/share/texlive/texmf-dist/tex/latex/biblatex/bbx/numeric-comp.bbx
(/usr/share/texlive/texmf-dist/tex/latex/biblatex/bbx/numeric.bbx
(/usr/share/texlive/texmf-dist/tex/latex/biblatex/bbx/standard.bbx)))
(/usr/share/texlive/texmf-dist/tex/latex/biblatex/cbx/numeric-comp.cbx)
(/usr/share/texlive/texmf-dist/tex/latex/biblatex/biblatex.cfg)
(/usr/share/texlive/texmf-dist/tex/latex/l3kernel/expl3.sty
(/usr/share/texlive/texmf-dist/tex/latex/l3backend/l3backend-pdftex.def))
(/usr/share/texlive/texmf-dist/tex/latex/biblatex/blx-case-expl3.sty
(/usr/share/texlive/texmf-dist/tex/latex/l3packages/xparse/xparse.sty)))
(/usr/share/texlive/texmf-dist/tex/latex/imakeidx/imakeidx.sty
(/usr/share/texlive/texmf-dist/tex/latex/xkeyval/xkeyval.sty
(/usr/share/texlive/texmf-dist/tex/generic/xkeyval/xkeyval.tex
(/usr/share/texlive/texmf-dist/tex/generic/xkeyval/xkvutils.tex)))
(/usr/share/texlive/texmf-dist/tex/generic/iftex/ifxetex.sty)
(/usr/share/texlive/texmf-dist/tex/generic/iftex/ifluatex.sty)
(/usr/share/texlive/texmf-dist/tex/latex/tools/multicol.sty))
(/usr/share/texlive/texmf-dist/tex/latex/tcolorbox/tcolorbox.sty
(/usr/share/texlive/texmf-dist/tex/latex/tools/verbatim.sty)
(/usr/share/texlive/texmf-dist/tex/latex/environ/environ.sty
(/usr/share/texlive/texmf-dist/tex/latex/trimspaces/trimspaces.sty))
(/usr/share/texlive/texmf-dist/tex/latex/tcolorbox/tcbraster.code.tex
Library (tcolorbox): 'tcbraster.code.tex' version '6.2.0'
) (/usr/share/texlive/texmf-dist/tex/latex/tcolorbox/tcbskins.code.tex
Library (tcolorbox): 'tcbskins.code.tex' version '6.2.0'
(/usr/share/texlive/texmf-dist/tex/latex/tikzfill/tikzfill.image.sty
(/usr/share/texlive/texmf-dist/tex/latex/tikzfill/tikzfill-common.sty)
(/usr/share/texlive/texmf-dist/tex/latex/tikzfill/tikzlibraryfill.image.code.te
x)) (/usr/share/texlive/texmf-dist/tex/latex/tcolorbox/tcbskinsjigsaw.code.tex
Library (tcolorbox): 'tcbskinsjigsaw.code.tex' version '6.2.0'
)) (/usr/share/texlive/texmf-dist/tex/latex/tcolorbox/tcbbreakable.code.tex
Library (tcolorbox): 'tcbbreakable.code.tex' version '6.2.0'
(/usr/share/texlive/texmf-dist/tex/latex/pdfcol/pdfcol.sty))
(/usr/share/texlive/texmf-dist/tex/latex/tcolorbox/tcbhooks.code.tex
Library (tcolorbox): 'tcbhooks.code.tex' version '6.2.0'
) (/usr/share/texlive/texmf-dist/tex/latex/tcolorbox/tcbtheorems.code.tex
Library (tcolorbox): 'tcbtheorems.code.tex' version '6.2.0'
) (/usr/share/texlive/texmf-dist/tex/latex/tcolorbox/tcbfitting.code.tex
Library (tcolorbox): 'tcbfitting.code.tex' version '6.2.0'
) (/usr/share/texlive/texmf-dist/tex/latex/tcolorbox/tcblistingsutf8.code.tex
Library (tcolorbox): 'tcblistingsutf8.code.tex' version '6.2.0'
(/usr/share/texlive/texmf-dist/tex/latex/tcolorbox/tcblistings.code.tex
Library (tcolorbox): 'tcblistings.code.tex' version '6.2.0'
(/usr/share/texlive/texmf-dist/tex/latex/tcolorbox/tcblistingscore.code.tex
Library (tcolorbox): 'tcblistingscore.code.tex' version '6.2.0'
(/usr/share/texlive/texmf-dist/tex/latex/tcolorbox/tcbprocessing.code.tex
Library (tcolorbox): 'tcbprocessing.code.tex' version '6.2.0'
))) (/usr/share/texlive/texmf-dist/tex/latex/listingsutf8/listingsutf8.sty
(/usr/share/texlive/texmf-dist/tex/generic/stringenc/stringenc.sty
(/usr/share/texlive/texmf-dist/tex/generic/pdfescape/pdfescape.sty))))
(/usr/share/texlive/texmf-dist/tex/latex/tcolorbox/tcbexternal.code.tex
Library (tcolorbox): 'tcbexternal.code.tex' version '6.2.0'
) (/usr/share/texlive/texmf-dist/tex/latex/tcolorbox/tcbmagazine.code.tex
Library (tcolorbox): 'tcbmagazine.code.tex' version '6.2.0'
) (/usr/share/texlive/texmf-dist/tex/latex/tcolorbox/tcbvignette.code.tex
Library (tcolorbox): 'tcbvignette.code.tex' version '6.2.0'
) (/usr/share/texlive/texmf-dist/tex/latex/tcolorbox/tcbposter.code.tex
Library (tcolorbox): 'tcbposter.code.tex' version '6.2.0'
)) (/usr/share/texlive/texmf-dist/tex/latex/oberdiek/aliascnt.sty)
(/usr/share/texlive/texmf-dist/tex/latex/psnfss/pifont.sty
(/usr/share/texlive/texmf-dist/tex/latex/psnfss/upzd.fd)
(/usr/share/texlive/texmf-dist/tex/latex/psnfss/upsy.fd))
(/usr/share/texlive/texmf-dist/tex/latex/hyperref/hyperref.sty
(/usr/share/texlive/texmf-dist/tex/generic/kvdefinekeys/kvdefinekeys.sty)
(/usr/share/texlive/texmf-dist/tex/latex/hycolor/hycolor.sty)
(/usr/share/texlive/texmf-dist/tex/latex/auxhook/auxhook.sty)
(/usr/share/texlive/texmf-dist/tex/latex/hyperref/nameref.sty
(/usr/share/texlive/texmf-dist/tex/latex/refcount/refcount.sty)
(/usr/share/texlive/texmf-dist/tex/generic/gettitlestring/gettitlestring.sty))
(/usr/share/texlive/texmf-dist/tex/latex/hyperref/pd1enc.def)
(/usr/share/texlive/texmf-dist/tex/generic/intcalc/intcalc.sty)
(/usr/share/texlive/texmf-dist/tex/latex/hyperref/puenc.def)
(/usr/share/texlive/texmf-dist/tex/generic/bitset/bitset.sty
(/usr/share/texlive/texmf-dist/tex/generic/bigintcalc/bigintcalc.sty))
(/usr/share/texlive/texmf-dist/tex/latex/base/atbegshi-ltx.sty))
(/usr/share/texlive/texmf-dist/tex/latex/hyperref/hpdftex.def
(/usr/share/texlive/texmf-dist/tex/latex/base/atveryend-ltx.sty)
(/usr/share/texlive/texmf-dist/tex/latex/rerunfilecheck/rerunfilecheck.sty
(/usr/share/texlive/texmf-dist/tex/generic/uniquecounter/uniquecounter.sty)))
(/usr/share/texlive/texmf-dist/tex/latex/bookmark/bookmark.sty
(/usr/share/texlive/texmf-dist/tex/latex/bookmark/bkm-pdftex.def))
(/usr/share/texlive/texmf-dist/tex/latex/cleveref/cleveref.sty))
Writing index file only-appB-math-refresher.idx
(/usr/share/texmf/tex/latex/lm/t1lmr.fd)
(build-appB/only-appB-math-refresher.aux
No file chapters/ch01-introduction.aux.
No file chapters/ch02-toolbox.aux.
No file chapters/ch03-dijkstra.aux.
No file chapters/ch04-astar.aux.
No file chapters/ch05-lpastar-dstarlite.aux.
No file chapters/ch06-arastar.aux.
No file chapters/ch07-mapf-problem.aux.
No file chapters/ch08-prioritized-planning.aux.
No file chapters/ch09-cbs.aux.
No file chapters/ch10-ecbs.aux.
No file chapters/ch11-mstar-push-and-swap.aux.
No file chapters/ch12-velocity-obstacles.aux.
No file chapters/ch13-rvo-orca.aux.
No file chapters/ch14-dwa.aux.
No file chapters/ch15-potential-fields.aux.
No file chapters/ch16-rrt.aux.
No file chapters/ch17-rrt-star.aux.
No file chapters/ch18-kalman-filter.aux.
No file chapters/ch19-nonlinear-filters.aux.
No file chapters/ch20-trajectory-prediction.aux.
No file chapters/ch21-mpc.aux.
No file chapters/ch22-milp.aux.
No file chapters/ch23-consensus-formation.aux.
No file chapters/ch24-hybrid-architecture.aux.
No file chapters/ch25-experiments.aux.
No file appendices/appA-study-plan.aux.
(build-appB/appendices/appB-math-refresher.aux)
No file appendices/appC-solutions.aux.
No file appendices/glossary.aux.
)
*geometry* driver: auto-detecting
*geometry* detected driver: pdftex
(/usr/share/texlive/texmf-dist/tex/latex/microtype/mt-cmr.cfg)
(/usr/share/texlive/texmf-dist/tex/context/base/mkii/supp-pdf.mkii
[Loading MPS to PDF converter (version 2006.09.02).]
) (/usr/share/texlive/texmf-dist/tex/latex/epstopdf-pkg/epstopdf-base.sty
(/usr/share/texlive/texmf-dist/tex/latex/latexconfig/epstopdf-sys.cfg))
Package pgfplots notification 'compat/show suggested version=true': document ha
s been generated with the most recent feature set (\pgfplotsset{compat=1.18}).

(/usr/share/texlive/texmf-dist/tex/latex/caption/ltcaption.sty)
(/usr/share/texlive/texmf-dist/tex/latex/biblatex/lbx/english.lbx)
(build-appB/only-appB-math-refresher.bbl) (./frontmatter/titlepage.tex
(/usr/share/texmf/tex/latex/lm/t1lmss.fd) [1{/var/lib/texmf/fonts/map/pdftex/up
dmap/pdftex.map}{/usr/share/texmf/fonts/enc/dvips/lm/lm-ec.enc}])
(./frontmatter/copyright.tex (/usr/share/texmf/tex/latex/lm/ot1lmr.fd)
(/usr/share/texmf/tex/latex/lm/omllmm.fd)
(/usr/share/texmf/tex/latex/lm/omslmsy.fd)
(/usr/share/texmf/tex/latex/lm/omxlmex.fd)
(/usr/share/texlive/texmf-dist/tex/latex/amsfonts/umsa.fd)
(/usr/share/texlive/texmf-dist/tex/latex/microtype/mt-msa.cfg)
(/usr/share/texlive/texmf-dist/tex/latex/amsfonts/umsb.fd)
(/usr/share/texlive/texmf-dist/tex/latex/microtype/mt-msb.cfg)
pdfTeX warning (ext4): destination with the same identifier (name{page.i}) has 
been already used, duplicate ignored
<to be read again> 
                   \relax 
l.24 \clearpage
                [1]) (build-appB/only-appB-math-refresher.toc) [2]
(build-appB/only-appB-math-refresher.loa) (./frontmatter/preface.tex [3]

LaTeX Warning: Reference `ch:appA' on page i undefined on input line 28.

(/usr/share/texmf/tex/latex/lm/ts1lmr.fd) [4{/usr/share/texmf/fonts/enc/dvips/l
m/lm-ts1.enc}]

LaTeX Warning: Reference `ch:ch01' on page i undefined on input line 64.


LaTeX Warning: Reference `ch:ch02' on page i undefined on input line 65.


LaTeX Warning: Reference `ch:ch03' on page i undefined on input line 68.


LaTeX Warning: Reference `ch:ch04' on page i undefined on input line 70.


LaTeX Warning: Reference `ch:ch05' on page i undefined on input line 71.


LaTeX Warning: Reference `ch:ch06' on page i undefined on input line 71.


LaTeX Warning: Reference `ch:ch07' on page i undefined on input line 73.


LaTeX Warning: Reference `ch:ch08' on page i undefined on input line 73.


LaTeX Warning: Reference `ch:ch09' on page i undefined on input line 74.


LaTeX Warning: Reference `ch:ch10' on page i undefined on input line 75.


LaTeX Warning: Reference `ch:ch11' on page i undefined on input line 76.


LaTeX Warning: Reference `ch:ch12' on page i undefined on input line 78.


LaTeX Warning: Reference `ch:ch13' on page i undefined on input line 78.


LaTeX Warning: Reference `ch:ch14' on page i undefined on input line 79.


LaTeX Warning: Reference `ch:ch15' on page i undefined on input line 80.


LaTeX Warning: Reference `ch:ch16' on page i undefined on input line 81.


LaTeX Warning: Reference `ch:ch17' on page i undefined on input line 82.


LaTeX Warning: Reference `ch:ch18' on page i undefined on input line 83.


LaTeX Warning: Reference `ch:ch19' on page i undefined on input line 84.


LaTeX Warning: Reference `ch:ch20' on page i undefined on input line 86.


LaTeX Warning: Reference `ch:ch21' on page i undefined on input line 88.


LaTeX Warning: Reference `ch:ch22' on page i undefined on input line 88.


LaTeX Warning: Reference `ch:ch23' on page i undefined on input line 89.


LaTeX Warning: Reference `ch:ch24' on page i undefined on input line 91.


LaTeX Warning: Reference `ch:ch25' on page i undefined on input line 91.


LaTeX Warning: Reference `ch:ch04' on page i undefined on input line 98.


LaTeX Warning: Reference `ch:ch05' on page i undefined on input line 98.


LaTeX Warning: Reference `ch:ch09' on page i undefined on input line 99.


LaTeX Warning: Reference `ch:ch07' on page i undefined on input line 99.


LaTeX Warning: Reference `ch:ch13' on page i undefined on input line 99.


LaTeX Warning: Reference `ch:ch12' on page i undefined on input line 99.


LaTeX Warning: Reference `ch:ch14' on page i undefined on input line 100.


LaTeX Warning: Reference `ch:ch17' on page i undefined on input line 100.


LaTeX Warning: Reference `ch:ch16' on page i undefined on input line 100.


LaTeX Warning: Reference `ch:ch21' on page i undefined on input line 101.


LaTeX Warning: Reference `ch:ch20' on page i undefined on input line 101.


LaTeX Warning: Reference `ch:ch24' on page i undefined on input line 102.


LaTeX Warning: Reference `ch:appC' on page i undefined on input line 118.

[5] (/usr/share/texmf/tex/latex/lm/t1lmtt.fd)) (./frontmatter/notation.tex
[6{/usr/share/texmf/fonts/enc/dvips/lm/lm-rm.enc}]
(/usr/share/texmf/tex/latex/lm/ot1lmss.fd)

LaTeX Warning: Reference `ch:ch02' on page i undefined on input line 60.


LaTeX Warning: Reference `ch:ch02' on page i undefined on input line 60.


LaTeX Warning: Reference `ch:ch02' on page i undefined on input line 60.


LaTeX Warning: Reference `ch:ch02' on page i undefined on input line 60.


LaTeX Warning: Reference `ch:ch02' on page i undefined on input line 60.


LaTeX Warning: Reference `ch:ch02' on page i undefined on input line 60.


LaTeX Warning: Reference `ch:ch02' on page i undefined on input line 60.


LaTeX Warning: Reference `ch:ch02' on page i undefined on input line 60.


LaTeX Warning: Reference `ch:ch02' on page i undefined on input line 60.


LaTeX Warning: Reference `ch:ch02' on page i undefined on input line 60.


LaTeX Warning: Reference `ch:ch18' on page i undefined on input line 60.


LaTeX Warning: Reference `ch:ch02' on page i undefined on input line 86.


LaTeX Warning: Reference `ch:ch02' on page i undefined on input line 86.


LaTeX Warning: Reference `ch:ch02' on page i undefined on input line 86.


LaTeX Warning: Reference `ch:ch03' on page i undefined on input line 86.


LaTeX Warning: Reference `ch:ch04' on page i undefined on input line 86.


LaTeX Warning: Reference `ch:ch02' on page i undefined on input line 86.


LaTeX Warning: Reference `ch:ch02' on page i undefined on input line 86.


LaTeX Warning: Reference `ch:ch03' on page i undefined on input line 86.


LaTeX Warning: Reference `ch:ch02' on page i undefined on input line 86.


LaTeX Warning: Reference `ch:ch02' on page i undefined on input line 86.


LaTeX Warning: Reference `ch:ch04' on page i undefined on input line 86.


LaTeX Warning: Reference `ch:ch04' on page i undefined on input line 86.


LaTeX Warning: Reference `ch:ch04' on page i undefined on input line 86.


LaTeX Warning: Reference `ch:ch03' on page i undefined on input line 86.


LaTeX Warning: Reference `ch:ch10' on page i undefined on input line 86.


LaTeX Warning: Reference `ch:ch04' on page i undefined on input line 86.


LaTeX Warning: Reference `ch:ch06' on page i undefined on input line 86.


LaTeX Warning: Reference `ch:ch05' on page i undefined on input line 86.


LaTeX Warning: Reference `ch:ch05' on page i undefined on input line 86.

[7{/usr/share/texmf/fonts/enc/dvips/lm/lm-mathit.enc}{/usr/share/texmf/fonts/en
c/dvips/lm/lm-mathsy.enc}]

LaTeX Warning: Reference `ch:ch07' on page i undefined on input line 109.


LaTeX Warning: Reference `ch:ch07' on page i undefined on input line 109.


LaTeX Warning: Reference `ch:ch07' on page i undefined on input line 109.


LaTeX Warning: Reference `ch:ch07' on page i undefined on input line 109.


LaTeX Warning: Reference `ch:ch07' on page i undefined on input line 109.


LaTeX Warning: Reference `ch:ch07' on page i undefined on input line 109.


LaTeX Warning: Reference `ch:ch07' on page i undefined on input line 109.


LaTeX Warning: Reference `ch:ch07' on page i undefined on input line 109.


LaTeX Warning: Reference `ch:ch09' on page i undefined on input line 109.


LaTeX Warning: Reference `ch:ch09' on page i undefined on input line 109.


LaTeX Warning: Reference `ch:ch08' on page i undefined on input line 109.


LaTeX Warning: Reference `ch:ch10' on page i undefined on input line 109.


LaTeX Warning: Reference `ch:ch11' on page i undefined on input line 109.


LaTeX Warning: Reference `ch:ch02' on page i undefined on input line 140.


LaTeX Warning: Reference `ch:ch02' on page i undefined on input line 140.


LaTeX Warning: Reference `ch:ch02' on page i undefined on input line 140.


LaTeX Warning: Reference `ch:ch02' on page i undefined on input line 140.


LaTeX Warning: Reference `ch:ch02' on page i undefined on input line 140.


LaTeX Warning: Reference `ch:ch02' on page i undefined on input line 140.


LaTeX Warning: Reference `ch:ch02' on page i undefined on input line 140.


LaTeX Warning: Reference `ch:ch02' on page i undefined on input line 140.


LaTeX Warning: Reference `ch:ch02' on page i undefined on input line 140.


LaTeX Warning: Reference `ch:ch02' on page i undefined on input line 140.


LaTeX Warning: Reference `ch:ch02' on page i undefined on input line 140.


LaTeX Warning: Reference `ch:ch01' on page i undefined on input line 140.


LaTeX Warning: Reference `ch:ch12' on page i undefined on input line 140.


LaTeX Warning: Reference `ch:ch12' on page i undefined on input line 140.


LaTeX Warning: Reference `ch:ch13' on page i undefined on input line 140.


LaTeX Warning: Reference `ch:ch13' on page i undefined on input line 140.


LaTeX Warning: Reference `ch:ch13' on page i undefined on input line 140.


LaTeX Warning: Reference `ch:ch13' on page i undefined on input line 140.


LaTeX Warning: Reference `ch:ch14' on page i undefined on input line 140.


LaTeX Warning: Reference `ch:ch15' on page i undefined on input line 140.


LaTeX Warning: Reference `ch:ch16' on page i undefined on input line 140.


LaTeX Warning: Reference `ch:ch16' on page i undefined on input line 140.

[8]

LaTeX Warning: Reference `ch:ch02' on page i undefined on input line 167.


LaTeX Warning: Reference `ch:ch02' on page i undefined on input line 167.


LaTeX Warning: Reference `ch:ch02' on page i undefined on input line 167.


LaTeX Warning: Reference `ch:ch02' on page i undefined on input line 167.


LaTeX Warning: Reference `ch:ch02' on page i undefined on input line 167.


LaTeX Warning: Reference `ch:ch18' on page i undefined on input line 167.


LaTeX Warning: Reference `ch:ch18' on page i undefined on input line 167.


LaTeX Warning: Reference `ch:ch18' on page i undefined on input line 167.


LaTeX Warning: Reference `ch:ch18' on page i undefined on input line 167.


LaTeX Warning: Reference `ch:ch18' on page i undefined on input line 167.


LaTeX Warning: Reference `ch:ch19' on page i undefined on input line 167.


LaTeX Warning: Reference `ch:ch19' on page i undefined on input line 167.


LaTeX Warning: Reference `ch:ch18' on page i undefined on input line 167.


LaTeX Warning: Reference `ch:ch19' on page i undefined on input line 167.


LaTeX Warning: Reference `ch:ch20' on page i undefined on input line 167.


LaTeX Warning: Reference `ch:ch20' on page i undefined on input line 167.


LaTeX Warning: Reference `ch:ch20' on page i undefined on input line 167.


LaTeX Warning: Reference `ch:ch21' on page i undefined on input line 174.


LaTeX Warning: Reference `ch:ch02' on page i undefined on input line 178.


LaTeX Warning: Reference `ch:ch21' on page i undefined on input line 178.

[9]

LaTeX Warning: Reference `ch:ch21' on page i undefined on input line 204.


LaTeX Warning: Reference `ch:ch21' on page i undefined on input line 204.


LaTeX Warning: Reference `ch:ch21' on page i undefined on input line 204.


LaTeX Warning: Reference `ch:ch21' on page i undefined on input line 204.


LaTeX Warning: Reference `ch:ch21' on page i undefined on input line 204.


LaTeX Warning: Reference `ch:ch21' on page i undefined on input line 204.


LaTeX Warning: Reference `ch:ch21' on page i undefined on input line 204.


LaTeX Warning: Reference `ch:ch21' on page i undefined on input line 204.


LaTeX Warning: Reference `ch:ch21' on page i undefined on input line 204.


LaTeX Warning: Reference `ch:ch21' on page i undefined on input line 204.


LaTeX Warning: Reference `ch:ch21' on page i undefined on input line 204.


LaTeX Warning: Reference `ch:ch21' on page i undefined on input line 204.


LaTeX Warning: Reference `ch:ch22' on page i undefined on input line 204.


LaTeX Warning: Reference `ch:ch22' on page i undefined on input line 204.


LaTeX Warning: Reference `ch:ch22' on page i undefined on input line 204.


LaTeX Warning: Reference `ch:ch23' on page i undefined on input line 225.


LaTeX Warning: Reference `ch:ch23' on page i undefined on input line 225.


LaTeX Warning: Reference `ch:ch23' on page i undefined on input line 225.


LaTeX Warning: Reference `ch:ch23' on page i undefined on input line 225.


LaTeX Warning: Reference `ch:ch23' on page i undefined on input line 225.


LaTeX Warning: Reference `ch:ch23' on page i undefined on input line 225.


LaTeX Warning: Reference `ch:ch23' on page i undefined on input line 225.


LaTeX Warning: Reference `ch:ch23' on page i undefined on input line 225.


LaTeX Warning: Reference `ch:ch23' on page i undefined on input line 225.


LaTeX Warning: Reference `ch:ch23' on page i undefined on input line 225.


LaTeX Warning: Reference `ch:ch23' on page i undefined on input line 225.

) [10] [1] [2] [3] [4] [5] [6] [7] [8] [9]
(./appendices/appB-math-refresher.tex
Appendix A.
[10]

LaTeX Warning: Reference `ch:ch13' on page 1 undefined on input line 77.


LaTeX Warning: Reference `ch:ch12' on page 1 undefined on input line 77.


LaTeX Warning: Reference `ch:ch02' on page 1 undefined on input line 77.


LaTeX Warning: Reference `ch:ch02' on page 1 undefined on input line 84.


LaTeX Warning: Reference `ch:ch13' on page 1 undefined on input line 89.


LaTeX Warning: Reference `ch:ch12' on page 1 undefined on input line 89.


LaTeX Warning: Reference `ch:ch04' on page 1 undefined on input line 89.


LaTeX Warning: Reference `ch:ch23' on page 1 undefined on input line 122.


LaTeX Warning: Reference `ch:ch21' on page 1 undefined on input line 122.


LaTeX Warning: Reference `ch:ch18' on page 1 undefined on input line 122.

[11{/usr/share/texmf/fonts/enc/dvips/lm/lm-mathex.enc}] [12]

LaTeX Warning: Reference `ch:ch18' on page 1 undefined on input line 287.

[13]

LaTeX Warning: Reference `ch:ch18' on page 1 undefined on input line 325.


LaTeX Warning: Reference `ch:ch21' on page 1 undefined on input line 327.


LaTeX Warning: Reference `ch:ch19' on page 1 undefined on input line 332.


LaTeX Warning: Reference `ch:ch18' on page 1 undefined on input line 332.


LaTeX Warning: Reference `ch:ch20' on page 1 undefined on input line 355.

[14]

LaTeX Warning: Reference `ch:ch15' on page 1 undefined on input line 369.


LaTeX Warning: Reference `ch:ch19' on page 1 undefined on input line 387.


LaTeX Warning: Reference `ch:ch02' on page 1 undefined on input line 411.

[15]

LaTeX Warning: Reference `ch:ch18' on page 1 undefined on input line 430.


LaTeX Warning: Reference `ch:ch21' on page 1 undefined on input line 433.


LaTeX Warning: Reference `ch:ch14' on page 1 undefined on input line 434.


LaTeX Warning: Reference `ch:ch19' on page 1 undefined on input line 474.


LaTeX Warning: Reference `ch:ch18' on page 1 undefined on input line 474.

[16]

LaTeX Warning: Reference `ch:ch02' on page 1 undefined on input line 493.


LaTeX Warning: Reference `ch:ch18' on page 1 undefined on input line 512.

[17]

LaTeX Warning: Reference `ch:ch18' on page 1 undefined on input line 565.

(./figures/appB/gaussian-conditioning.tex) [18]

LaTeX Warning: Reference `ch:ch19' on page 1 undefined on input line 624.


LaTeX Warning: Reference `ch:ch18' on page 1 undefined on input line 624.


LaTeX Warning: Reference `ch:ch19' on page 1 undefined on input line 637.


LaTeX Warning: Reference `ch:ch25' on page 1 undefined on input line 659.


LaTeX Warning: Reference `ch:ch19' on page 1 undefined on input line 666.

[19]

LaTeX Warning: Reference `ch:ch19' on page 1 undefined on input line 689.


LaTeX Warning: Reference `ch:ch18' on page 1 undefined on input line 689.


LaTeX Warning: Reference `ch:ch24' on page 1 undefined on input line 690.


LaTeX Warning: Reference `ch:ch13' on page 1 undefined on input line 712.


LaTeX Warning: Reference `ch:ch12' on page 1 undefined on input line 713.

[20]

LaTeX Warning: Reference `ch:ch21' on page 1 undefined on input line 732.


LaTeX Warning: Reference `ch:ch15' on page 1 undefined on input line 733.

(./figures/appB/convexity.tex)

LaTeX Warning: Reference `ch:ch13' on page 1 undefined on input line 739.


LaTeX Warning: Reference `ch:ch12' on page 1 undefined on input line 739.


LaTeX Warning: Reference `ch:ch13' on page 1 undefined on input line 739.


LaTeX Warning: Reference `ch:ch12' on page 1 undefined on input line 739.


LaTeX Warning: Reference `ch:ch21' on page 1 undefined on input line 774.

[21]

LaTeX Warning: Reference `ch:ch22' on page 1 undefined on input line 810.


LaTeX Warning: Reference `ch:ch13' on page 1 undefined on input line 812.

(./figures/appB/lp-geometry.tex)

LaTeX Warning: Reference `ch:ch21' on page 1 undefined on input line 838.

[22]

LaTeX Warning: Reference `ch:ch22' on page 1 undefined on input line 881.

[23]

LaTeX Warning: Reference `ch:ch22' on page 1 undefined on input line 898.

[24] (./figures/appB/gradient-descent.tex)

LaTeX Warning: Reference `ch:ch15' on page 1 undefined on input line 948.


LaTeX Warning: Reference `ch:ch20' on page 1 undefined on input line 951.


LaTeX Warning: Reference `ch:ch23' on page 1 undefined on input line 964.

[25]

LaTeX Warning: Reference `ch:ch23' on page 1 undefined on input line 1008.

(./figures/appB/laplacian.tex)

LaTeX Warning: Reference `ch:ch03' on page 1 undefined on input line 1043.


LaTeX Warning: Reference `ch:ch04' on page 1 undefined on input line 1045.


LaTeX Warning: Reference `ch:ch08' on page 1 undefined on input line 1050.


LaTeX Warning: Reference `ch:ch04' on page 1 undefined on input line 1050.

[26]

LaTeX Warning: Reference `ch:ch03' on page 1 undefined on input line 1071.


LaTeX Warning: Reference `ch:ch10' on page 1 undefined on input line 1074.


LaTeX Warning: Reference `ch:ch09' on page 1 undefined on input line 1074.


LaTeX Warning: Reference `ch:ch04' on page 1 undefined on input line 1128.


LaTeX Warning: Reference `ch:ch03' on page 1 undefined on input line 1128.

[27]

LaTeX Warning: Reference `ch:ch04' on page 1 undefined on input line 1137.

[28]) [29] [30]Input index file only-appB-math-refresher.idx not found.
Usage: makeindex [-ilqrcgLT] [-s sty] [-o ind] [-t log] [-p num] [idx0 idx1 ...]
system returned with code 256
 (build-appB/only-appB-math-refresher.ind) [31]
(build-appB/only-appB-math-refresher.aux
No file chapters/ch01-introduction.aux.
No file chapters/ch02-toolbox.aux.
No file chapters/ch03-dijkstra.aux.
No file chapters/ch04-astar.aux.
No file chapters/ch05-lpastar-dstarlite.aux.
No file chapters/ch06-arastar.aux.
No file chapters/ch07-mapf-problem.aux.
No file chapters/ch08-prioritized-planning.aux.
No file chapters/ch09-cbs.aux.
No file chapters/ch10-ecbs.aux.
No file chapters/ch11-mstar-push-and-swap.aux.
No file chapters/ch12-velocity-obstacles.aux.
No file chapters/ch13-rvo-orca.aux.
No file chapters/ch14-dwa.aux.
No file chapters/ch15-potential-fields.aux.
No file chapters/ch16-rrt.aux.
No file chapters/ch17-rrt-star.aux.
No file chapters/ch18-kalman-filter.aux.
No file chapters/ch19-nonlinear-filters.aux.
No file chapters/ch20-trajectory-prediction.aux.
No file chapters/ch21-mpc.aux.
No file chapters/ch22-milp.aux.
No file chapters/ch23-consensus-formation.aux.
No file chapters/ch24-hybrid-architecture.aux.
No file chapters/ch25-experiments.aux.
No file appendices/appA-study-plan.aux.
(build-appB/appendices/appB-math-refresher.aux)
No file appendices/appC-solutions.aux.
No file appendices/glossary.aux.
)

LaTeX Warning: There were undefined references.

 ) )
(see the transcript file for additional information)</usr/share/texmf/fonts/typ
e1/public/lm/lmbx10.pfb></usr/share/texmf/fonts/type1/public/lm/lmbx12.pfb></us
r/share/texmf/fonts/type1/public/lm/lmbx7.pfb></usr/share/texmf/fonts/type1/pub
lic/lm/lmbx8.pfb></usr/share/texmf/fonts/type1/public/lm/lmbx9.pfb></usr/share/
texmf/fonts/type1/public/lm/lmbxi10.pfb></usr/share/texmf/fonts/type1/public/lm
/lmcsc10.pfb></usr/share/texmf/fonts/type1/public/lm/lmex10.pfb></usr/share/tex
mf/fonts/type1/public/lm/lmmi10.pfb></usr/share/texmf/fonts/type1/public/lm/lmm
i6.pfb></usr/share/texmf/fonts/type1/public/lm/lmmi7.pfb></usr/share/texmf/font
s/type1/public/lm/lmmi8.pfb></usr/share/texmf/fonts/type1/public/lm/lmmi9.pfb><
/usr/share/texmf/fonts/type1/public/lm/lmr10.pfb></usr/share/texmf/fonts/type1/
public/lm/lmr6.pfb></usr/share/texmf/fonts/type1/public/lm/lmr7.pfb></usr/share
/texmf/fonts/type1/public/lm/lmr8.pfb></usr/share/texmf/fonts/type1/public/lm/l
mr9.pfb></usr/share/texmf/fonts/type1/public/lm/lmri10.pfb></usr/share/texmf/fo
nts/type1/public/lm/lmss10.pfb></usr/share/texmf/fonts/type1/public/lm/lmss12.p
fb></usr/share/texmf/fonts/type1/public/lm/lmss8.pfb></usr/share/texmf/fonts/ty
pe1/public/lm/lmssbx10.pfb></usr/share/texmf/fonts/type1/public/lm/lmsy10.pfb><
/usr/share/texmf/fonts/type1/public/lm/lmsy6.pfb></usr/share/texmf/fonts/type1/
public/lm/lmsy7.pfb></usr/share/texmf/fonts/type1/public/lm/lmsy8.pfb></usr/sha
re/texmf/fonts/type1/public/lm/lmsy9.pfb></usr/share/texmf/fonts/type1/public/l
m/lmtk10.pfb></usr/share/texmf/fonts/type1/public/lm/lmtt10.pfb></usr/share/tex
live/texmf-dist/fonts/type1/public/amsfonts/symbols/msbm10.pfb></usr/share/texl
ive/texmf-dist/fonts/type1/urw/zapfding/uzdr.pfb>
Output written on build-appB/only-appB-math-refresher.pdf (42 pages, 750491 byt
es).
SyncTeX written on build-appB/only-appB-math-refresher.synctex.gz.
Transcript written on build-appB/only-appB-math-refresher.log.
Latexmk: Missing input file 'chapters/ch01-introduction.aux' (or dependence on it) from following:
  No file chapters/ch01-introduction.aux.
Latexmk: Missing input file 'chapters/ch02-toolbox.aux' (or dependence on it) from following:
  No file chapters/ch02-toolbox.aux.
Latexmk: Missing input file 'chapters/ch03-dijkstra.aux' (or dependence on it) from following:
  No file chapters/ch03-dijkstra.aux.
Latexmk: Missing input file 'chapters/ch04-astar.aux' (or dependence on it) from following:
  No file chapters/ch04-astar.aux.
Latexmk: Missing input file 'chapters/ch05-lpastar-dstarlite.aux' (or dependence on it) from following:
  No file chapters/ch05-lpastar-dstarlite.aux.
Latexmk: Missing input file 'chapters/ch06-arastar.aux' (or dependence on it) from following:
  No file chapters/ch06-arastar.aux.
Latexmk: Missing input file 'chapters/ch07-mapf-problem.aux' (or dependence on it) from following:
  No file chapters/ch07-mapf-problem.aux.
Latexmk: Missing input file 'chapters/ch08-prioritized-planning.aux' (or dependence on it) from following:
  No file chapters/ch08-prioritized-planning.aux.
Latexmk: Missing input file 'chapters/ch09-cbs.aux' (or dependence on it) from following:
  No file chapters/ch09-cbs.aux.
Latexmk: Missing input file 'chapters/ch10-ecbs.aux' (or dependence on it) from following:
  No file chapters/ch10-ecbs.aux.
Latexmk: Missing input file 'chapters/ch11-mstar-push-and-swap.aux' (or dependence on it) from following:
  No file chapters/ch11-mstar-push-and-swap.aux.
Latexmk: Missing input file 'chapters/ch12-velocity-obstacles.aux' (or dependence on it) from following:
  No file chapters/ch12-velocity-obstacles.aux.
Latexmk: Missing input file 'chapters/ch13-rvo-orca.aux' (or dependence on it) from following:
  No file chapters/ch13-rvo-orca.aux.
Latexmk: Missing input file 'chapters/ch14-dwa.aux' (or dependence on it) from following:
  No file chapters/ch14-dwa.aux.
Latexmk: Missing input file 'chapters/ch15-potential-fields.aux' (or dependence on it) from following:
  No file chapters/ch15-potential-fields.aux.
Latexmk: Missing input file 'chapters/ch16-rrt.aux' (or dependence on it) from following:
  No file chapters/ch16-rrt.aux.
Latexmk: Missing input file 'chapters/ch17-rrt-star.aux' (or dependence on it) from following:
  No file chapters/ch17-rrt-star.aux.
Latexmk: Missing input file 'chapters/ch18-kalman-filter.aux' (or dependence on it) from following:
  No file chapters/ch18-kalman-filter.aux.
Latexmk: Missing input file 'chapters/ch19-nonlinear-filters.aux' (or dependence on it) from following:
  No file chapters/ch19-nonlinear-filters.aux.
Latexmk: Missing input file 'chapters/ch20-trajectory-prediction.aux' (or dependence on it) from following:
  No file chapters/ch20-trajectory-prediction.aux.
Latexmk: Missing input file 'chapters/ch21-mpc.aux' (or dependence on it) from following:
  No file chapters/ch21-mpc.aux.
Latexmk: Missing input file 'chapters/ch22-milp.aux' (or dependence on it) from following:
  No file chapters/ch22-milp.aux.
Latexmk: Missing input file 'chapters/ch23-consensus-formation.aux' (or dependence on it) from following:
  No file chapters/ch23-consensus-formation.aux.
Latexmk: Missing input file 'chapters/ch24-hybrid-architecture.aux' (or dependence on it) from following:
  No file chapters/ch24-hybrid-architecture.aux.
Latexmk: Missing input file 'chapters/ch25-experiments.aux' (or dependence on it) from following:
  No file chapters/ch25-experiments.aux.
Latexmk: Missing input file 'appendices/appA-study-plan.aux' (or dependence on it) from following:
  No file appendices/appA-study-plan.aux.
Latexmk: Missing input file 'appendices/appC-solutions.aux' (or dependence on it) from following:
  No file appendices/appC-solutions.aux.
Latexmk: Missing input file 'appendices/glossary.aux' (or dependence on it) from following:
  No file appendices/glossary.aux.
Latexmk: Missing input file 'chapters/ch01-introduction.aux' (or dependence on it) from following:
  No file chapters/ch01-introduction.aux.
Latexmk: Missing input file 'chapters/ch02-toolbox.aux' (or dependence on it) from following:
  No file chapters/ch02-toolbox.aux.
Latexmk: Missing input file 'chapters/ch03-dijkstra.aux' (or dependence on it) from following:
  No file chapters/ch03-dijkstra.aux.
Latexmk: Missing input file 'chapters/ch04-astar.aux' (or dependence on it) from following:
  No file chapters/ch04-astar.aux.
Latexmk: Missing input file 'chapters/ch05-lpastar-dstarlite.aux' (or dependence on it) from following:
  No file chapters/ch05-lpastar-dstarlite.aux.
Latexmk: Missing input file 'chapters/ch06-arastar.aux' (or dependence on it) from following:
  No file chapters/ch06-arastar.aux.
Latexmk: Missing input file 'chapters/ch07-mapf-problem.aux' (or dependence on it) from following:
  No file chapters/ch07-mapf-problem.aux.
Latexmk: Missing input file 'chapters/ch08-prioritized-planning.aux' (or dependence on it) from following:
  No file chapters/ch08-prioritized-planning.aux.
Latexmk: Missing input file 'chapters/ch09-cbs.aux' (or dependence on it) from following:
  No file chapters/ch09-cbs.aux.
Latexmk: Missing input file 'chapters/ch10-ecbs.aux' (or dependence on it) from following:
  No file chapters/ch10-ecbs.aux.
Latexmk: Missing input file 'chapters/ch11-mstar-push-and-swap.aux' (or dependence on it) from following:
  No file chapters/ch11-mstar-push-and-swap.aux.
Latexmk: Missing input file 'chapters/ch12-velocity-obstacles.aux' (or dependence on it) from following:
  No file chapters/ch12-velocity-obstacles.aux.
Latexmk: Missing input file 'chapters/ch13-rvo-orca.aux' (or dependence on it) from following:
  No file chapters/ch13-rvo-orca.aux.
Latexmk: Missing input file 'chapters/ch14-dwa.aux' (or dependence on it) from following:
  No file chapters/ch14-dwa.aux.
Latexmk: Missing input file 'chapters/ch15-potential-fields.aux' (or dependence on it) from following:
  No file chapters/ch15-potential-fields.aux.
Latexmk: Missing input file 'chapters/ch16-rrt.aux' (or dependence on it) from following:
  No file chapters/ch16-rrt.aux.
Latexmk: Missing input file 'chapters/ch17-rrt-star.aux' (or dependence on it) from following:
  No file chapters/ch17-rrt-star.aux.
Latexmk: Missing input file 'chapters/ch18-kalman-filter.aux' (or dependence on it) from following:
  No file chapters/ch18-kalman-filter.aux.
Latexmk: Missing input file 'chapters/ch19-nonlinear-filters.aux' (or dependence on it) from following:
  No file chapters/ch19-nonlinear-filters.aux.
Latexmk: Missing input file 'chapters/ch20-trajectory-prediction.aux' (or dependence on it) from following:
  No file chapters/ch20-trajectory-prediction.aux.
Latexmk: Missing input file 'chapters/ch21-mpc.aux' (or dependence on it) from following:
  No file chapters/ch21-mpc.aux.
Latexmk: Missing input file 'chapters/ch22-milp.aux' (or dependence on it) from following:
  No file chapters/ch22-milp.aux.
Latexmk: Missing input file 'chapters/ch23-consensus-formation.aux' (or dependence on it) from following:
  No file chapters/ch23-consensus-formation.aux.
Latexmk: Missing input file 'chapters/ch24-hybrid-architecture.aux' (or dependence on it) from following:
  No file chapters/ch24-hybrid-architecture.aux.
Latexmk: Missing input file 'chapters/ch25-experiments.aux' (or dependence on it) from following:
  No file chapters/ch25-experiments.aux.
Latexmk: Missing input file 'appendices/appA-study-plan.aux' (or dependence on it) from following:
  No file appendices/appA-study-plan.aux.
Latexmk: Missing input file 'appendices/appC-solutions.aux' (or dependence on it) from following:
  No file appendices/appC-solutions.aux.
Latexmk: Missing input file 'appendices/glossary.aux' (or dependence on it) from following:
  No file appendices/glossary.aux.
Latexmk: ====Undefined refs and citations with line #s in .tex file:
  Reference `ch:appA' on page i undefined on input line 28
  Reference `ch:ch01' on page i undefined on input line 64
  Reference `ch:ch02' on page i undefined on input line 65
  Reference `ch:ch03' on page i undefined on input line 68
  Reference `ch:ch04' on page i undefined on input line 70
  Reference `ch:ch05' on page i undefined on input line 71
  Reference `ch:ch06' on page i undefined on input line 71
 And 206 more --- see log file 'build-appB/only-appB-math-refresher.log'
Latexmk: Getting log file 'build-appB/only-appB-math-refresher.log'
Latexmk: Examining 'build-appB/only-appB-math-refresher.fls'
Latexmk: Examining 'build-appB/only-appB-math-refresher.log'
Latexmk: Index file 'build-appB/only-appB-math-refresher.idx' was written
Latexmk: Found input bbl file 'build-appB/only-appB-math-refresher.bbl'
Latexmk: Log file says output to 'build-appB/only-appB-math-refresher.pdf'
Latexmk: Log file says output to 'build-appB/only-appB-math-refresher.pdf'
Latexmk: Bibliography file(s) from .bcf file:
  bib/ch01-extra.bib
  bib/ch02-extra.bib
  bib/ch03-extra.bib
  bib/ch04-extra.bib
  bib/ch05-extra.bib
  bib/ch06-extra.bib
  bib/ch07-extra.bib
  bib/ch08-extra.bib
  bib/ch09-extra.bib
  bib/ch10-extra.bib
  bib/ch11-extra.bib
  bib/ch12-extra.bib
  bib/ch13-extra.bib
  bib/ch14-extra.bib
  bib/ch15-extra.bib
  bib/ch16-extra.bib
  bib/ch17-extra.bib
  bib/ch18-extra.bib
  bib/ch19-extra.bib
  bib/ch20-extra.bib
  bib/ch21-extra.bib
  bib/ch22-extra.bib
  bib/ch23-extra.bib
  bib/ch24-extra.bib
  bib/ch25-extra.bib
  references.bib
Latexmk: Summary of warnings from last run of *latex:
  Latex failed to resolve 213 reference(s)
Latexmk: All targets (build-appB/only-appB-math-refresher.pdf) are up-to-date

